Job_ID,Job_Title,Company,City,State,Country,Work_Mode,Experience_Level,Experience_Years,Salary_LPA,Open_Positions,Skills,Industry,Annual_Salary_INR,Applications,Education,Employment_Type,Posting_Date,Company_Rating,Job_Status
1,ML Engineer,Infosys,Hyderabad,Tamil Nadu,India,Hybrid,Senior,6,28,10,"Python,SQL",Retail,359448,457,Master,Contract,2026-02-04,88,Open
2,BI Developer,Wipro,Delhi,Karnataka,India,Remote,Mid,0,3,4,"Azure,Python",Education,319304,480,Master,Internship,2026-06-28,63,Closed
3,ML Engineer,Accenture,Pune,Maharashtra,India,Remote,Mid,3,24,11,"Python,Pandas",Healthcare,345067,213,Bachelor,Full-time,2026-01-08,90,Closed
4,Software Engineer,Capgemini,Delhi,Delhi,India,Onsite,Associate,4,12,19,"Tableau,SQL",Retail,1535227,436,Bachelor,Contract,2026-01-31,65,Closed
5,Software Engineer,TCS,Hyderabad,Delhi,India,Onsite,Mid,1,17,20,"Python,SQL",Finance,1392487,430,Master,Contract,2026-04-17,81,Open
6,Data Analyst,Wipro,Delhi,Delhi,India,Onsite,Senior,2,8,20,"Power BI,SQL",IT Services,718416,276,Bachelor,Contract,2026-05-01,82,Closed
7,Data Scientist,Google,Hyderabad,Delhi,India,Onsite,Entry,6,28,20,"Power BI,SQL",Education,1477252,105,Master,Full-time,2026-05-28,80,Closed
8,ML Engineer,Accenture,Mumbai,Maharashtra,India,Hybrid,Senior,5,3,14,"Python,Pandas",Education,358667,411,Bachelor,Internship,2026-05-26,61,Open
9,ML Engineer,Wipro,Chennai,Tamil Nadu,India,Remote,Senior,0,27,12,"Power BI,SQL",Healthcare,529614,408,Bachelor,Contract,2026-01-24,68,Open
10,Business Analyst,Wipro,Mumbai,Karnataka,India,Hybrid,Mid,7,25,14,"Python,Pandas",Retail,539475,12,Master,Contract,2026-02-12,71,Closed
11,Data Scientist,Infosys,Hyderabad,Delhi,India,Onsite,Senior,0,10,4,"Python,Pandas",Finance,374084,368,Bachelor,Contract,2026-02-18,95,Closed
12,Business Analyst,Microsoft,Pune,Karnataka,India,Onsite,Entry,6,24,14,"Azure,Python",Retail,423281,377,Master,Full-time,2026-05-20,63,Open
13,Data Analyst,Infosys,Hyderabad,Telangana,India,Remote,Senior,4,7,4,"Tableau,SQL",IT Services,1538544,419,Bachelor,Internship,2026-03-20,79,Open
14,ML Engineer,Microsoft,Chennai,Maharashtra,India,Hybrid,Entry,3,21,17,"Tableau,SQL",Finance,1332534,53,Master,Contract,2026-06-30,82,Closed
15,Data Scientist,Amazon,Pune,Telangana,India,Remote,Associate,5,28,8,"Excel,SQL",Retail,746755,136,Bachelor,Contract,2026-01-05,85,Closed
16,ML Engineer,Google,Mumbai,Karnataka,India,Onsite,Entry,1,7,9,"Power BI,SQL",Education,746626,137,Master,Internship,2026-06-25,82,Closed
17,Data Scientist,Capgemini,Chennai,Telangana,India,Onsite,Senior,2,21,7,"Excel,SQL",IT Services,1152699,37,Master,Full-time,2026-04-05,58,Closed
18,ML Engineer,Amazon,Pune,Tamil Nadu,India,Onsite,Associate,1,11,15,"Excel,SQL",Education,1420496,473,Bachelor,Contract,2026-01-30,67,Open
19,Data Scientist,TechNova,Mumbai,Tamil Nadu,India,Hybrid,Entry,0,9,11,"Tableau,SQL",Retail,639780,59,Master,Full-time,2026-01-12,93,Open
20,Software Engineer,Infosys,Pune,Maharashtra,India,Hybrid,Mid,7,13,7,"Power BI,SQL",Healthcare,383089,13,Bachelor,Contract,2026-02-10,96,Closed
21,BI Developer,Capgemini,Pune,Tamil Nadu,India,Hybrid,Senior,1,11,10,"Tableau,SQL",Education,1743238,240,Master,Contract,2026-04-26,61,Open
22,Business Analyst,Accenture,Hyderabad,Tamil Nadu,India,Remote,Senior,1,23,14,"Power BI,SQL",Retail,943373,21,Master,Full-time,2026-03-20,70,Closed
23,Data Scientist,Infosys,Mumbai,Delhi,India,Onsite,Entry,3,10,4,"Power BI,SQL",Retail,451681,137,Bachelor,Internship,2026-03-04,54,Open
24,Data Analyst,Wipro,Hyderabad,Maharashtra,India,Remote,Entry,8,27,14,"Python,SQL",Education,1695125,88,Bachelor,Full-time,2026-06-12,59,Closed
25,Data Analyst,Microsoft,Mumbai,Telangana,India,Remote,Associate,8,26,5,"Excel,SQL",Education,1709702,464,Bachelor,Full-time,2026-03-20,69,Closed
26,Business Analyst,TechNova,Delhi,Karnataka,India,Remote,Senior,6,20,12,"Tableau,SQL",Retail,1428393,232,Bachelor,Contract,2026-05-18,71,Open
27,BI Developer,TechNova,Delhi,Maharashtra,India,Remote,Entry,5,21,8,"Tableau,SQL",Finance,590446,132,Master,Contract,2026-03-08,86,Closed
28,ML Engineer,Infosys,Bengaluru,Maharashtra,India,Remote,Mid,8,23,18,"Azure,Python",Finance,799907,160,Master,Internship,2026-02-14,80,Open
29,Data Scientist,Microsoft,Mumbai,Telangana,India,Remote,Entry,1,27,20,"Azure,Python",Healthcare,634428,261,Bachelor,Contract,2026-04-16,69,Closed
30,Data Scientist,TCS,Delhi,Maharashtra,India,Remote,Entry,8,21,16,"Power BI,SQL",Finance,825536,218,Bachelor,Internship,2026-05-22,96,Open
31,Software Engineer,Zoho,Delhi,Telangana,India,Onsite,Associate,8,26,5,"Tableau,SQL",IT Services,835159,321,Bachelor,Contract,2026-05-07,97,Open
32,ML Engineer,Infosys,Pune,Karnataka,India,Hybrid,Senior,2,13,18,"Power BI,SQL",Education,1323339,491,Bachelor,Full-time,2026-02-05,77,Closed
33,Software Engineer,Wipro,Hyderabad,Karnataka,India,Onsite,Entry,3,19,18,"Tableau,SQL",IT Services,364609,321,Bachelor,Contract,2026-01-31,63,Open
34,Business Analyst,Microsoft,Bengaluru,Telangana,India,Onsite,Mid,7,28,9,"Tableau,SQL",Healthcare,1329301,215,Bachelor,Full-time,2026-03-14,86,Closed
35,Data Scientist,Infosys,Chennai,Tamil Nadu,India,Onsite,Entry,8,12,8,"Python,SQL",Education,1083762,293,Master,Contract,2026-02-22,82,Closed
36,Data Scientist,TechNova,Chennai,Maharashtra,India,Hybrid,Mid,4,20,16,"Excel,SQL",Education,1332426,57,Master,Contract,2026-05-16,63,Open
37,Software Engineer,Amazon,Delhi,Delhi,India,Hybrid,Senior,4,25,9,"Python,Pandas",Education,1702660,271,Bachelor,Contract,2026-03-13,83,Open
38,BI Developer,Amazon,Pune,Maharashtra,India,Onsite,Entry,7,26,11,"Azure,Python",Healthcare,1620524,10,Master,Internship,2026-06-23,90,Open
39,BI Developer,Wipro,Bengaluru,Tamil Nadu,India,Remote,Mid,4,28,17,"Azure,Python",Education,936839,77,Master,Contract,2026-06-12,81,Open
40,ML Engineer,TechNova,Hyderabad,Delhi,India,Onsite,Senior,1,14,6,"Azure,Python",Retail,341400,84,Bachelor,Internship,2026-04-30,55,Closed
41,Software Engineer,Wipro,Mumbai,Telangana,India,Onsite,Associate,3,13,12,"Python,SQL",IT Services,1766318,425,Master,Contract,2026-06-12,82,Open
42,Data Scientist,Microsoft,Hyderabad,Telangana,India,Onsite,Associate,6,20,16,"Power BI,SQL",Retail,844256,443,Master,Internship,2026-02-13,64,Closed
43,Software Engineer,Accenture,Delhi,Tamil Nadu,India,Hybrid,Mid,6,27,11,"Excel,SQL",Finance,452126,320,Bachelor,Internship,2026-06-06,78,Open
44,Data Scientist,Google,Mumbai,Karnataka,India,Remote,Senior,5,12,16,"Power BI,SQL",IT Services,732410,367,Master,Full-time,2026-06-05,56,Open
45,Data Scientist,Google,Chennai,Karnataka,India,Remote,Entry,3,24,5,"Python,Pandas",Education,1585929,226,Master,Internship,2026-04-12,67,Open
46,Software Engineer,TCS,Chennai,Karnataka,India,Remote,Senior,7,15,9,"Power BI,SQL",Finance,894839,236,Master,Full-time,2026-06-06,78,Closed
47,BI Developer,Amazon,Chennai,Karnataka,India,Remote,Entry,0,30,19,"Excel,SQL",Retail,1516880,147,Bachelor,Contract,2026-03-26,60,Open
48,Data Analyst,Zoho,Bengaluru,Delhi,India,Onsite,Senior,4,7,6,"Python,Pandas",Healthcare,330286,18,Bachelor,Internship,2026-01-08,58,Open
49,Data Analyst,Zoho,Chennai,Karnataka,India,Hybrid,Associate,4,24,10,"Azure,Python",Retail,1117264,168,Master,Contract,2026-03-12,91,Open
50,Data Analyst,Amazon,Mumbai,Karnataka,India,Hybrid,Entry,5,20,17,"Tableau,SQL",Finance,1792434,450,Master,Internship,2026-03-04,54,Closed
51,Software Engineer,Infosys,Hyderabad,Karnataka,India,Remote,Entry,3,30,17,"Python,SQL",IT Services,1636143,46,Master,Internship,2026-06-06,73,Open
52,Data Analyst,TCS,Mumbai,Tamil Nadu,India,Onsite,Associate,6,27,18,"Python,SQL",Education,866208,46,Master,Contract,2026-03-22,55,Closed
53,BI Developer,TechNova,Delhi,Telangana,India,Onsite,Associate,4,28,16,"Python,SQL",Healthcare,497254,217,Bachelor,Internship,2026-01-09,85,Open
54,Data Scientist,Microsoft,Pune,Delhi,India,Remote,Associate,7,19,20,"Tableau,SQL",IT Services,910954,380,Bachelor,Full-time,2026-03-26,73,Closed
55,Data Scientist,Infosys,Pune,Telangana,India,Onsite,Entry,0,12,14,"Python,Pandas",Healthcare,968570,180,Master,Contract,2026-05-14,97,Open
56,Data Analyst,TCS,Hyderabad,Telangana,India,Onsite,Entry,7,11,19,"Python,Pandas",Healthcare,1098024,417,Bachelor,Internship,2026-05-15,53,Open
57,ML Engineer,Google,Mumbai,Telangana,India,Onsite,Mid,5,28,15,"Python,Pandas",Healthcare,1274277,306,Master,Internship,2026-01-13,82,Open
58,Business Analyst,Wipro,Delhi,Karnataka,India,Remote,Entry,2,27,17,"Azure,Python",Education,405077,415,Bachelor,Internship,2026-01-08,93,Closed
59,Business Analyst,Wipro,Chennai,Delhi,India,Onsite,Entry,1,28,10,"Azure,Python",Finance,1372643,441,Master,Full-time,2026-01-28,87,Closed
60,Software Engineer,Wipro,Bengaluru,Karnataka,India,Hybrid,Associate,6,17,15,"Tableau,SQL",Finance,1311159,371,Bachelor,Contract,2026-05-05,76,Open
61,Software Engineer,Microsoft,Pune,Delhi,India,Remote,Senior,8,28,17,"Python,SQL",Healthcare,1261447,3,Bachelor,Contract,2026-01-03,94,Open
62,Data Analyst,Wipro,Mumbai,Telangana,India,Onsite,Mid,8,16,20,"Python,Pandas",Education,1621132,297,Master,Contract,2026-05-19,69,Open
63,BI Developer,Amazon,Bengaluru,Delhi,India,Hybrid,Entry,6,26,5,"Excel,SQL",Retail,1143346,144,Bachelor,Full-time,2026-05-10,55,Open
64,Data Scientist,Google,Hyderabad,Telangana,India,Onsite,Senior,5,15,18,"Python,SQL",Retail,1043433,74,Master,Full-time,2026-04-09,51,Open
65,Data Scientist,TCS,Mumbai,Telangana,India,Hybrid,Mid,6,25,12,"Python,Pandas",Healthcare,1318784,110,Master,Contract,2026-03-08,95,Closed
66,Data Analyst,TCS,Bengaluru,Karnataka,India,Onsite,Entry,1,11,8,"Python,Pandas",IT Services,1137036,332,Bachelor,Full-time,2026-01-24,55,Closed
67,Data Analyst,Microsoft,Bengaluru,Delhi,India,Hybrid,Entry,1,26,17,"Azure,Python",IT Services,856446,350,Master,Full-time,2026-06-06,80,Open
68,Software Engineer,Infosys,Pune,Tamil Nadu,India,Hybrid,Mid,8,18,16,"Python,SQL",Education,1304935,54,Bachelor,Contract,2026-02-24,89,Open
69,ML Engineer,Wipro,Pune,Delhi,India,Hybrid,Associate,5,30,19,"Python,SQL",IT Services,1678421,177,Master,Full-time,2026-02-12,84,Closed
70,Data Analyst,Accenture,Mumbai,Telangana,India,Onsite,Associate,6,7,8,"Excel,SQL",Finance,1155046,287,Bachelor,Internship,2026-03-18,88,Open
71,Data Scientist,Wipro,Pune,Telangana,India,Hybrid,Associate,7,14,19,"Power BI,SQL",Healthcare,669431,310,Bachelor,Internship,2026-04-16,87,Closed
72,Business Analyst,TechNova,Mumbai,Telangana,India,Onsite,Associate,3,13,19,"Python,Pandas",Healthcare,548317,65,Bachelor,Internship,2026-05-17,66,Open
73,Software Engineer,Microsoft,Delhi,Tamil Nadu,India,Remote,Entry,3,21,10,"Tableau,SQL",Education,1683920,452,Master,Contract,2026-01-23,70,Open
74,Data Scientist,Amazon,Bengaluru,Tamil Nadu,India,Remote,Mid,5,11,20,"Python,Pandas",IT Services,555131,168,Master,Full-time,2026-01-06,57,Closed
75,Software Engineer,Amazon,Chennai,Telangana,India,Remote,Entry,4,13,11,"Excel,SQL",Education,404367,185,Bachelor,Full-time,2026-02-06,58,Closed
76,Software Engineer,Accenture,Chennai,Telangana,India,Remote,Mid,1,14,8,"Tableau,SQL",Healthcare,1149688,46,Master,Internship,2026-04-06,76,Closed
77,Business Analyst,Wipro,Mumbai,Karnataka,India,Onsite,Entry,2,10,10,"Python,Pandas",Healthcare,1444954,10,Master,Internship,2026-03-19,67,Closed
78,Business Analyst,Zoho,Delhi,Tamil Nadu,India,Hybrid,Entry,8,14,20,"Azure,Python",Education,363782,316,Master,Contract,2026-05-02,93,Open
79,Data Analyst,Amazon,Bengaluru,Karnataka,India,Hybrid,Mid,4,8,8,"Python,Pandas",Retail,1150688,60,Bachelor,Contract,2026-02-09,68,Open
80,Data Analyst,TCS,Pune,Delhi,India,Hybrid,Entry,6,22,17,"Excel,SQL",Healthcare,1156541,207,Master,Full-time,2026-05-18,56,Closed
81,Software Engineer,TechNova,Chennai,Tamil Nadu,India,Remote,Mid,8,11,15,"Python,Pandas",Finance,1603992,122,Bachelor,Internship,2026-01-10,72,Open
82,Data Analyst,Capgemini,Pune,Telangana,India,Onsite,Entry,6,16,16,"Excel,SQL",Healthcare,1015623,225,Bachelor,Internship,2026-01-30,89,Open
83,Data Scientist,Infosys,Mumbai,Karnataka,India,Onsite,Senior,5,27,7,"Tableau,SQL",IT Services,1307169,459,Bachelor,Contract,2026-01-15,90,Open
84,Software Engineer,Accenture,Chennai,Karnataka,India,Hybrid,Associate,7,26,19,"Excel,SQL",Retail,1666144,395,Bachelor,Contract,2026-04-12,78,Closed
85,Data Analyst,Amazon,Pune,Telangana,India,Remote,Entry,6,16,7,"Python,SQL",IT Services,683706,234,Master,Internship,2026-05-19,82,Closed
86,Business Analyst,Microsoft,Chennai,Telangana,India,Hybrid,Senior,3,20,16,"Python,SQL",Education,823185,216,Bachelor,Internship,2026-02-09,61,Closed
87,Business Analyst,Infosys,Mumbai,Delhi,India,Remote,Senior,0,19,10,"Python,Pandas",Finance,384841,479,Bachelor,Internship,2026-06-19,82,Open
88,BI Developer,Google,Chennai,Delhi,India,Remote,Senior,1,20,7,"Azure,Python",Retail,394328,500,Bachelor,Full-time,2026-03-05,51,Closed
89,Data Scientist,Zoho,Bengaluru,Delhi,India,Onsite,Mid,8,23,18,"Tableau,SQL",Retail,1461444,85,Master,Internship,2026-04-30,74,Open
90,Data Scientist,Capgemini,Bengaluru,Telangana,India,Hybrid,Associate,1,26,15,"Excel,SQL",Finance,842047,130,Master,Contract,2026-05-07,74,Closed
91,BI Developer,TechNova,Bengaluru,Karnataka,India,Remote,Associate,1,28,10,"Tableau,SQL",Retail,802956,295,Bachelor,Internship,2026-05-25,79,Closed
92,Data Analyst,Infosys,Bengaluru,Tamil Nadu,India,Onsite,Senior,6,16,8,"Tableau,SQL",Education,570901,344,Bachelor,Full-time,2026-02-20,74,Open
93,Business Analyst,Zoho,Hyderabad,Karnataka,India,Hybrid,Associate,5,18,13,"Python,SQL",Education,926912,106,Master,Full-time,2026-03-15,68,Open
94,Data Scientist,Google,Hyderabad,Delhi,India,Remote,Mid,2,28,8,"Azure,Python",IT Services,535966,437,Master,Internship,2026-06-07,87,Open
95,ML Engineer,Microsoft,Pune,Tamil Nadu,India,Remote,Senior,8,7,12,"Azure,Python",IT Services,553527,414,Bachelor,Internship,2026-02-23,74,Closed
96,ML Engineer,Accenture,Hyderabad,Tamil Nadu,India,Remote,Associate,6,11,17,"Python,Pandas",Healthcare,1335942,50,Bachelor,Full-time,2026-05-20,85,Open
97,Data Analyst,Google,Bengaluru,Maharashtra,India,Onsite,Mid,3,6,6,"Azure,Python",IT Services,1186396,426,Master,Full-time,2026-04-27,61,Open
98,BI Developer,Microsoft,Hyderabad,Karnataka,India,Hybrid,Entry,5,4,18,"Python,SQL",Education,670734,456,Bachelor,Contract,2026-05-11,80,Open
99,ML Engineer,Infosys,Mumbai,Maharashtra,India,Hybrid,Mid,6,11,15,"Python,Pandas",IT Services,1458028,485,Master,Full-time,2026-05-30,77,Closed
100,Software Engineer,Capgemini,Bengaluru,Delhi,India,Onsite,Mid,1,30,15,"Python,Pandas",Retail,1390172,404,Bachelor,Internship,2026-05-31,87,Open
101,ML Engineer,Microsoft,Chennai,Tamil Nadu,India,Hybrid,Mid,8,4,15,"Tableau,SQL",IT Services,1316961,458,Bachelor,Internship,2026-01-10,78,Closed
102,ML Engineer,TechNova,Bengaluru,Telangana,India,Remote,Associate,2,21,7,"Python,Pandas",Healthcare,1366696,215,Master,Contract,2026-05-09,66,Closed
103,Software Engineer,Infosys,Delhi,Karnataka,India,Hybrid,Mid,1,5,9,"Excel,SQL",Retail,474678,64,Master,Internship,2026-01-10,96,Closed
104,Business Analyst,Infosys,Hyderabad,Maharashtra,India,Onsite,Mid,3,29,6,"Tableau,SQL",Healthcare,1012329,474,Master,Internship,2026-03-02,58,Open
105,Data Scientist,TechNova,Chennai,Telangana,India,Onsite,Associate,8,4,20,"Python,Pandas",Finance,714031,119,Bachelor,Internship,2026-04-24,58,Open
106,BI Developer,Accenture,Chennai,Telangana,India,Hybrid,Mid,3,23,4,"Python,SQL",Retail,367663,84,Master,Internship,2026-03-10,52,Open
107,Data Analyst,Microsoft,Bengaluru,Tamil Nadu,India,Remote,Associate,7,12,11,"Python,Pandas",Education,1078836,166,Master,Internship,2026-02-28,54,Open
108,Business Analyst,Accenture,Delhi,Delhi,India,Onsite,Senior,7,14,4,"Python,Pandas",IT Services,519714,337,Master,Internship,2026-06-02,87,Closed
109,Data Analyst,Zoho,Bengaluru,Delhi,India,Onsite,Senior,7,22,19,"Power BI,SQL",Healthcare,1716911,419,Master,Internship,2026-03-28,98,Closed
110,ML Engineer,Wipro,Hyderabad,Telangana,India,Onsite,Entry,7,17,15,"Power BI,SQL",Education,1231462,107,Master,Contract,2026-06-05,94,Open
111,BI Developer,TechNova,Delhi,Tamil Nadu,India,Remote,Mid,8,26,5,"Excel,SQL",Retail,331375,166,Master,Contract,2026-04-09,87,Open
112,Software Engineer,Infosys,Hyderabad,Tamil Nadu,India,Onsite,Entry,2,27,13,"Python,Pandas",Education,1014667,119,Bachelor,Internship,2026-02-23,94,Open
113,Software Engineer,Amazon,Delhi,Telangana,India,Hybrid,Senior,6,19,18,"Python,SQL",Finance,1155028,480,Bachelor,Internship,2026-05-10,52,Open
114,Business Analyst,Accenture,Delhi,Maharashtra,India,Remote,Associate,4,26,15,"Python,SQL",Healthcare,1231705,254,Bachelor,Internship,2026-06-11,59,Open
115,BI Developer,Microsoft,Hyderabad,Delhi,India,Hybrid,Entry,4,28,12,"Python,Pandas",IT Services,951638,385,Bachelor,Internship,2026-04-05,81,Open
116,Business Analyst,Amazon,Delhi,Telangana,India,Hybrid,Associate,0,6,20,"Tableau,SQL",Education,641969,66,Master,Full-time,2026-05-09,54,Open
117,Software Engineer,TechNova,Pune,Tamil Nadu,India,Remote,Entry,0,20,14,"Excel,SQL",IT Services,1582446,4,Bachelor,Contract,2026-01-01,62,Closed
118,ML Engineer,Microsoft,Mumbai,Telangana,India,Remote,Associate,6,4,11,"Tableau,SQL",Retail,374127,169,Master,Contract,2026-03-17,57,Open
119,Business Analyst,Microsoft,Delhi,Tamil Nadu,India,Remote,Associate,2,12,7,"Python,SQL",Healthcare,606810,32,Master,Full-time,2026-05-25,64,Open
120,Data Scientist,TechNova,Mumbai,Tamil Nadu,India,Remote,Associate,2,6,5,"Power BI,SQL",IT Services,543133,44,Bachelor,Contract,2026-03-15,95,Closed
121,BI Developer,Accenture,Delhi,Tamil Nadu,India,Hybrid,Associate,5,14,15,"Python,Pandas",Education,1102054,442,Master,Full-time,2026-05-15,77,Open
122,Data Scientist,TCS,Mumbai,Tamil Nadu,India,Remote,Senior,4,20,13,"Excel,SQL",Healthcare,1158273,233,Master,Contract,2026-05-06,70,Closed
123,ML Engineer,TechNova,Hyderabad,Karnataka,India,Remote,Mid,2,30,8,"Power BI,SQL",Retail,1652442,321,Bachelor,Full-time,2026-05-01,60,Open
124,Data Scientist,Accenture,Hyderabad,Telangana,India,Hybrid,Senior,4,5,17,"Power BI,SQL",Education,1040843,453,Master,Full-time,2026-06-06,59,Closed
125,Software Engineer,TCS,Pune,Delhi,India,Remote,Associate,5,26,15,"Tableau,SQL",Healthcare,1356131,321,Master,Contract,2026-01-18,91,Open
126,BI Developer,TechNova,Hyderabad,Delhi,India,Remote,Entry,3,29,13,"Excel,SQL",Education,1145058,125,Master,Full-time,2026-02-17,64,Closed
127,ML Engineer,TechNova,Bengaluru,Tamil Nadu,India,Remote,Mid,8,11,8,"Power BI,SQL",Finance,458118,159,Master,Contract,2026-06-28,87,Closed
128,ML Engineer,Capgemini,Bengaluru,Maharashtra,India,Hybrid,Associate,3,27,8,"Power BI,SQL",Finance,344458,83,Master,Contract,2026-02-16,61,Open
129,Data Analyst,Amazon,Bengaluru,Karnataka,India,Hybrid,Associate,5,8,4,"Power BI,SQL",Healthcare,1307394,282,Bachelor,Full-time,2026-04-03,73,Closed
130,Data Scientist,TCS,Pune,Tamil Nadu,India,Hybrid,Mid,5,28,6,"Python,Pandas",Healthcare,1171461,435,Bachelor,Contract,2026-05-24,54,Closed
131,Business Analyst,Capgemini,Bengaluru,Telangana,India,Hybrid,Mid,7,16,4,"Excel,SQL",Finance,1628974,148,Bachelor,Full-time,2026-01-05,77,Closed
132,Business Analyst,Wipro,Hyderabad,Delhi,India,Onsite,Mid,4,24,9,"Excel,SQL",Finance,1037602,48,Master,Contract,2026-06-06,83,Open
133,BI Developer,TCS,Pune,Karnataka,India,Onsite,Associate,1,26,6,"Python,SQL",Education,1363525,241,Master,Internship,2026-04-12,70,Open
134,Software Engineer,Google,Pune,Tamil Nadu,India,Onsite,Senior,2,21,15,"Python,SQL",Healthcare,1040096,224,Bachelor,Internship,2026-05-25,91,Closed
135,BI Developer,Capgemini,Bengaluru,Karnataka,India,Hybrid,Entry,5,21,14,"Power BI,SQL",Education,1328479,244,Bachelor,Internship,2026-01-23,64,Open
136,Software Engineer,TCS,Mumbai,Karnataka,India,Hybrid,Entry,5,11,8,"Power BI,SQL",Healthcare,576066,92,Master,Full-time,2026-04-24,85,Closed
137,BI Developer,Microsoft,Mumbai,Telangana,India,Onsite,Mid,3,12,8,"Azure,Python",IT Services,1014009,60,Master,Contract,2026-04-30,95,Open
138,BI Developer,Google,Mumbai,Maharashtra,India,Remote,Entry,1,26,7,"Python,SQL",Education,1112773,70,Master,Contract,2026-06-08,61,Closed
139,ML Engineer,Amazon,Chennai,Delhi,India,Onsite,Senior,7,15,13,"Excel,SQL",Finance,1553857,139,Bachelor,Full-time,2026-04-25,85,Open
140,Data Analyst,Microsoft,Bengaluru,Maharashtra,India,Hybrid,Mid,1,15,5,"Azure,Python",Retail,883424,476,Master,Contract,2026-06-21,71,Open
141,BI Developer,Microsoft,Pune,Delhi,India,Hybrid,Associate,5,7,15,"Power BI,SQL",Education,705792,115,Bachelor,Contract,2026-02-12,91,Open
142,Software Engineer,Infosys,Pune,Tamil Nadu,India,Remote,Mid,8,13,12,"Python,Pandas",IT Services,1112706,249,Master,Contract,2026-01-27,97,Closed
143,ML Engineer,Zoho,Hyderabad,Telangana,India,Remote,Senior,2,17,8,"Python,Pandas",IT Services,1428505,63,Master,Contract,2026-06-14,81,Closed
144,Data Scientist,Microsoft,Mumbai,Maharashtra,India,Hybrid,Senior,8,9,9,"Power BI,SQL",Education,719767,439,Bachelor,Full-time,2026-05-29,70,Open
145,BI Developer,TechNova,Hyderabad,Telangana,India,Onsite,Senior,3,28,13,"Power BI,SQL",Healthcare,1133492,357,Master,Internship,2026-03-26,61,Open
146,Software Engineer,Capgemini,Mumbai,Delhi,India,Remote,Entry,5,15,10,"Azure,Python",Healthcare,500788,222,Bachelor,Contract,2026-04-10,55,Closed
147,Data Analyst,Microsoft,Delhi,Karnataka,India,Remote,Senior,6,13,20,"Excel,SQL",Finance,706726,81,Bachelor,Internship,2026-02-09,60,Open
148,BI Developer,Amazon,Mumbai,Karnataka,India,Remote,Mid,5,22,8,"Python,SQL",Healthcare,665221,115,Bachelor,Internship,2026-01-31,81,Closed
149,Software Engineer,Infosys,Bengaluru,Delhi,India,Onsite,Associate,3,14,8,"Excel,SQL",Healthcare,436003,196,Master,Full-time,2026-01-09,83,Closed
150,Software Engineer,Accenture,Bengaluru,Tamil Nadu,India,Onsite,Mid,0,11,20,"Power BI,SQL",IT Services,522067,416,Bachelor,Contract,2026-02-20,71,Open
151,Software Engineer,Amazon,Mumbai,Maharashtra,India,Hybrid,Associate,6,14,15,"Python,Pandas",Retail,1214775,188,Bachelor,Full-time,2026-04-25,54,Open
152,Business Analyst,TechNova,Bengaluru,Maharashtra,India,Onsite,Senior,1,4,9,"Tableau,SQL",IT Services,392951,220,Master,Contract,2026-03-02,58,Open
153,Software Engineer,Capgemini,Pune,Telangana,India,Onsite,Entry,8,17,8,"Azure,Python",Education,1063484,299,Bachelor,Contract,2026-06-27,57,Open
154,Software Engineer,Infosys,Pune,Karnataka,India,Hybrid,Associate,2,12,4,"Python,Pandas",IT Services,1313095,34,Master,Full-time,2026-06-12,80,Open
155,ML Engineer,Zoho,Delhi,Delhi,India,Hybrid,Associate,8,15,19,"Azure,Python",Healthcare,1218269,59,Bachelor,Full-time,2026-02-02,87,Closed
156,Data Analyst,Capgemini,Chennai,Karnataka,India,Onsite,Entry,0,19,17,"Power BI,SQL",IT Services,944607,249,Bachelor,Internship,2026-01-27,77,Closed
157,Software Engineer,TechNova,Delhi,Delhi,India,Hybrid,Senior,7,10,12,"Excel,SQL",Retail,1226172,273,Bachelor,Contract,2026-04-11,82,Open
158,BI Developer,Google,Hyderabad,Delhi,India,Remote,Mid,8,24,16,"Azure,Python",Retail,1737066,286,Master,Contract,2026-06-30,98,Open
159,Data Analyst,Infosys,Bengaluru,Maharashtra,India,Hybrid,Mid,4,28,13,"Power BI,SQL",IT Services,1352438,70,Master,Full-time,2026-03-20,78,Closed
160,Data Scientist,Microsoft,Hyderabad,Karnataka,India,Remote,Associate,4,22,6,"Python,Pandas",Healthcare,325113,331,Master,Internship,2026-05-26,82,Open
161,BI Developer,Infosys,Chennai,Telangana,India,Onsite,Senior,1,22,19,"Tableau,SQL",Healthcare,1535272,447,Bachelor,Full-time,2026-05-25,60,Open
162,Data Analyst,TechNova,Chennai,Delhi,India,Hybrid,Associate,2,20,8,"Power BI,SQL",Finance,488054,257,Master,Internship,2026-06-07,86,Closed
163,ML Engineer,TCS,Hyderabad,Delhi,India,Remote,Mid,0,3,17,"Tableau,SQL",Healthcare,1295334,216,Master,Full-time,2026-03-10,61,Open
164,Data Analyst,Zoho,Pune,Telangana,India,Onsite,Associate,2,28,11,"Power BI,SQL",IT Services,1066584,34,Master,Contract,2026-06-23,63,Open
165,Business Analyst,Microsoft,Pune,Tamil Nadu,India,Onsite,Entry,7,12,12,"Azure,Python",Healthcare,737353,408,Bachelor,Internship,2026-03-07,90,Closed
166,Data Analyst,Zoho,Pune,Delhi,India,Remote,Associate,7,23,7,"Excel,SQL",Education,1214682,102,Master,Full-time,2026-06-19,65,Open
167,ML Engineer,Infosys,Bengaluru,Maharashtra,India,Onsite,Senior,6,20,17,"Python,SQL",Retail,596704,217,Bachelor,Full-time,2026-05-06,68,Closed
168,BI Developer,Infosys,Bengaluru,Delhi,India,Hybrid,Senior,4,19,7,"Excel,SQL",Finance,1476950,365,Master,Internship,2026-06-07,93,Open
169,Software Engineer,Infosys,Hyderabad,Maharashtra,India,Remote,Mid,2,28,6,"Python,Pandas",Retail,358490,245,Bachelor,Internship,2026-05-24,75,Closed
170,ML Engineer,TechNova,Pune,Tamil Nadu,India,Onsite,Entry,3,24,5,"Python,Pandas",IT Services,915729,312,Bachelor,Contract,2026-03-01,52,Open
171,Data Analyst,Amazon,Hyderabad,Telangana,India,Remote,Senior,5,30,14,"Power BI,SQL",Healthcare,1403587,127,Master,Internship,2026-01-19,64,Open
172,Software Engineer,Accenture,Hyderabad,Telangana,India,Hybrid,Mid,0,24,19,"Excel,SQL",Finance,609441,497,Bachelor,Full-time,2026-06-12,55,Closed
173,Business Analyst,TCS,Bengaluru,Delhi,India,Remote,Mid,6,25,10,"Power BI,SQL",IT Services,1234744,110,Master,Full-time,2026-04-13,94,Closed
174,Software Engineer,Wipro,Mumbai,Maharashtra,India,Remote,Entry,1,29,11,"Python,SQL",Education,1272174,365,Master,Full-time,2026-02-26,88,Open
175,BI Developer,Microsoft,Chennai,Karnataka,India,Remote,Mid,3,19,13,"Excel,SQL",Healthcare,1032857,136,Master,Full-time,2026-04-28,51,Open
176,BI Developer,TechNova,Bengaluru,Tamil Nadu,India,Hybrid,Mid,1,10,7,"Power BI,SQL",IT Services,708266,325,Bachelor,Internship,2026-06-10,88,Open
177,Software Engineer,TechNova,Mumbai,Karnataka,India,Remote,Entry,3,7,6,"Python,SQL",Finance,971756,467,Bachelor,Internship,2026-04-23,84,Closed
178,BI Developer,TechNova,Mumbai,Telangana,India,Hybrid,Senior,6,19,20,"Tableau,SQL",Retail,884990,45,Bachelor,Contract,2026-02-19,86,Closed
179,ML Engineer,Accenture,Mumbai,Tamil Nadu,India,Remote,Mid,2,10,14,"Python,Pandas",IT Services,1156534,372,Master,Internship,2026-02-04,54,Open
180,ML Engineer,Zoho,Mumbai,Maharashtra,India,Hybrid,Entry,3,9,13,"Azure,Python",Retail,928241,465,Bachelor,Internship,2026-02-03,67,Open
181,ML Engineer,Microsoft,Bengaluru,Karnataka,India,Remote,Senior,2,4,16,"Excel,SQL",IT Services,616606,410,Bachelor,Full-time,2026-05-18,95,Closed
182,Business Analyst,Accenture,Mumbai,Maharashtra,India,Remote,Senior,3,5,8,"Excel,SQL",Education,1295810,252,Master,Contract,2026-05-02,87,Open
183,Data Scientist,Zoho,Hyderabad,Maharashtra,India,Remote,Senior,1,8,15,"Python,SQL",IT Services,1179724,448,Master,Full-time,2026-04-24,98,Closed
184,Software Engineer,Accenture,Pune,Telangana,India,Remote,Mid,0,11,20,"Tableau,SQL",Healthcare,572198,292,Bachelor,Contract,2026-01-29,93,Closed
185,Software Engineer,Accenture,Pune,Maharashtra,India,Onsite,Mid,1,12,12,"Python,SQL",Education,477128,166,Bachelor,Full-time,2026-04-24,68,Open
186,BI Developer,Capgemini,Pune,Maharashtra,India,Hybrid,Entry,7,21,6,"Azure,Python",IT Services,424164,9,Master,Full-time,2026-02-13,67,Closed
187,ML Engineer,Google,Mumbai,Telangana,India,Hybrid,Mid,3,30,11,"Excel,SQL",IT Services,348052,225,Bachelor,Contract,2026-02-15,59,Open
188,Data Analyst,Zoho,Chennai,Karnataka,India,Remote,Senior,8,29,20,"Power BI,SQL",IT Services,1186144,113,Master,Internship,2026-03-01,83,Closed
189,Data Analyst,Amazon,Delhi,Maharashtra,India,Hybrid,Senior,4,17,14,"Tableau,SQL",IT Services,464205,241,Master,Full-time,2026-02-18,77,Open
190,ML Engineer,Microsoft,Delhi,Delhi,India,Remote,Mid,6,26,19,"Excel,SQL",Healthcare,1784014,233,Master,Internship,2026-05-20,74,Closed
191,Data Scientist,Microsoft,Mumbai,Delhi,India,Hybrid,Entry,1,11,16,"Power BI,SQL",Healthcare,1532920,129,Master,Full-time,2026-03-03,60,Closed
192,Business Analyst,TCS,Chennai,Maharashtra,India,Remote,Entry,1,17,18,"Python,SQL",IT Services,869256,26,Master,Internship,2026-01-29,91,Open
193,ML Engineer,Google,Chennai,Telangana,India,Hybrid,Senior,4,5,11,"Azure,Python",Retail,1476557,178,Master,Contract,2026-04-02,95,Closed
194,Data Scientist,TCS,Bengaluru,Tamil Nadu,India,Hybrid,Senior,1,23,14,"Tableau,SQL",Finance,604736,391,Bachelor,Internship,2026-05-31,63,Closed
195,Business Analyst,Capgemini,Mumbai,Delhi,India,Onsite,Associate,3,12,9,"Azure,Python",Finance,1656312,204,Master,Contract,2026-06-30,72,Open
196,Data Analyst,TechNova,Hyderabad,Karnataka,India,Remote,Senior,7,19,12,"Python,Pandas",Education,1008736,473,Master,Contract,2026-05-17,55,Open
197,ML Engineer,Google,Bengaluru,Tamil Nadu,India,Remote,Entry,2,11,10,"Azure,Python",Retail,1143594,365,Master,Internship,2026-02-05,93,Closed
198,BI Developer,Infosys,Delhi,Maharashtra,India,Remote,Entry,5,7,4,"Azure,Python",Retail,1636576,28,Master,Contract,2026-05-23,92,Open
199,ML Engineer,Google,Hyderabad,Delhi,India,Onsite,Mid,6,25,5,"Tableau,SQL",Retail,1739634,353,Bachelor,Contract,2026-06-27,75,Open
200,Data Analyst,TechNova,Mumbai,Delhi,India,Hybrid,Associate,6,26,5,"Power BI,SQL",Healthcare,1383025,358,Master,Internship,2026-05-25,60,Closed
201,ML Engineer,Amazon,Hyderabad,Tamil Nadu,India,Onsite,Senior,2,13,9,"Python,Pandas",Retail,1510882,474,Bachelor,Internship,2026-03-17,91,Open
202,ML Engineer,Amazon,Pune,Telangana,India,Hybrid,Entry,4,8,12,"Python,Pandas",Healthcare,561809,130,Bachelor,Full-time,2026-06-04,92,Open
203,Business Analyst,Google,Bengaluru,Karnataka,India,Remote,Entry,1,29,7,"Azure,Python",IT Services,1514324,336,Bachelor,Full-time,2026-04-30,66,Closed
204,Data Scientist,Infosys,Chennai,Maharashtra,India,Onsite,Associate,2,20,19,"Power BI,SQL",Healthcare,1568249,203,Bachelor,Contract,2026-02-07,83,Open
205,Data Analyst,TechNova,Mumbai,Telangana,India,Hybrid,Entry,0,30,5,"Azure,Python",Healthcare,1450793,156,Master,Contract,2026-06-11,74,Open
206,Business Analyst,Wipro,Delhi,Karnataka,India,Onsite,Entry,5,30,18,"Python,SQL",Retail,1709650,79,Master,Full-time,2026-06-15,73,Closed
207,Data Scientist,Amazon,Bengaluru,Delhi,India,Onsite,Entry,3,25,19,"Excel,SQL",Finance,1156487,342,Master,Contract,2026-02-24,89,Closed
208,Data Scientist,TechNova,Mumbai,Telangana,India,Onsite,Mid,3,9,11,"Azure,Python",Finance,1088835,177,Master,Full-time,2026-01-29,81,Open
209,BI Developer,Infosys,Mumbai,Telangana,India,Remote,Entry,6,15,8,"Python,SQL",Retail,1386360,341,Bachelor,Full-time,2026-04-20,63,Closed
210,Software Engineer,Capgemini,Hyderabad,Telangana,India,Remote,Entry,3,11,19,"Tableau,SQL",Education,333439,175,Bachelor,Full-time,2026-04-04,94,Open
211,Software Engineer,Accenture,Chennai,Maharashtra,India,Hybrid,Mid,3,6,4,"Python,Pandas",Healthcare,1502032,168,Master,Contract,2026-03-08,87,Closed
212,ML Engineer,Wipro,Hyderabad,Delhi,India,Hybrid,Associate,7,14,13,"Azure,Python",IT Services,522677,304,Bachelor,Full-time,2026-04-14,89,Open
213,BI Developer,Wipro,Pune,Maharashtra,India,Remote,Entry,6,7,10,"Python,Pandas",Retail,1335474,50,Master,Internship,2026-05-18,60,Closed
214,Software Engineer,Wipro,Mumbai,Tamil Nadu,India,Hybrid,Associate,4,29,20,"Excel,SQL",Retail,579692,223,Master,Internship,2026-02-25,70,Open
215,Data Analyst,Wipro,Mumbai,Delhi,India,Hybrid,Mid,4,8,13,"Excel,SQL",Healthcare,612555,132,Master,Internship,2026-03-13,78,Closed
216,BI Developer,TechNova,Chennai,Delhi,India,Hybrid,Entry,8,26,13,"Python,SQL",Retail,528190,489,Master,Full-time,2026-02-13,50,Closed
217,ML Engineer,Capgemini,Mumbai,Maharashtra,India,Remote,Entry,0,13,4,"Azure,Python",Retail,354666,86,Master,Internship,2026-03-03,89,Open
218,Data Scientist,TCS,Chennai,Tamil Nadu,India,Hybrid,Entry,6,12,17,"Python,SQL",Finance,999648,214,Master,Internship,2026-04-20,63,Open
219,Software Engineer,Zoho,Delhi,Karnataka,India,Onsite,Senior,1,28,17,"Azure,Python",Retail,757533,130,Bachelor,Contract,2026-03-28,52,Closed
220,Business Analyst,Amazon,Hyderabad,Maharashtra,India,Hybrid,Mid,1,12,5,"Python,Pandas",Finance,833559,280,Bachelor,Full-time,2026-01-22,52,Closed
221,Data Analyst,Amazon,Mumbai,Telangana,India,Onsite,Senior,5,6,12,"Power BI,SQL",Education,1761329,102,Bachelor,Full-time,2026-05-22,94,Closed
222,ML Engineer,TechNova,Bengaluru,Maharashtra,India,Remote,Entry,8,16,9,"Python,SQL",Retail,1669733,212,Bachelor,Full-time,2026-05-16,64,Open
223,BI Developer,Microsoft,Mumbai,Telangana,India,Onsite,Mid,3,19,12,"Python,Pandas",Finance,1707436,149,Master,Internship,2026-06-06,59,Closed
224,ML Engineer,Wipro,Mumbai,Karnataka,India,Onsite,Entry,1,9,12,"Power BI,SQL",Healthcare,760628,83,Bachelor,Internship,2026-04-03,64,Closed
225,Data Scientist,Accenture,Delhi,Telangana,India,Remote,Entry,2,26,19,"Python,Pandas",Healthcare,1068713,207,Master,Internship,2026-03-09,62,Closed
226,Data Scientist,Google,Mumbai,Karnataka,India,Hybrid,Associate,6,4,6,"Excel,SQL",IT Services,1335211,106,Master,Contract,2026-03-13,52,Closed
227,Data Analyst,Amazon,Pune,Maharashtra,India,Hybrid,Mid,7,27,10,"Azure,Python",Retail,1121201,148,Bachelor,Full-time,2026-03-28,96,Open
228,Data Scientist,Capgemini,Mumbai,Maharashtra,India,Hybrid,Entry,6,4,17,"Tableau,SQL",Finance,536316,117,Master,Contract,2026-06-30,61,Open
229,ML Engineer,Infosys,Delhi,Telangana,India,Onsite,Senior,2,15,19,"Tableau,SQL",Finance,378387,257,Bachelor,Internship,2026-02-26,65,Open
230,Data Scientist,Microsoft,Chennai,Tamil Nadu,India,Hybrid,Associate,0,12,8,"Power BI,SQL",IT Services,627991,301,Master,Contract,2026-01-31,98,Open
231,Business Analyst,TCS,Mumbai,Maharashtra,India,Hybrid,Senior,2,22,6,"Python,Pandas",Finance,727631,37,Bachelor,Full-time,2026-01-19,62,Open
232,Data Scientist,Infosys,Mumbai,Telangana,India,Hybrid,Mid,2,24,19,"Python,Pandas",Education,1507338,363,Bachelor,Full-time,2026-05-21,85,Open
233,Software Engineer,Zoho,Hyderabad,Karnataka,India,Onsite,Senior,5,24,9,"Python,SQL",IT Services,1070258,441,Master,Full-time,2026-04-22,92,Closed
234,Data Scientist,Capgemini,Bengaluru,Maharashtra,India,Onsite,Senior,8,12,10,"Power BI,SQL",Education,762175,144,Bachelor,Internship,2026-05-27,55,Open
235,ML Engineer,Accenture,Delhi,Telangana,India,Onsite,Entry,6,9,5,"Excel,SQL",Healthcare,1603061,107,Master,Full-time,2026-04-19,98,Closed
236,BI Developer,Accenture,Delhi,Tamil Nadu,India,Onsite,Entry,6,8,4,"Tableau,SQL",Retail,1317726,188,Master,Full-time,2026-03-25,91,Closed
237,Business Analyst,Microsoft,Chennai,Delhi,India,Remote,Associate,5,4,8,"Python,Pandas",Finance,1248092,74,Bachelor,Contract,2026-04-10,82,Closed
238,Data Analyst,Microsoft,Chennai,Tamil Nadu,India,Hybrid,Senior,5,9,5,"Tableau,SQL",Retail,762529,493,Master,Full-time,2026-06-27,60,Open
239,ML Engineer,Capgemini,Delhi,Telangana,India,Onsite,Associate,3,12,7,"Tableau,SQL",IT Services,376901,319,Master,Full-time,2026-02-20,83,Open
240,ML Engineer,Infosys,Pune,Karnataka,India,Remote,Associate,5,24,15,"Python,Pandas",Finance,1139428,237,Bachelor,Contract,2026-04-27,73,Open
241,Business Analyst,Amazon,Hyderabad,Telangana,India,Remote,Entry,7,28,16,"Excel,SQL",Finance,927425,376,Bachelor,Internship,2026-03-14,71,Closed
242,Data Analyst,TechNova,Chennai,Karnataka,India,Hybrid,Mid,0,11,20,"Excel,SQL",IT Services,1643173,127,Bachelor,Full-time,2026-02-24,98,Closed
243,Data Scientist,Google,Chennai,Maharashtra,India,Hybrid,Senior,3,10,20,"Tableau,SQL",Retail,1489131,135,Bachelor,Full-time,2026-03-30,59,Closed
244,Data Scientist,Infosys,Mumbai,Karnataka,India,Onsite,Associate,2,15,8,"Tableau,SQL",Healthcare,707507,66,Bachelor,Internship,2026-02-08,94,Open
245,Data Analyst,Amazon,Hyderabad,Telangana,India,Remote,Associate,0,5,18,"Azure,Python",Retail,1797536,203,Master,Internship,2026-02-02,58,Closed
246,Data Scientist,Google,Hyderabad,Telangana,India,Remote,Mid,0,12,11,"Azure,Python",IT Services,1347478,30,Bachelor,Full-time,2026-04-20,88,Closed
247,Software Engineer,Accenture,Bengaluru,Maharashtra,India,Onsite,Senior,3,21,12,"Power BI,SQL",Finance,638733,46,Master,Contract,2026-01-01,55,Open
248,Business Analyst,Accenture,Hyderabad,Delhi,India,Hybrid,Entry,6,21,15,"Power BI,SQL",Finance,1596004,52,Master,Full-time,2026-05-23,93,Closed
249,Data Analyst,Google,Pune,Karnataka,India,Remote,Mid,5,15,15,"Tableau,SQL",Healthcare,1202495,264,Bachelor,Full-time,2026-06-06,76,Closed
250,Software Engineer,Google,Hyderabad,Tamil Nadu,India,Hybrid,Entry,3,12,17,"Azure,Python",Finance,701625,142,Bachelor,Full-time,2026-05-15,87,Closed
251,Software Engineer,Infosys,Hyderabad,Delhi,India,Remote,Senior,3,17,17,"Python,SQL",Finance,1333582,412,Master,Internship,2026-01-15,68,Closed
252,ML Engineer,Zoho,Bengaluru,Delhi,India,Hybrid,Senior,1,21,15,"Tableau,SQL",Education,688206,31,Bachelor,Full-time,2026-01-23,51,Closed
253,Business Analyst,Microsoft,Mumbai,Maharashtra,India,Hybrid,Associate,3,3,11,"Tableau,SQL",Education,419026,335,Bachelor,Internship,2026-03-02,55,Open
254,ML Engineer,Wipro,Bengaluru,Telangana,India,Onsite,Associate,1,11,17,"Excel,SQL",Education,389015,280,Bachelor,Internship,2026-02-06,79,Open
255,Data Scientist,Wipro,Hyderabad,Maharashtra,India,Hybrid,Senior,4,24,7,"Tableau,SQL",IT Services,1798375,54,Master,Full-time,2026-06-12,63,Open
256,Data Analyst,Accenture,Pune,Tamil Nadu,India,Hybrid,Associate,4,12,18,"Python,Pandas",Education,1501966,365,Bachelor,Internship,2026-06-11,79,Closed
257,Software Engineer,TechNova,Chennai,Telangana,India,Onsite,Senior,3,26,13,"Python,Pandas",Finance,1647507,310,Master,Contract,2026-01-22,96,Closed
258,Business Analyst,Google,Chennai,Telangana,India,Hybrid,Senior,5,27,7,"Tableau,SQL",IT Services,748922,352,Master,Contract,2026-02-26,63,Closed
259,Software Engineer,TCS,Delhi,Maharashtra,India,Hybrid,Associate,1,19,9,"Python,SQL",Education,744866,388,Master,Internship,2026-01-16,69,Closed
260,Business Analyst,TechNova,Delhi,Maharashtra,India,Onsite,Mid,6,25,15,"Power BI,SQL",Healthcare,726386,342,Master,Internship,2026-05-02,80,Closed
261,ML Engineer,Zoho,Hyderabad,Telangana,India,Remote,Entry,5,17,13,"Tableau,SQL",Finance,1367529,462,Master,Full-time,2026-06-25,59,Open
262,Software Engineer,Accenture,Pune,Tamil Nadu,India,Hybrid,Senior,3,7,6,"Python,SQL",Finance,1282984,308,Master,Full-time,2026-03-07,68,Closed
263,Data Analyst,Wipro,Bengaluru,Tamil Nadu,India,Hybrid,Mid,4,25,17,"Tableau,SQL",IT Services,1688627,381,Bachelor,Full-time,2026-03-10,60,Closed
264,Data Analyst,TechNova,Hyderabad,Telangana,India,Remote,Mid,7,4,15,"Excel,SQL",Education,1616133,108,Master,Internship,2026-04-21,67,Open
265,ML Engineer,Capgemini,Mumbai,Tamil Nadu,India,Remote,Associate,2,15,14,"Excel,SQL",Retail,651111,149,Bachelor,Contract,2026-03-15,51,Open
266,ML Engineer,Google,Chennai,Delhi,India,Hybrid,Entry,1,30,4,"Python,Pandas",IT Services,1347082,443,Bachelor,Contract,2026-04-18,87,Open
267,BI Developer,Microsoft,Hyderabad,Karnataka,India,Remote,Senior,7,11,17,"Azure,Python",Education,510953,213,Master,Internship,2026-04-15,83,Closed
268,Data Analyst,Zoho,Bengaluru,Telangana,India,Remote,Senior,5,6,14,"Azure,Python",IT Services,726803,308,Master,Full-time,2026-01-24,60,Closed
269,Business Analyst,Wipro,Mumbai,Delhi,India,Hybrid,Senior,8,17,16,"Excel,SQL",Education,1636833,268,Master,Full-time,2026-01-21,93,Open
270,Business Analyst,Wipro,Bengaluru,Karnataka,India,Remote,Associate,7,28,8,"Python,SQL",Retail,1362100,280,Master,Contract,2026-01-01,89,Closed
271,Software Engineer,Microsoft,Delhi,Maharashtra,India,Hybrid,Senior,2,24,10,"Python,Pandas",IT Services,875346,312,Bachelor,Contract,2026-05-20,63,Open
272,BI Developer,TechNova,Hyderabad,Karnataka,India,Remote,Mid,7,13,8,"Tableau,SQL",IT Services,1684703,421,Master,Internship,2026-04-10,54,Open
273,Data Analyst,Infosys,Chennai,Karnataka,India,Hybrid,Entry,3,30,17,"Excel,SQL",Healthcare,1689004,462,Master,Full-time,2026-01-01,93,Open
274,Data Analyst,Capgemini,Chennai,Maharashtra,India,Hybrid,Entry,0,24,5,"Power BI,SQL",Retail,1557711,365,Bachelor,Full-time,2026-04-15,54,Open
275,ML Engineer,TechNova,Hyderabad,Delhi,India,Onsite,Mid,2,17,5,"Python,SQL",Healthcare,634256,391,Bachelor,Internship,2026-04-27,70,Open
276,Data Scientist,Infosys,Bengaluru,Telangana,India,Onsite,Senior,7,9,6,"Power BI,SQL",Healthcare,363230,329,Bachelor,Full-time,2026-02-07,93,Open
277,ML Engineer,Amazon,Pune,Tamil Nadu,India,Remote,Mid,2,11,7,"Python,SQL",Healthcare,786579,192,Master,Internship,2026-03-04,58,Closed
278,Data Scientist,Microsoft,Chennai,Telangana,India,Remote,Associate,7,15,7,"Python,SQL",Retail,1299828,494,Bachelor,Contract,2026-02-05,94,Closed
279,Data Scientist,TCS,Bengaluru,Maharashtra,India,Remote,Associate,2,16,10,"Azure,Python",Healthcare,1330408,116,Bachelor,Full-time,2026-05-01,57,Closed
280,Software Engineer,TechNova,Bengaluru,Maharashtra,India,Onsite,Senior,7,17,18,"Azure,Python",Education,1592477,334,Master,Contract,2026-01-18,52,Open
281,Data Scientist,TCS,Mumbai,Tamil Nadu,India,Remote,Mid,1,29,4,"Azure,Python",Finance,716238,481,Master,Full-time,2026-06-24,69,Closed
282,Data Scientist,Accenture,Chennai,Karnataka,India,Hybrid,Mid,2,28,7,"Python,SQL",Healthcare,623825,355,Master,Contract,2026-06-18,79,Open
283,ML Engineer,Capgemini,Chennai,Tamil Nadu,India,Remote,Associate,6,7,16,"Python,Pandas",Education,1038511,464,Bachelor,Full-time,2026-02-27,85,Closed
284,Data Scientist,Wipro,Delhi,Telangana,India,Hybrid,Mid,0,30,7,"Python,Pandas",Healthcare,873297,29,Master,Contract,2026-05-27,53,Closed
285,Software Engineer,Zoho,Delhi,Maharashtra,India,Onsite,Associate,2,19,5,"Python,Pandas",Healthcare,702356,161,Bachelor,Internship,2026-03-23,57,Open
286,BI Developer,Amazon,Hyderabad,Delhi,India,Remote,Entry,4,10,12,"Tableau,SQL",Finance,1250373,420,Master,Full-time,2026-04-18,59,Closed
287,Business Analyst,TCS,Pune,Tamil Nadu,India,Onsite,Senior,8,26,5,"Python,Pandas",IT Services,1745562,414,Master,Contract,2026-05-11,79,Open
288,ML Engineer,Zoho,Pune,Tamil Nadu,India,Onsite,Entry,4,11,14,"Tableau,SQL",IT Services,593819,278,Bachelor,Full-time,2026-06-17,70,Open
289,Data Scientist,Zoho,Mumbai,Karnataka,India,Onsite,Senior,8,5,17,"Excel,SQL",Finance,1265798,207,Master,Internship,2026-02-11,68,Closed
290,Data Analyst,Microsoft,Bengaluru,Tamil Nadu,India,Remote,Associate,5,18,20,"Power BI,SQL",Finance,1772877,67,Master,Full-time,2026-05-23,54,Closed
291,Software Engineer,Wipro,Delhi,Telangana,India,Hybrid,Mid,4,16,16,"Python,Pandas",Retail,1072483,166,Master,Full-time,2026-06-13,58,Closed
292,Software Engineer,Wipro,Pune,Delhi,India,Onsite,Entry,4,19,19,"Excel,SQL",Retail,575559,228,Bachelor,Internship,2026-03-06,94,Closed
293,Business Analyst,Capgemini,Chennai,Delhi,India,Onsite,Mid,2,28,17,"Azure,Python",Retail,938292,138,Bachelor,Internship,2026-02-08,50,Closed
294,Data Analyst,Wipro,Pune,Maharashtra,India,Remote,Senior,4,18,20,"Power BI,SQL",Healthcare,611020,105,Master,Full-time,2026-04-02,57,Closed
295,BI Developer,Microsoft,Pune,Delhi,India,Hybrid,Associate,0,9,16,"Excel,SQL",Healthcare,1323575,148,Bachelor,Contract,2026-02-06,55,Open
296,ML Engineer,Capgemini,Pune,Telangana,India,Hybrid,Senior,5,30,18,"Excel,SQL",Healthcare,552527,345,Master,Full-time,2026-01-07,68,Open
297,Data Analyst,Amazon,Delhi,Telangana,India,Hybrid,Mid,1,15,18,"Excel,SQL",Education,886452,190,Bachelor,Contract,2026-05-31,53,Open
298,BI Developer,Capgemini,Chennai,Maharashtra,India,Remote,Associate,5,7,10,"Python,Pandas",Finance,890310,176,Bachelor,Internship,2026-04-07,94,Open
299,Data Analyst,Amazon,Pune,Telangana,India,Onsite,Senior,7,18,15,"Python,Pandas",Retail,443150,498,Bachelor,Contract,2026-06-07,53,Closed
300,Software Engineer,Zoho,Mumbai,Maharashtra,India,Remote,Associate,1,28,12,"Python,Pandas",Retail,1282686,163,Master,Internship,2026-01-27,55,Closed
301,Data Scientist,Microsoft,Delhi,Tamil Nadu,India,Onsite,Associate,6,5,8,"Python,Pandas",IT Services,1188605,470,Bachelor,Full-time,2026-06-02,50,Open
302,Data Analyst,Capgemini,Chennai,Delhi,India,Onsite,Mid,6,24,16,"Python,SQL",Retail,1657520,230,Master,Internship,2026-01-26,77,Closed
303,ML Engineer,Microsoft,Mumbai,Karnataka,India,Onsite,Senior,6,30,7,"Excel,SQL",Healthcare,1614802,425,Bachelor,Contract,2026-04-12,92,Open
304,Business Analyst,TechNova,Chennai,Telangana,India,Remote,Associate,6,17,4,"Python,Pandas",Education,1486664,205,Bachelor,Internship,2026-01-25,75,Open
305,Business Analyst,Accenture,Mumbai,Maharashtra,India,Hybrid,Mid,2,12,8,"Tableau,SQL",Education,593530,283,Bachelor,Full-time,2026-01-08,87,Open
306,Data Analyst,Accenture,Pune,Delhi,India,Hybrid,Senior,6,19,4,"Python,Pandas",Finance,1790298,194,Master,Internship,2026-02-20,51,Closed
307,ML Engineer,Accenture,Pune,Telangana,India,Onsite,Senior,8,14,12,"Python,SQL",IT Services,1792515,179,Master,Contract,2026-01-28,73,Closed
308,ML Engineer,Google,Pune,Maharashtra,India,Remote,Entry,7,30,14,"Power BI,SQL",IT Services,341027,179,Bachelor,Internship,2026-06-23,61,Closed
309,Business Analyst,TCS,Pune,Tamil Nadu,India,Onsite,Mid,7,25,15,"Power BI,SQL",Finance,391250,149,Master,Internship,2026-02-01,85,Closed
310,Data Scientist,Accenture,Chennai,Telangana,India,Remote,Associate,3,8,13,"Python,SQL",Healthcare,653480,200,Master,Internship,2026-06-02,61,Closed
311,Software Engineer,Infosys,Hyderabad,Delhi,India,Remote,Entry,8,22,9,"Python,Pandas",Education,563748,482,Master,Contract,2026-04-12,59,Closed
312,Data Scientist,TechNova,Bengaluru,Karnataka,India,Remote,Entry,0,23,5,"Python,Pandas",Healthcare,766495,268,Bachelor,Internship,2026-03-29,54,Open
313,Business Analyst,TechNova,Pune,Karnataka,India,Hybrid,Mid,0,17,20,"Excel,SQL",Healthcare,1513487,65,Bachelor,Full-time,2026-02-21,57,Closed
314,Business Analyst,Microsoft,Hyderabad,Tamil Nadu,India,Hybrid,Associate,4,23,17,"Excel,SQL",IT Services,338253,489,Bachelor,Contract,2026-05-06,82,Open
315,Data Scientist,TCS,Chennai,Tamil Nadu,India,Hybrid,Associate,0,26,13,"Python,Pandas",Education,1652269,255,Master,Internship,2026-01-15,55,Open
316,Data Scientist,Infosys,Hyderabad,Karnataka,India,Remote,Senior,6,17,15,"Tableau,SQL",Education,464022,126,Bachelor,Full-time,2026-02-14,65,Open
317,ML Engineer,Capgemini,Chennai,Tamil Nadu,India,Onsite,Mid,3,20,13,"Azure,Python",Healthcare,561197,461,Bachelor,Internship,2026-03-21,76,Open
318,Business Analyst,Accenture,Chennai,Maharashtra,India,Hybrid,Associate,3,12,12,"Tableau,SQL",Education,1502628,455,Master,Contract,2026-04-29,57,Open
319,Data Scientist,Google,Pune,Maharashtra,India,Onsite,Mid,2,23,12,"Excel,SQL",Finance,1554014,23,Master,Contract,2026-06-18,70,Open
320,Business Analyst,Accenture,Hyderabad,Maharashtra,India,Hybrid,Entry,0,25,18,"Power BI,SQL",Retail,1346363,260,Bachelor,Contract,2026-06-11,66,Open
321,Data Analyst,Capgemini,Bengaluru,Telangana,India,Remote,Entry,6,9,17,"Power BI,SQL",Education,1414146,45,Master,Full-time,2026-03-14,74,Open
322,Data Scientist,Amazon,Mumbai,Maharashtra,India,Remote,Entry,8,10,10,"Python,Pandas",Retail,1094157,395,Master,Contract,2026-04-11,85,Open
323,ML Engineer,Wipro,Chennai,Maharashtra,India,Onsite,Senior,2,8,12,"Python,SQL",Retail,539324,361,Master,Contract,2026-05-16,53,Closed
324,ML Engineer,Infosys,Bengaluru,Telangana,India,Onsite,Mid,5,25,12,"Power BI,SQL",Retail,588100,385,Bachelor,Internship,2026-01-21,75,Open
325,Business Analyst,Amazon,Bengaluru,Delhi,India,Remote,Entry,3,16,5,"Tableau,SQL",Healthcare,1426263,387,Master,Contract,2026-03-05,92,Closed
326,Data Scientist,Zoho,Chennai,Karnataka,India,Remote,Mid,5,5,18,"Tableau,SQL",Retail,1091568,398,Master,Full-time,2026-02-28,79,Closed
327,Business Analyst,Wipro,Delhi,Tamil Nadu,India,Hybrid,Senior,3,30,15,"Azure,Python",Retail,995007,225,Bachelor,Full-time,2026-06-20,95,Open
328,Data Analyst,Accenture,Hyderabad,Telangana,India,Onsite,Associate,7,14,15,"Azure,Python",IT Services,1773824,343,Bachelor,Contract,2026-06-27,84,Closed
329,Software Engineer,Microsoft,Mumbai,Maharashtra,India,Onsite,Mid,7,5,5,"Python,SQL",Education,865129,380,Master,Full-time,2026-03-30,77,Open
330,Data Scientist,Infosys,Pune,Maharashtra,India,Onsite,Mid,4,22,19,"Python,SQL",Retail,770751,358,Bachelor,Contract,2026-03-04,57,Closed
331,ML Engineer,Infosys,Chennai,Tamil Nadu,India,Remote,Senior,1,9,5,"Python,Pandas",Finance,479471,351,Master,Full-time,2026-05-26,53,Open
332,Business Analyst,Google,Pune,Maharashtra,India,Remote,Mid,8,23,7,"Tableau,SQL",IT Services,1613075,273,Master,Full-time,2026-05-07,64,Open
333,BI Developer,TechNova,Bengaluru,Telangana,India,Hybrid,Entry,7,12,14,"Power BI,SQL",Retail,1314967,32,Master,Contract,2026-01-06,50,Open
334,Software Engineer,Accenture,Mumbai,Delhi,India,Remote,Senior,1,23,6,"Power BI,SQL",IT Services,1179070,440,Master,Internship,2026-03-19,69,Open
335,BI Developer,Google,Mumbai,Telangana,India,Onsite,Entry,3,11,4,"Python,Pandas",Education,1249709,73,Bachelor,Contract,2026-02-06,75,Closed
336,ML Engineer,Google,Mumbai,Telangana,India,Hybrid,Entry,0,9,11,"Power BI,SQL",Education,1709444,177,Master,Internship,2026-03-11,98,Open
337,Data Analyst,Accenture,Delhi,Telangana,India,Onsite,Associate,8,8,6,"Tableau,SQL",Finance,429021,153,Master,Internship,2026-01-22,95,Closed
338,BI Developer,Capgemini,Bengaluru,Tamil Nadu,India,Onsite,Senior,2,8,16,"Python,SQL",Finance,335170,135,Master,Full-time,2026-03-31,76,Open
339,BI Developer,Amazon,Bengaluru,Maharashtra,India,Hybrid,Entry,2,21,4,"Azure,Python",Finance,510427,29,Master,Full-time,2026-03-04,85,Closed
340,Data Scientist,TCS,Mumbai,Karnataka,India,Onsite,Associate,7,30,6,"Python,Pandas",Finance,903881,136,Master,Contract,2026-06-06,65,Open
341,Software Engineer,Accenture,Hyderabad,Karnataka,India,Onsite,Senior,4,25,11,"Excel,SQL",Retail,1161721,412,Bachelor,Contract,2026-02-28,82,Closed
342,Business Analyst,Accenture,Mumbai,Karnataka,India,Remote,Entry,6,16,20,"Python,Pandas",Education,1260750,48,Bachelor,Full-time,2026-01-12,75,Open
343,Software Engineer,Accenture,Pune,Delhi,India,Onsite,Senior,5,23,7,"Python,Pandas",Healthcare,1365536,407,Master,Contract,2026-05-20,61,Closed
344,ML Engineer,Accenture,Bengaluru,Tamil Nadu,India,Remote,Mid,6,26,11,"Python,Pandas",Healthcare,370427,479,Master,Contract,2026-06-19,75,Closed
345,Business Analyst,TechNova,Hyderabad,Karnataka,India,Remote,Mid,8,24,13,"Tableau,SQL",Education,1246687,217,Master,Contract,2026-04-17,97,Closed
346,Business Analyst,Google,Pune,Telangana,India,Onsite,Associate,1,24,8,"Power BI,SQL",Healthcare,601710,366,Master,Contract,2026-03-08,66,Open
347,Data Scientist,TCS,Hyderabad,Tamil Nadu,India,Hybrid,Associate,6,22,20,"Tableau,SQL",IT Services,1721150,326,Master,Full-time,2026-04-17,57,Open
348,Data Analyst,Zoho,Mumbai,Delhi,India,Remote,Senior,7,20,6,"Power BI,SQL",IT Services,1040045,488,Bachelor,Internship,2026-04-08,79,Open
349,BI Developer,Accenture,Delhi,Karnataka,India,Remote,Mid,3,18,12,"Azure,Python",Finance,1449488,254,Master,Full-time,2026-05-08,59,Open
350,Data Scientist,Zoho,Delhi,Tamil Nadu,India,Onsite,Entry,6,12,20,"Power BI,SQL",Healthcare,588958,87,Master,Internship,2026-01-03,64,Closed
351,ML Engineer,Accenture,Mumbai,Karnataka,India,Remote,Associate,6,13,15,"Azure,Python",Retail,392559,344,Master,Full-time,2026-04-25,60,Closed
352,Data Scientist,Wipro,Bengaluru,Tamil Nadu,India,Hybrid,Senior,5,14,15,"Tableau,SQL",Education,1432052,111,Bachelor,Full-time,2026-02-09,76,Open
353,Data Scientist,Wipro,Mumbai,Maharashtra,India,Onsite,Senior,0,18,19,"Power BI,SQL",IT Services,1191437,198,Bachelor,Contract,2026-03-03,85,Closed
354,ML Engineer,Zoho,Delhi,Tamil Nadu,India,Onsite,Senior,5,14,18,"Excel,SQL",IT Services,421623,494,Master,Full-time,2026-02-18,58,Open
355,BI Developer,Accenture,Mumbai,Tamil Nadu,India,Remote,Senior,7,29,18,"Python,Pandas",Finance,1151005,90,Bachelor,Full-time,2026-04-03,68,Closed
356,Data Analyst,Infosys,Bengaluru,Maharashtra,India,Hybrid,Senior,4,28,13,"Python,SQL",Retail,591139,143,Master,Contract,2026-02-28,87,Closed
357,Data Scientist,Accenture,Hyderabad,Maharashtra,India,Onsite,Associate,0,13,18,"Python,SQL",IT Services,1194396,180,Master,Full-time,2026-01-10,58,Closed
358,Data Scientist,Zoho,Bengaluru,Tamil Nadu,India,Hybrid,Associate,3,29,19,"Power BI,SQL",Education,1194715,279,Master,Full-time,2026-04-06,69,Open
359,BI Developer,TCS,Mumbai,Maharashtra,India,Onsite,Associate,1,3,19,"Tableau,SQL",Education,1429414,67,Bachelor,Full-time,2026-06-06,84,Closed
360,Software Engineer,Amazon,Pune,Telangana,India,Hybrid,Mid,8,14,5,"Power BI,SQL",Retail,766884,254,Master,Internship,2026-04-16,66,Open
361,ML Engineer,Wipro,Hyderabad,Delhi,India,Hybrid,Senior,7,25,9,"Python,SQL",Education,1412368,465,Bachelor,Full-time,2026-01-17,86,Closed
362,Data Analyst,Microsoft,Mumbai,Karnataka,India,Onsite,Associate,2,24,17,"Azure,Python",Education,958392,324,Bachelor,Internship,2026-03-15,79,Open
363,Business Analyst,TechNova,Chennai,Tamil Nadu,India,Hybrid,Senior,3,29,9,"Python,SQL",Retail,366351,125,Bachelor,Contract,2026-01-01,57,Closed
364,ML Engineer,Amazon,Bengaluru,Maharashtra,India,Onsite,Entry,5,18,4,"Python,Pandas",Finance,1146598,287,Bachelor,Contract,2026-04-06,88,Closed
365,Data Scientist,Microsoft,Hyderabad,Karnataka,India,Hybrid,Senior,5,4,5,"Python,Pandas",Education,1198298,300,Bachelor,Internship,2026-01-05,59,Closed
366,Business Analyst,Google,Pune,Telangana,India,Hybrid,Mid,5,26,6,"Python,Pandas",Finance,1799639,330,Bachelor,Full-time,2026-02-18,53,Closed
367,Data Scientist,TechNova,Chennai,Karnataka,India,Remote,Mid,3,27,9,"Python,Pandas",Finance,1156744,190,Bachelor,Contract,2026-03-09,87,Open
368,Data Analyst,Amazon,Bengaluru,Tamil Nadu,India,Onsite,Associate,6,24,13,"Tableau,SQL",Finance,419413,459,Bachelor,Internship,2026-04-28,83,Closed
369,Software Engineer,Google,Mumbai,Maharashtra,India,Onsite,Entry,5,6,13,"Power BI,SQL",IT Services,798213,59,Bachelor,Full-time,2026-03-10,91,Closed
370,Software Engineer,TCS,Mumbai,Karnataka,India,Onsite,Associate,7,30,8,"Azure,Python",IT Services,1103538,227,Master,Internship,2026-04-14,51,Closed
371,BI Developer,TechNova,Bengaluru,Delhi,India,Remote,Senior,1,26,14,"Python,SQL",Healthcare,1761474,415,Master,Internship,2026-06-13,58,Open
372,Data Analyst,TCS,Mumbai,Karnataka,India,Onsite,Entry,8,3,5,"Python,SQL",Education,1057161,471,Master,Full-time,2026-03-22,93,Open
373,BI Developer,Amazon,Delhi,Tamil Nadu,India,Hybrid,Senior,1,14,6,"Power BI,SQL",Finance,1502803,2,Master,Full-time,2026-04-28,86,Open
374,BI Developer,Infosys,Hyderabad,Delhi,India,Hybrid,Entry,8,24,9,"Tableau,SQL",Healthcare,504070,496,Master,Full-time,2026-02-09,89,Open
375,Data Scientist,Microsoft,Pune,Delhi,India,Onsite,Mid,7,12,20,"Python,Pandas",Education,1268140,301,Bachelor,Contract,2026-05-27,87,Closed
376,Software Engineer,Wipro,Chennai,Delhi,India,Onsite,Associate,7,21,14,"Azure,Python",Healthcare,554862,295,Master,Contract,2026-01-20,64,Open
377,ML Engineer,Amazon,Chennai,Maharashtra,India,Remote,Mid,0,24,12,"Power BI,SQL",Healthcare,469015,469,Master,Contract,2026-04-10,56,Open
378,BI Developer,Capgemini,Pune,Maharashtra,India,Onsite,Senior,0,16,10,"Python,Pandas",Education,1497109,348,Master,Internship,2026-03-03,89,Open
379,BI Developer,TechNova,Chennai,Tamil Nadu,India,Remote,Mid,8,29,18,"Excel,SQL",Finance,1764844,340,Bachelor,Internship,2026-02-04,78,Open
380,Business Analyst,Zoho,Hyderabad,Maharashtra,India,Hybrid,Associate,4,24,6,"Tableau,SQL",Education,1447427,36,Master,Internship,2026-06-19,87,Open
381,BI Developer,Infosys,Pune,Delhi,India,Remote,Entry,5,19,16,"Tableau,SQL",Finance,1392440,49,Master,Full-time,2026-01-25,57,Open
382,Data Scientist,Amazon,Mumbai,Telangana,India,Hybrid,Senior,3,16,8,"Tableau,SQL",Education,1241092,34,Master,Contract,2026-05-02,76,Open
383,Data Analyst,Zoho,Chennai,Telangana,India,Remote,Entry,8,14,6,"Python,Pandas",Retail,1305174,382,Bachelor,Contract,2026-06-30,52,Closed
384,Software Engineer,Zoho,Pune,Maharashtra,India,Onsite,Associate,8,7,6,"Python,Pandas",Retail,739403,54,Master,Full-time,2026-04-12,75,Closed
385,Data Analyst,Wipro,Chennai,Tamil Nadu,India,Onsite,Senior,2,27,9,"Azure,Python",Finance,1357763,192,Master,Full-time,2026-04-22,85,Open
386,Software Engineer,TCS,Pune,Karnataka,India,Remote,Mid,4,4,20,"Excel,SQL",Healthcare,366812,249,Bachelor,Full-time,2026-04-16,97,Closed
387,Software Engineer,Google,Hyderabad,Maharashtra,India,Hybrid,Entry,4,27,5,"Excel,SQL",Finance,1017829,92,Bachelor,Full-time,2026-06-29,55,Open
388,Business Analyst,Wipro,Hyderabad,Maharashtra,India,Onsite,Senior,0,15,16,"Power BI,SQL",Education,598494,281,Bachelor,Contract,2026-01-25,85,Closed
389,ML Engineer,TechNova,Mumbai,Delhi,India,Hybrid,Senior,6,20,10,"Power BI,SQL",Retail,670443,56,Bachelor,Internship,2026-02-27,69,Open
390,BI Developer,Google,Mumbai,Karnataka,India,Hybrid,Associate,4,5,20,"Excel,SQL",Finance,1674385,406,Bachelor,Contract,2026-04-01,60,Open
391,BI Developer,Capgemini,Bengaluru,Delhi,India,Hybrid,Entry,6,17,19,"Azure,Python",IT Services,664006,488,Master,Internship,2026-01-15,93,Closed
392,Software Engineer,Capgemini,Hyderabad,Telangana,India,Hybrid,Mid,1,27,17,"Power BI,SQL",Healthcare,498034,479,Master,Full-time,2026-06-17,95,Open
393,Software Engineer,Microsoft,Delhi,Telangana,India,Onsite,Mid,8,3,16,"Azure,Python",IT Services,304681,422,Bachelor,Internship,2026-04-04,61,Closed
394,Business Analyst,Capgemini,Chennai,Delhi,India,Hybrid,Associate,7,30,7,"Tableau,SQL",Healthcare,1775276,245,Bachelor,Contract,2026-01-28,92,Open
395,Software Engineer,TCS,Chennai,Maharashtra,India,Remote,Associate,4,29,7,"Python,SQL",Education,756528,3,Bachelor,Full-time,2026-01-31,90,Closed
396,Business Analyst,Amazon,Pune,Telangana,India,Hybrid,Mid,6,6,10,"Excel,SQL",IT Services,1186063,228,Bachelor,Full-time,2026-06-27,51,Closed
397,Business Analyst,Infosys,Chennai,Karnataka,India,Onsite,Associate,3,28,11,"Azure,Python",Education,1057212,266,Bachelor,Internship,2026-04-30,82,Open
398,Data Analyst,Infosys,Bengaluru,Maharashtra,India,Onsite,Senior,8,10,11,"Python,SQL",Healthcare,654385,441,Bachelor,Contract,2026-04-26,84,Open
399,Data Scientist,Amazon,Mumbai,Karnataka,India,Onsite,Associate,1,20,5,"Excel,SQL",Healthcare,1466569,91,Bachelor,Contract,2026-03-10,70,Closed
400,Data Analyst,Microsoft,Bengaluru,Tamil Nadu,India,Hybrid,Entry,3,15,7,"Python,Pandas",Retail,1336077,275,Bachelor,Contract,2026-06-03,56,Open
401,Business Analyst,Wipro,Mumbai,Telangana,India,Remote,Senior,0,28,10,"Tableau,SQL",Healthcare,874501,326,Bachelor,Contract,2026-06-16,85,Open
402,Data Analyst,Zoho,Mumbai,Maharashtra,India,Remote,Entry,4,14,11,"Azure,Python",Finance,1264018,285,Master,Contract,2026-04-26,52,Open
403,Data Scientist,Wipro,Pune,Karnataka,India,Onsite,Associate,4,21,12,"Azure,Python",Education,1526484,191,Bachelor,Internship,2026-01-31,94,Closed
404,ML Engineer,Zoho,Pune,Maharashtra,India,Remote,Associate,8,22,18,"Tableau,SQL",Retail,419339,52,Bachelor,Contract,2026-04-19,75,Closed
405,Software Engineer,Google,Mumbai,Telangana,India,Hybrid,Entry,0,10,19,"Python,Pandas",Healthcare,1586539,431,Master,Full-time,2026-02-18,60,Closed
406,Data Analyst,Accenture,Hyderabad,Karnataka,India,Hybrid,Entry,3,29,4,"Python,Pandas",Healthcare,629057,74,Bachelor,Internship,2026-01-26,70,Open
407,Data Scientist,Google,Bengaluru,Telangana,India,Onsite,Entry,3,8,14,"Azure,Python",Education,699497,98,Master,Full-time,2026-02-01,70,Closed
408,Data Analyst,Microsoft,Hyderabad,Maharashtra,India,Hybrid,Senior,1,13,14,"Power BI,SQL",Healthcare,861286,310,Master,Full-time,2026-02-15,79,Open
409,BI Developer,Infosys,Pune,Tamil Nadu,India,Remote,Mid,4,30,17,"Excel,SQL",Healthcare,718130,182,Bachelor,Internship,2026-04-09,88,Open
410,Software Engineer,Infosys,Pune,Karnataka,India,Onsite,Associate,2,24,6,"Excel,SQL",IT Services,1235125,483,Master,Internship,2026-05-19,95,Open
411,Data Analyst,Amazon,Bengaluru,Tamil Nadu,India,Hybrid,Entry,2,24,9,"Power BI,SQL",Finance,1651946,312,Bachelor,Internship,2026-06-19,89,Open
412,BI Developer,Google,Delhi,Tamil Nadu,India,Remote,Associate,1,29,14,"Python,Pandas",Finance,367546,463,Master,Contract,2026-06-23,72,Open
413,Data Scientist,Zoho,Pune,Maharashtra,India,Hybrid,Associate,6,4,20,"Excel,SQL",Healthcare,1492691,24,Bachelor,Contract,2026-04-28,59,Closed
414,BI Developer,Microsoft,Mumbai,Maharashtra,India,Remote,Entry,2,16,18,"Azure,Python",Education,1651412,456,Bachelor,Full-time,2026-02-20,52,Closed
415,Software Engineer,Microsoft,Pune,Tamil Nadu,India,Remote,Senior,5,9,7,"Azure,Python",Retail,964259,16,Bachelor,Full-time,2026-01-19,72,Closed
416,Data Analyst,Zoho,Mumbai,Telangana,India,Hybrid,Associate,2,28,20,"Tableau,SQL",Finance,1679387,420,Bachelor,Internship,2026-06-28,50,Closed
417,Business Analyst,Google,Chennai,Tamil Nadu,India,Remote,Mid,8,26,18,"Azure,Python",Finance,1599829,293,Master,Full-time,2026-02-25,95,Closed
418,Data Analyst,Infosys,Mumbai,Tamil Nadu,India,Remote,Senior,5,20,5,"Python,SQL",Retail,860312,29,Master,Internship,2026-03-23,78,Open
419,BI Developer,TechNova,Bengaluru,Telangana,India,Remote,Entry,1,29,17,"Python,Pandas",Education,479768,216,Master,Internship,2026-03-21,87,Open
420,ML Engineer,Google,Pune,Delhi,India,Hybrid,Mid,7,17,11,"Power BI,SQL",Education,1427370,98,Bachelor,Full-time,2026-06-29,67,Open
421,BI Developer,TCS,Bengaluru,Telangana,India,Hybrid,Associate,1,29,9,"Tableau,SQL",IT Services,1682824,85,Bachelor,Contract,2026-04-24,60,Open
422,Data Scientist,Capgemini,Delhi,Karnataka,India,Remote,Senior,5,26,4,"Azure,Python",Finance,657893,323,Master,Full-time,2026-04-18,57,Open
423,Software Engineer,TechNova,Pune,Delhi,India,Onsite,Entry,2,24,4,"Tableau,SQL",Retail,1188064,476,Bachelor,Contract,2026-06-09,75,Open
424,ML Engineer,Google,Delhi,Delhi,India,Hybrid,Entry,8,26,13,"Python,SQL",Healthcare,1627179,269,Bachelor,Contract,2026-06-22,53,Open
425,Data Scientist,Infosys,Delhi,Delhi,India,Hybrid,Entry,0,20,12,"Excel,SQL",Healthcare,814125,393,Master,Contract,2026-04-05,66,Open
426,BI Developer,Zoho,Pune,Karnataka,India,Hybrid,Senior,6,10,18,"Tableau,SQL",IT Services,1364715,202,Master,Full-time,2026-02-28,62,Open
427,Software Engineer,TCS,Pune,Telangana,India,Onsite,Entry,4,30,11,"Excel,SQL",Healthcare,337173,450,Master,Contract,2026-01-10,79,Closed
428,Data Scientist,Infosys,Delhi,Tamil Nadu,India,Hybrid,Associate,3,29,15,"Tableau,SQL",Retail,310256,120,Bachelor,Full-time,2026-06-16,92,Open
429,Data Analyst,Accenture,Delhi,Karnataka,India,Hybrid,Mid,2,26,4,"Python,Pandas",Education,754058,437,Bachelor,Internship,2026-02-19,52,Open
430,Business Analyst,Capgemini,Chennai,Maharashtra,India,Onsite,Associate,5,15,13,"Power BI,SQL",Education,912617,158,Master,Internship,2026-01-10,73,Open
431,Data Analyst,Zoho,Bengaluru,Telangana,India,Hybrid,Mid,0,19,5,"Python,SQL",Retail,1010693,423,Master,Internship,2026-02-26,65,Closed
432,Data Scientist,Zoho,Mumbai,Delhi,India,Remote,Associate,8,6,8,"Azure,Python",Finance,1765728,154,Master,Contract,2026-05-13,66,Closed
433,BI Developer,Google,Chennai,Maharashtra,India,Hybrid,Entry,1,12,20,"Power BI,SQL",IT Services,536457,122,Master,Contract,2026-03-21,73,Closed
434,Data Scientist,Infosys,Delhi,Karnataka,India,Hybrid,Mid,8,10,15,"Python,SQL",IT Services,546588,94,Master,Contract,2026-02-08,93,Open
435,Data Analyst,Amazon,Delhi,Karnataka,India,Hybrid,Entry,7,10,11,"Power BI,SQL",Finance,1462329,297,Master,Full-time,2026-04-14,87,Open
436,Data Scientist,TechNova,Hyderabad,Tamil Nadu,India,Onsite,Senior,7,5,5,"Azure,Python",Retail,587993,195,Master,Full-time,2026-02-10,52,Open
437,Business Analyst,Amazon,Delhi,Telangana,India,Remote,Mid,2,4,7,"Python,Pandas",Finance,833114,456,Bachelor,Internship,2026-02-17,55,Closed
438,Business Analyst,Accenture,Hyderabad,Delhi,India,Hybrid,Entry,1,26,12,"Tableau,SQL",Education,687876,7,Master,Internship,2026-02-03,68,Open
439,Data Analyst,Google,Mumbai,Karnataka,India,Onsite,Mid,8,16,19,"Python,Pandas",Healthcare,1156236,50,Bachelor,Full-time,2026-06-10,64,Closed
440,Data Analyst,Amazon,Mumbai,Tamil Nadu,India,Hybrid,Associate,6,15,5,"Azure,Python",IT Services,1207177,390,Master,Internship,2026-02-22,87,Closed
441,Data Analyst,Infosys,Hyderabad,Karnataka,India,Hybrid,Senior,2,26,9,"Python,Pandas",Retail,696749,13,Bachelor,Full-time,2026-06-28,92,Open
442,Data Analyst,Amazon,Delhi,Delhi,India,Remote,Entry,3,17,12,"Python,SQL",Retail,865353,421,Master,Internship,2026-06-20,65,Closed
443,Data Analyst,Accenture,Bengaluru,Karnataka,India,Remote,Senior,7,17,14,"Power BI,SQL",Finance,1181753,47,Master,Internship,2026-02-01,73,Closed
444,ML Engineer,Google,Mumbai,Delhi,India,Remote,Associate,4,14,15,"Python,SQL",Finance,815790,217,Master,Contract,2026-01-23,93,Closed
445,Software Engineer,Infosys,Delhi,Delhi,India,Onsite,Associate,5,5,17,"Excel,SQL",Finance,421570,159,Bachelor,Contract,2026-04-29,86,Open
446,Data Scientist,Microsoft,Chennai,Telangana,India,Hybrid,Senior,2,10,4,"Tableau,SQL",IT Services,716359,412,Bachelor,Contract,2026-04-21,88,Open
447,BI Developer,Zoho,Mumbai,Maharashtra,India,Onsite,Mid,6,17,13,"Tableau,SQL",Healthcare,699299,71,Master,Internship,2026-05-30,56,Closed
448,BI Developer,TCS,Delhi,Tamil Nadu,India,Hybrid,Entry,6,7,8,"Power BI,SQL",Education,444505,379,Master,Internship,2026-03-31,62,Closed
449,Software Engineer,Amazon,Pune,Karnataka,India,Onsite,Mid,3,27,15,"Tableau,SQL",Education,316966,400,Master,Contract,2026-04-01,82,Closed
450,Business Analyst,Google,Chennai,Telangana,India,Onsite,Entry,0,23,6,"Python,Pandas",Finance,1320828,236,Master,Full-time,2026-02-07,93,Open
451,Business Analyst,TechNova,Hyderabad,Maharashtra,India,Remote,Associate,3,23,9,"Power BI,SQL",Finance,339639,192,Bachelor,Contract,2026-04-17,89,Closed
452,Data Scientist,TCS,Hyderabad,Telangana,India,Onsite,Mid,0,13,18,"Power BI,SQL",IT Services,331270,371,Bachelor,Contract,2026-04-03,93,Open
453,BI Developer,Amazon,Mumbai,Maharashtra,India,Remote,Mid,8,16,5,"Python,Pandas",Finance,391644,282,Bachelor,Internship,2026-02-18,96,Closed
454,Data Analyst,Capgemini,Hyderabad,Delhi,India,Remote,Mid,2,30,10,"Python,SQL",Finance,1236351,443,Bachelor,Internship,2026-04-18,86,Closed
455,Data Analyst,Microsoft,Chennai,Delhi,India,Onsite,Senior,1,3,4,"Power BI,SQL",Finance,306123,272,Bachelor,Internship,2026-06-27,91,Open
456,Software Engineer,Zoho,Delhi,Tamil Nadu,India,Hybrid,Mid,2,26,10,"Power BI,SQL",IT Services,1674327,462,Bachelor,Full-time,2026-06-02,94,Closed
457,Data Analyst,Accenture,Bengaluru,Tamil Nadu,India,Hybrid,Mid,3,7,9,"Tableau,SQL",Finance,1190368,38,Master,Internship,2026-01-24,84,Open
458,ML Engineer,TechNova,Hyderabad,Tamil Nadu,India,Onsite,Senior,6,9,7,"Excel,SQL",Healthcare,1350411,257,Master,Full-time,2026-01-16,97,Closed
459,BI Developer,Microsoft,Hyderabad,Delhi,India,Onsite,Senior,1,4,6,"Python,SQL",Healthcare,1589399,215,Master,Contract,2026-03-17,71,Open
460,Business Analyst,Microsoft,Mumbai,Maharashtra,India,Hybrid,Associate,8,30,12,"Azure,Python",Retail,1005218,335,Master,Full-time,2026-06-30,52,Open
461,BI Developer,Infosys,Delhi,Maharashtra,India,Hybrid,Mid,1,13,16,"Python,SQL",Finance,1389704,377,Master,Internship,2026-01-26,82,Open
462,Data Scientist,Amazon,Chennai,Telangana,India,Remote,Associate,7,10,19,"Excel,SQL",IT Services,649194,429,Bachelor,Full-time,2026-05-08,77,Closed
463,ML Engineer,Amazon,Delhi,Karnataka,India,Remote,Entry,3,27,5,"Power BI,SQL",Healthcare,1214142,487,Master,Full-time,2026-03-20,60,Open
464,ML Engineer,TCS,Bengaluru,Karnataka,India,Remote,Mid,5,8,14,"Tableau,SQL",Education,1604337,144,Bachelor,Full-time,2026-04-14,60,Closed
465,Business Analyst,TCS,Chennai,Maharashtra,India,Hybrid,Senior,2,16,10,"Power BI,SQL",Education,1051477,376,Bachelor,Internship,2026-01-09,54,Closed
466,Data Scientist,TechNova,Mumbai,Telangana,India,Remote,Senior,0,28,18,"Azure,Python",Retail,1585941,417,Bachelor,Full-time,2026-04-06,50,Open
467,Data Analyst,Accenture,Hyderabad,Karnataka,India,Remote,Entry,3,12,10,"Tableau,SQL",Finance,704762,423,Bachelor,Contract,2026-01-05,84,Open
468,ML Engineer,Infosys,Hyderabad,Karnataka,India,Onsite,Senior,7,3,19,"Python,SQL",IT Services,1252597,163,Master,Contract,2026-02-04,76,Open
469,Data Analyst,Infosys,Pune,Telangana,India,Onsite,Entry,6,3,20,"Python,Pandas",IT Services,1694827,386,Bachelor,Contract,2026-06-30,67,Closed
470,BI Developer,Google,Chennai,Delhi,India,Remote,Senior,6,4,11,"Python,SQL",Retail,1709095,494,Bachelor,Internship,2026-01-16,69,Open
471,Business Analyst,Microsoft,Delhi,Maharashtra,India,Onsite,Mid,0,9,17,"Power BI,SQL",Retail,1353531,393,Bachelor,Full-time,2026-01-06,84,Closed
472,Data Analyst,Infosys,Pune,Tamil Nadu,India,Hybrid,Senior,2,6,19,"Excel,SQL",Finance,426230,55,Master,Full-time,2026-06-14,61,Closed
473,ML Engineer,TCS,Delhi,Maharashtra,India,Hybrid,Mid,4,30,19,"Power BI,SQL",Healthcare,1395948,14,Bachelor,Full-time,2026-04-30,56,Closed
474,Data Analyst,Wipro,Delhi,Tamil Nadu,India,Onsite,Associate,2,27,15,"Python,SQL",Retail,508875,165,Bachelor,Contract,2026-01-20,87,Closed
475,ML Engineer,Amazon,Chennai,Maharashtra,India,Hybrid,Mid,6,17,19,"Python,Pandas",Retail,504320,192,Master,Internship,2026-01-23,94,Open
476,Business Analyst,Google,Pune,Tamil Nadu,India,Onsite,Senior,8,22,14,"Python,SQL",IT Services,1357010,334,Bachelor,Contract,2026-01-18,97,Open
477,Data Scientist,Zoho,Chennai,Delhi,India,Onsite,Associate,6,13,19,"Python,Pandas",Retail,1695581,321,Bachelor,Internship,2026-04-26,95,Open
478,BI Developer,Microsoft,Bengaluru,Telangana,India,Hybrid,Associate,5,26,7,"Power BI,SQL",Education,1779780,331,Master,Full-time,2026-02-13,69,Open
479,ML Engineer,Infosys,Hyderabad,Maharashtra,India,Remote,Senior,4,14,13,"Excel,SQL",Healthcare,689289,268,Bachelor,Internship,2026-06-19,89,Open
480,Business Analyst,Wipro,Chennai,Karnataka,India,Onsite,Associate,8,27,18,"Azure,Python",Education,541638,276,Bachelor,Full-time,2026-06-04,76,Closed
481,Business Analyst,TechNova,Hyderabad,Tamil Nadu,India,Onsite,Associate,2,14,11,"Azure,Python",Education,388105,460,Master,Internship,2026-06-03,60,Closed
482,Business Analyst,Accenture,Pune,Telangana,India,Onsite,Senior,3,27,9,"Azure,Python",IT Services,1485877,127,Master,Full-time,2026-05-31,74,Open
483,Software Engineer,Infosys,Delhi,Tamil Nadu,India,Onsite,Entry,7,27,18,"Azure,Python",IT Services,1332625,134,Master,Contract,2026-01-06,96,Closed
484,Data Analyst,Infosys,Hyderabad,Maharashtra,India,Remote,Associate,8,7,6,"Azure,Python",Healthcare,732721,407,Bachelor,Contract,2026-05-03,98,Closed
485,Business Analyst,Capgemini,Hyderabad,Karnataka,India,Remote,Entry,3,12,11,"Azure,Python",IT Services,386491,481,Master,Internship,2026-02-05,96,Closed
486,Data Scientist,Amazon,Delhi,Tamil Nadu,India,Hybrid,Mid,4,13,20,"Python,SQL",Education,480601,65,Bachelor,Full-time,2026-02-24,51,Open
487,Software Engineer,Zoho,Hyderabad,Karnataka,India,Hybrid,Entry,3,5,10,"Power BI,SQL",Healthcare,727443,396,Master,Full-time,2026-02-22,66,Closed
488,Software Engineer,Capgemini,Chennai,Maharashtra,India,Onsite,Entry,7,7,16,"Python,Pandas",Finance,958137,173,Bachelor,Contract,2026-04-11,79,Closed
489,BI Developer,Capgemini,Delhi,Maharashtra,India,Remote,Senior,6,24,19,"Python,Pandas",Healthcare,426002,257,Master,Full-time,2026-01-02,55,Closed
490,Business Analyst,Google,Bengaluru,Telangana,India,Onsite,Mid,6,30,4,"Power BI,SQL",Education,1554537,245,Bachelor,Contract,2026-06-15,90,Closed
491,Data Scientist,Infosys,Pune,Tamil Nadu,India,Onsite,Entry,3,25,19,"Power BI,SQL",Retail,978653,153,Master,Internship,2026-05-22,82,Closed
492,ML Engineer,TCS,Pune,Maharashtra,India,Onsite,Associate,3,16,18,"Python,SQL",Retail,418172,0,Bachelor,Contract,2026-03-09,62,Open
493,Data Analyst,Google,Bengaluru,Tamil Nadu,India,Remote,Mid,0,24,20,"Excel,SQL",Finance,700442,411,Master,Internship,2026-06-28,54,Open
494,Data Analyst,TCS,Chennai,Tamil Nadu,India,Onsite,Associate,2,13,8,"Power BI,SQL",Retail,1515187,396,Bachelor,Full-time,2026-03-07,87,Closed
495,Software Engineer,TechNova,Bengaluru,Tamil Nadu,India,Hybrid,Senior,1,8,12,"Tableau,SQL",IT Services,1168241,432,Master,Internship,2026-05-10,85,Open
496,Data Scientist,Infosys,Delhi,Delhi,India,Onsite,Mid,3,21,20,"Python,SQL",IT Services,888111,420,Bachelor,Full-time,2026-02-16,98,Open
497,Business Analyst,Google,Hyderabad,Maharashtra,India,Hybrid,Entry,5,5,18,"Excel,SQL",Retail,425228,10,Master,Contract,2026-05-19,94,Open
498,ML Engineer,TCS,Chennai,Maharashtra,India,Remote,Entry,4,22,15,"Python,SQL",IT Services,878059,143,Bachelor,Full-time,2026-03-05,84,Open
499,Data Analyst,Zoho,Pune,Tamil Nadu,India,Hybrid,Senior,4,18,5,"Azure,Python",Retail,967563,217,Bachelor,Full-time,2026-05-03,67,Closed
500,Data Analyst,TCS,Mumbai,Telangana,India,Onsite,Mid,8,27,14,"Excel,SQL",Retail,595476,315,Bachelor,Contract,2026-03-03,63,Open
501,Business Analyst,TechNova,Delhi,Tamil Nadu,India,Hybrid,Entry,2,14,20,"Tableau,SQL",Finance,684616,377,Master,Full-time,2026-01-21,79,Open
502,BI Developer,Capgemini,Pune,Karnataka,India,Hybrid,Associate,3,15,14,"Power BI,SQL",Education,1631118,494,Bachelor,Contract,2026-01-01,78,Open
503,Software Engineer,Google,Bengaluru,Telangana,India,Remote,Associate,7,20,10,"Python,SQL",Retail,1619766,176,Master,Internship,2026-05-29,76,Open
504,Software Engineer,Infosys,Chennai,Karnataka,India,Onsite,Associate,7,11,16,"Python,SQL",Education,446584,50,Master,Full-time,2026-02-19,62,Closed
505,BI Developer,Wipro,Mumbai,Karnataka,India,Hybrid,Entry,0,26,10,"Excel,SQL",Retail,975071,391,Master,Contract,2026-03-21,78,Closed
506,Business Analyst,Zoho,Hyderabad,Telangana,India,Hybrid,Senior,0,14,7,"Excel,SQL",IT Services,746244,381,Master,Full-time,2026-02-14,85,Closed
507,ML Engineer,TCS,Pune,Telangana,India,Remote,Associate,2,22,15,"Azure,Python",Retail,1613190,228,Bachelor,Full-time,2026-05-08,70,Open
508,Business Analyst,Google,Hyderabad,Maharashtra,India,Remote,Associate,7,6,5,"Azure,Python",IT Services,1417088,398,Bachelor,Full-time,2026-04-20,52,Closed
509,Data Scientist,Accenture,Bengaluru,Tamil Nadu,India,Onsite,Mid,4,25,7,"Power BI,SQL",Healthcare,1243616,216,Master,Internship,2026-06-21,53,Closed
510,BI Developer,Accenture,Bengaluru,Delhi,India,Onsite,Associate,8,12,19,"Excel,SQL",Healthcare,507446,282,Master,Full-time,2026-01-22,61,Open
511,Software Engineer,Wipro,Pune,Maharashtra,India,Remote,Senior,2,20,14,"Power BI,SQL",Finance,612221,147,Bachelor,Internship,2026-04-20,54,Open
512,Software Engineer,Wipro,Chennai,Karnataka,India,Hybrid,Entry,1,22,5,"Power BI,SQL",Retail,1128048,462,Master,Full-time,2026-01-30,60,Closed
513,Software Engineer,Amazon,Bengaluru,Delhi,India,Onsite,Senior,7,21,13,"Power BI,SQL",Education,570665,461,Bachelor,Full-time,2026-03-01,90,Open
514,Data Analyst,Microsoft,Hyderabad,Delhi,India,Remote,Entry,5,30,19,"Tableau,SQL",Education,690985,118,Master,Internship,2026-05-30,98,Open
515,Business Analyst,TCS,Mumbai,Maharashtra,India,Onsite,Associate,2,9,5,"Tableau,SQL",Healthcare,817486,207,Master,Internship,2026-06-30,66,Open
516,Data Analyst,Infosys,Chennai,Telangana,India,Remote,Entry,4,28,15,"Excel,SQL",Finance,744164,131,Bachelor,Full-time,2026-01-30,71,Closed
517,Software Engineer,Capgemini,Hyderabad,Tamil Nadu,India,Remote,Associate,6,23,18,"Power BI,SQL",Education,325941,237,Master,Contract,2026-06-18,72,Closed
518,ML Engineer,Amazon,Chennai,Telangana,India,Remote,Entry,6,16,15,"Azure,Python",Retail,687664,155,Bachelor,Internship,2026-05-07,55,Closed
519,BI Developer,TechNova,Pune,Tamil Nadu,India,Remote,Senior,4,29,4,"Tableau,SQL",Finance,768401,350,Bachelor,Internship,2026-01-08,94,Closed
520,Software Engineer,Wipro,Hyderabad,Tamil Nadu,India,Hybrid,Entry,7,3,17,"Python,SQL",IT Services,663151,479,Bachelor,Full-time,2026-03-03,75,Closed
521,Data Analyst,Accenture,Bengaluru,Maharashtra,India,Onsite,Mid,5,5,11,"Power BI,SQL",IT Services,567545,308,Master,Contract,2026-02-09,95,Closed
522,Data Scientist,Zoho,Hyderabad,Karnataka,India,Hybrid,Associate,4,23,4,"Tableau,SQL",Education,968131,478,Bachelor,Contract,2026-04-19,86,Closed
523,Software Engineer,Accenture,Delhi,Telangana,India,Onsite,Mid,6,5,16,"Power BI,SQL",Retail,1510908,417,Bachelor,Full-time,2026-04-06,70,Closed
524,Data Analyst,TechNova,Hyderabad,Karnataka,India,Hybrid,Entry,4,20,8,"Excel,SQL",Healthcare,1109926,243,Bachelor,Contract,2026-04-23,64,Open
525,Software Engineer,Amazon,Hyderabad,Delhi,India,Onsite,Entry,4,17,20,"Azure,Python",Healthcare,1653096,2,Bachelor,Contract,2026-04-07,81,Open
526,BI Developer,Zoho,Delhi,Tamil Nadu,India,Onsite,Senior,5,16,18,"Python,Pandas",Retail,431991,255,Bachelor,Internship,2026-01-09,93,Open
527,Data Analyst,Zoho,Hyderabad,Karnataka,India,Hybrid,Mid,5,7,9,"Power BI,SQL",Healthcare,1454111,126,Bachelor,Full-time,2026-02-17,62,Closed
528,Data Analyst,Capgemini,Bengaluru,Tamil Nadu,India,Remote,Mid,2,28,19,"Power BI,SQL",Healthcare,1540918,293,Bachelor,Contract,2026-05-06,60,Closed
529,Software Engineer,TechNova,Chennai,Telangana,India,Hybrid,Entry,4,9,18,"Azure,Python",Finance,359761,212,Bachelor,Contract,2026-01-29,79,Closed
530,ML Engineer,Accenture,Pune,Telangana,India,Onsite,Entry,6,24,16,"Python,SQL",IT Services,1064895,432,Master,Contract,2026-04-26,75,Closed
531,Business Analyst,Accenture,Bengaluru,Karnataka,India,Onsite,Entry,2,18,14,"Excel,SQL",Healthcare,487536,421,Bachelor,Internship,2026-05-05,89,Open
532,Data Scientist,Accenture,Chennai,Delhi,India,Onsite,Senior,5,30,15,"Power BI,SQL",Education,1263020,258,Bachelor,Internship,2026-06-18,70,Open
533,Software Engineer,Capgemini,Bengaluru,Delhi,India,Hybrid,Mid,0,3,5,"Python,Pandas",Healthcare,389428,256,Master,Internship,2026-05-22,96,Closed
534,ML Engineer,Wipro,Mumbai,Maharashtra,India,Onsite,Mid,4,18,6,"Python,SQL",Finance,962576,33,Master,Full-time,2026-06-12,53,Closed
535,Business Analyst,TCS,Pune,Karnataka,India,Hybrid,Entry,3,9,12,"Python,Pandas",Healthcare,1286637,207,Master,Internship,2026-03-24,79,Closed
536,BI Developer,Google,Pune,Delhi,India,Onsite,Associate,5,23,17,"Power BI,SQL",Finance,1677180,289,Master,Internship,2026-01-05,72,Open
537,Software Engineer,Infosys,Hyderabad,Tamil Nadu,India,Onsite,Senior,1,13,7,"Python,SQL",Education,1066275,117,Bachelor,Contract,2026-02-25,58,Open
538,Business Analyst,Wipro,Bengaluru,Delhi,India,Onsite,Entry,0,11,12,"Python,Pandas",IT Services,1320064,343,Master,Contract,2026-03-31,56,Open
539,BI Developer,Capgemini,Mumbai,Delhi,India,Remote,Senior,6,8,15,"Python,SQL",Education,1233879,144,Master,Internship,2026-03-30,73,Open
540,BI Developer,Capgemini,Bengaluru,Maharashtra,India,Hybrid,Associate,3,26,9,"Excel,SQL",IT Services,560467,71,Bachelor,Full-time,2026-03-26,85,Open
541,Business Analyst,TCS,Hyderabad,Maharashtra,India,Remote,Entry,6,7,16,"Python,SQL",Education,579572,43,Master,Contract,2026-04-08,59,Closed
542,Software Engineer,Infosys,Mumbai,Maharashtra,India,Onsite,Entry,3,19,15,"Azure,Python",Retail,540080,497,Bachelor,Full-time,2026-06-25,87,Open
543,ML Engineer,Infosys,Hyderabad,Tamil Nadu,India,Onsite,Associate,8,22,12,"Azure,Python",Finance,398009,11,Bachelor,Full-time,2026-06-25,61,Open
544,Data Scientist,TechNova,Delhi,Telangana,India,Onsite,Associate,3,3,5,"Power BI,SQL",Finance,1184576,292,Bachelor,Full-time,2026-06-12,50,Closed
545,Data Analyst,TCS,Pune,Telangana,India,Onsite,Mid,5,22,18,"Python,Pandas",Finance,1082690,238,Master,Contract,2026-05-06,50,Open
546,Business Analyst,Infosys,Hyderabad,Maharashtra,India,Onsite,Associate,4,24,11,"Python,Pandas",Retail,568334,397,Bachelor,Internship,2026-03-27,52,Closed
547,Software Engineer,Wipro,Mumbai,Telangana,India,Onsite,Senior,3,19,11,"Excel,SQL",Healthcare,880064,292,Master,Internship,2026-05-04,74,Closed
548,ML Engineer,Amazon,Chennai,Maharashtra,India,Hybrid,Associate,8,30,6,"Python,Pandas",Retail,1738775,474,Master,Contract,2026-03-04,54,Open
549,Software Engineer,TCS,Hyderabad,Telangana,India,Onsite,Associate,2,23,10,"Tableau,SQL",Finance,732904,276,Bachelor,Internship,2026-02-26,90,Closed
550,BI Developer,Zoho,Hyderabad,Tamil Nadu,India,Remote,Associate,3,16,19,"Power BI,SQL",Education,547874,63,Bachelor,Full-time,2026-02-18,89,Closed
551,Data Analyst,Microsoft,Chennai,Karnataka,India,Remote,Senior,4,9,15,"Azure,Python",Retail,1634182,394,Master,Contract,2026-02-15,88,Closed
552,Software Engineer,Amazon,Hyderabad,Tamil Nadu,India,Hybrid,Entry,7,21,16,"Excel,SQL",Retail,995409,34,Master,Full-time,2026-04-30,66,Open
553,Business Analyst,TCS,Mumbai,Maharashtra,India,Remote,Senior,2,25,13,"Excel,SQL",Education,1408934,65,Master,Full-time,2026-02-07,89,Closed
554,Business Analyst,TechNova,Chennai,Karnataka,India,Hybrid,Entry,0,21,15,"Excel,SQL",Retail,543849,70,Bachelor,Full-time,2026-04-03,63,Closed
555,ML Engineer,TCS,Pune,Telangana,India,Remote,Senior,0,3,7,"Power BI,SQL",IT Services,790496,163,Master,Full-time,2026-02-26,76,Closed
556,Software Engineer,TechNova,Hyderabad,Delhi,India,Onsite,Associate,8,13,19,"Power BI,SQL",Healthcare,909626,488,Bachelor,Contract,2026-02-05,81,Open
557,Business Analyst,Accenture,Chennai,Delhi,India,Onsite,Mid,2,29,19,"Excel,SQL",Education,443391,98,Bachelor,Full-time,2026-06-03,86,Open
558,Business Analyst,Microsoft,Delhi,Karnataka,India,Remote,Associate,2,29,11,"Power BI,SQL",Finance,1420095,330,Bachelor,Full-time,2026-03-24,95,Closed
559,ML Engineer,Zoho,Bengaluru,Delhi,India,Hybrid,Associate,2,15,16,"Tableau,SQL",Finance,1684290,59,Bachelor,Internship,2026-05-13,62,Open
560,Business Analyst,Google,Chennai,Telangana,India,Hybrid,Associate,7,7,20,"Tableau,SQL",Retail,1122087,57,Bachelor,Full-time,2026-05-04,62,Open
561,ML Engineer,Zoho,Hyderabad,Tamil Nadu,India,Hybrid,Senior,1,27,17,"Power BI,SQL",Retail,744915,432,Bachelor,Full-time,2026-03-10,67,Open
562,Business Analyst,Accenture,Delhi,Maharashtra,India,Hybrid,Associate,8,26,10,"Excel,SQL",Healthcare,1117143,317,Bachelor,Contract,2026-03-02,54,Closed
563,Data Analyst,Wipro,Chennai,Karnataka,India,Remote,Mid,3,24,9,"Tableau,SQL",IT Services,1646240,197,Master,Internship,2026-03-17,52,Open
564,ML Engineer,TCS,Delhi,Telangana,India,Onsite,Senior,2,6,15,"Azure,Python",Retail,1583066,125,Master,Internship,2026-06-12,61,Open
565,Software Engineer,Google,Bengaluru,Maharashtra,India,Remote,Associate,6,8,18,"Python,SQL",IT Services,402182,338,Bachelor,Full-time,2026-04-25,77,Open
566,BI Developer,Microsoft,Chennai,Telangana,India,Onsite,Senior,4,25,10,"Python,Pandas",IT Services,368751,387,Master,Contract,2026-06-04,74,Closed
567,Data Analyst,Capgemini,Mumbai,Karnataka,India,Remote,Entry,2,29,19,"Excel,SQL",Retail,386288,227,Bachelor,Internship,2026-03-17,81,Closed
568,BI Developer,TCS,Pune,Karnataka,India,Hybrid,Senior,1,25,19,"Tableau,SQL",Retail,985561,404,Bachelor,Full-time,2026-02-21,54,Closed
569,ML Engineer,Accenture,Pune,Karnataka,India,Onsite,Associate,0,5,13,"Azure,Python",IT Services,1605633,1,Bachelor,Internship,2026-01-15,59,Closed
570,Data Analyst,TechNova,Delhi,Karnataka,India,Remote,Entry,7,10,17,"Power BI,SQL",Finance,1068895,29,Master,Contract,2026-02-10,52,Closed
571,Business Analyst,Google,Mumbai,Maharashtra,India,Onsite,Senior,4,8,15,"Azure,Python",Healthcare,524738,3,Master,Internship,2026-01-03,75,Open
572,Software Engineer,TCS,Hyderabad,Telangana,India,Hybrid,Associate,6,23,6,"Python,Pandas",IT Services,622662,349,Bachelor,Full-time,2026-02-03,58,Closed
573,Business Analyst,TCS,Mumbai,Karnataka,India,Onsite,Associate,1,14,12,"Python,SQL",IT Services,668668,61,Bachelor,Internship,2026-02-14,98,Open
574,Data Scientist,TCS,Mumbai,Tamil Nadu,India,Onsite,Associate,7,4,17,"Python,SQL",IT Services,677000,40,Bachelor,Full-time,2026-01-13,71,Closed
575,BI Developer,Wipro,Delhi,Maharashtra,India,Remote,Associate,3,12,17,"Python,Pandas",IT Services,922483,397,Master,Contract,2026-06-05,62,Closed
576,Business Analyst,TCS,Chennai,Telangana,India,Hybrid,Entry,1,13,4,"Tableau,SQL",Healthcare,1610485,341,Bachelor,Full-time,2026-02-07,62,Closed
577,Software Engineer,Capgemini,Bengaluru,Maharashtra,India,Onsite,Associate,6,14,15,"Excel,SQL",Healthcare,708910,495,Master,Full-time,2026-02-23,72,Open
578,Business Analyst,Wipro,Bengaluru,Delhi,India,Hybrid,Associate,3,23,18,"Power BI,SQL",Healthcare,1725043,138,Master,Contract,2026-05-28,60,Closed
579,Data Analyst,TechNova,Mumbai,Delhi,India,Hybrid,Mid,5,7,8,"Azure,Python",Education,545694,43,Bachelor,Full-time,2026-03-21,61,Open
580,Data Analyst,Accenture,Hyderabad,Maharashtra,India,Onsite,Mid,7,15,4,"Azure,Python",Education,1702477,360,Master,Contract,2026-04-03,95,Closed
581,Data Scientist,Amazon,Delhi,Tamil Nadu,India,Hybrid,Mid,1,16,13,"Azure,Python",Retail,1207662,235,Bachelor,Full-time,2026-01-19,73,Open
582,Business Analyst,Microsoft,Hyderabad,Tamil Nadu,India,Onsite,Entry,1,23,10,"Python,SQL",Retail,957003,240,Master,Full-time,2026-04-13,88,Closed
583,Data Analyst,Wipro,Chennai,Tamil Nadu,India,Remote,Senior,3,22,14,"Excel,SQL",Education,975746,49,Bachelor,Contract,2026-03-04,66,Open
584,BI Developer,Capgemini,Pune,Telangana,India,Onsite,Mid,0,12,17,"Python,SQL",Education,1462405,306,Bachelor,Full-time,2026-06-06,92,Open
585,ML Engineer,Google,Hyderabad,Telangana,India,Remote,Mid,6,26,18,"Python,Pandas",Retail,377143,316,Master,Full-time,2026-05-18,57,Open
586,Business Analyst,Wipro,Pune,Maharashtra,India,Hybrid,Senior,7,17,17,"Python,SQL",Education,922329,246,Master,Contract,2026-04-10,54,Open
587,Data Analyst,Infosys,Delhi,Delhi,India,Remote,Mid,2,5,17,"Tableau,SQL",IT Services,776727,404,Master,Internship,2026-06-22,61,Open
588,Data Analyst,Accenture,Hyderabad,Telangana,India,Remote,Associate,0,18,9,"Python,Pandas",Healthcare,725253,291,Master,Internship,2026-04-28,86,Closed
589,Data Analyst,Wipro,Hyderabad,Tamil Nadu,India,Hybrid,Senior,0,14,18,"Python,Pandas",Healthcare,338284,176,Bachelor,Internship,2026-04-27,59,Open
590,Data Scientist,Zoho,Pune,Telangana,India,Onsite,Mid,1,15,11,"Azure,Python",IT Services,1293597,403,Bachelor,Full-time,2026-01-20,85,Closed
591,Data Scientist,Infosys,Bengaluru,Maharashtra,India,Hybrid,Associate,6,4,13,"Excel,SQL",IT Services,998944,335,Bachelor,Contract,2026-03-03,88,Closed
592,Business Analyst,Wipro,Delhi,Telangana,India,Hybrid,Mid,4,26,18,"Azure,Python",Finance,744600,104,Master,Contract,2026-03-16,52,Open
593,Software Engineer,Infosys,Hyderabad,Maharashtra,India,Remote,Entry,0,10,20,"Azure,Python",Education,1083727,400,Master,Internship,2026-05-23,70,Closed
594,Data Scientist,TechNova,Hyderabad,Telangana,India,Onsite,Senior,6,27,5,"Tableau,SQL",Education,1714559,142,Bachelor,Internship,2026-05-20,93,Open
595,Data Analyst,Zoho,Delhi,Karnataka,India,Hybrid,Mid,6,12,7,"Tableau,SQL",Education,1731008,387,Bachelor,Full-time,2026-03-07,83,Closed
596,Data Analyst,Zoho,Mumbai,Tamil Nadu,India,Remote,Mid,0,9,17,"Python,Pandas",Finance,1301267,286,Bachelor,Contract,2026-03-08,95,Closed
597,Software Engineer,Amazon,Mumbai,Telangana,India,Hybrid,Entry,3,4,7,"Power BI,SQL",IT Services,728576,285,Master,Internship,2026-02-13,58,Closed
598,Data Scientist,TechNova,Pune,Karnataka,India,Hybrid,Senior,7,24,18,"Python,Pandas",IT Services,380069,285,Master,Internship,2026-04-07,58,Closed
599,BI Developer,TechNova,Hyderabad,Tamil Nadu,India,Hybrid,Associate,3,24,5,"Azure,Python",Retail,911865,376,Master,Internship,2026-05-05,93,Open
600,Data Analyst,Accenture,Delhi,Karnataka,India,Hybrid,Mid,5,17,15,"Python,SQL",IT Services,557199,42,Bachelor,Full-time,2026-02-04,53,Open
601,Data Analyst,Zoho,Hyderabad,Delhi,India,Remote,Associate,3,17,18,"Tableau,SQL",Retail,1137298,6,Bachelor,Contract,2026-01-26,63,Closed
602,Business Analyst,Wipro,Hyderabad,Telangana,India,Onsite,Mid,1,11,10,"Python,Pandas",Finance,1519095,220,Bachelor,Internship,2026-06-26,64,Closed
603,Data Scientist,Zoho,Chennai,Maharashtra,India,Onsite,Entry,8,18,11,"Python,Pandas",IT Services,664912,159,Master,Internship,2026-01-03,70,Closed
604,Business Analyst,Microsoft,Mumbai,Maharashtra,India,Hybrid,Associate,4,15,18,"Excel,SQL",Education,702701,105,Bachelor,Internship,2026-06-24,62,Open
605,Software Engineer,Infosys,Chennai,Telangana,India,Remote,Mid,3,30,8,"Azure,Python",Finance,1119125,233,Bachelor,Internship,2026-03-21,87,Open
606,Business Analyst,Google,Pune,Karnataka,India,Remote,Entry,3,19,8,"Power BI,SQL",Education,575802,310,Master,Full-time,2026-02-23,87,Closed
607,Business Analyst,Accenture,Chennai,Maharashtra,India,Remote,Entry,5,19,9,"Excel,SQL",Healthcare,1293997,240,Master,Full-time,2026-04-27,79,Closed
608,ML Engineer,Accenture,Pune,Tamil Nadu,India,Hybrid,Associate,6,27,12,"Python,SQL",Finance,1488013,105,Master,Contract,2026-04-03,72,Open
609,Software Engineer,Google,Hyderabad,Tamil Nadu,India,Onsite,Associate,8,25,6,"Python,SQL",IT Services,370823,211,Master,Full-time,2026-01-01,86,Open
610,Business Analyst,Capgemini,Pune,Telangana,India,Onsite,Senior,0,25,20,"Tableau,SQL",IT Services,1146079,55,Master,Internship,2026-04-01,93,Open
611,Data Scientist,Zoho,Pune,Tamil Nadu,India,Hybrid,Senior,3,30,16,"Python,Pandas",Education,1647614,343,Master,Internship,2026-06-19,84,Closed
612,Business Analyst,Infosys,Delhi,Tamil Nadu,India,Remote,Entry,7,14,9,"Azure,Python",Finance,1533261,335,Master,Internship,2026-04-16,94,Open
613,BI Developer,Capgemini,Mumbai,Delhi,India,Onsite,Associate,3,22,19,"Power BI,SQL",Retail,1019931,439,Bachelor,Full-time,2026-04-17,61,Open
614,Data Analyst,Zoho,Mumbai,Tamil Nadu,India,Remote,Senior,3,15,6,"Python,Pandas",Healthcare,1220932,228,Master,Internship,2026-01-14,56,Closed
615,Software Engineer,Microsoft,Delhi,Maharashtra,India,Remote,Senior,0,30,18,"Python,Pandas",Healthcare,421111,302,Master,Contract,2026-01-03,66,Closed
616,Software Engineer,Google,Delhi,Karnataka,India,Onsite,Entry,2,13,6,"Python,Pandas",Finance,402784,127,Master,Internship,2026-06-18,69,Open
617,BI Developer,Accenture,Mumbai,Karnataka,India,Remote,Mid,6,23,17,"Azure,Python",Healthcare,820368,64,Master,Contract,2026-04-05,65,Open
618,Software Engineer,TechNova,Delhi,Telangana,India,Remote,Entry,7,22,14,"Tableau,SQL",Healthcare,432144,305,Bachelor,Contract,2026-01-31,92,Closed
619,Business Analyst,TCS,Delhi,Telangana,India,Remote,Associate,3,17,19,"Excel,SQL",IT Services,1508998,174,Master,Full-time,2026-03-19,73,Open
620,BI Developer,TechNova,Pune,Telangana,India,Remote,Entry,2,30,5,"Python,Pandas",IT Services,1079970,356,Master,Full-time,2026-03-22,59,Closed
621,Software Engineer,Capgemini,Pune,Maharashtra,India,Remote,Senior,5,20,17,"Power BI,SQL",Healthcare,1537107,204,Master,Internship,2026-05-13,98,Open
622,Business Analyst,Capgemini,Mumbai,Tamil Nadu,India,Remote,Senior,7,15,11,"Python,Pandas",Retail,1058610,463,Master,Full-time,2026-01-02,51,Open
623,Business Analyst,Google,Bengaluru,Delhi,India,Remote,Entry,6,23,20,"Python,SQL",Finance,971715,67,Bachelor,Internship,2026-06-15,97,Open
624,BI Developer,Infosys,Bengaluru,Maharashtra,India,Hybrid,Senior,5,20,11,"Azure,Python",IT Services,679438,406,Master,Contract,2026-05-26,85,Open
625,Software Engineer,Capgemini,Chennai,Delhi,India,Remote,Associate,3,9,15,"Power BI,SQL",Education,1603517,355,Master,Full-time,2026-05-11,95,Closed
626,Business Analyst,Microsoft,Hyderabad,Karnataka,India,Hybrid,Mid,6,4,18,"Azure,Python",Education,849670,222,Master,Full-time,2026-06-04,92,Closed
627,Business Analyst,TechNova,Delhi,Tamil Nadu,India,Onsite,Associate,4,9,7,"Excel,SQL",Retail,1512106,398,Bachelor,Internship,2026-03-18,51,Open
628,Data Scientist,Zoho,Chennai,Karnataka,India,Onsite,Associate,1,17,11,"Power BI,SQL",Education,306413,177,Bachelor,Contract,2026-02-18,52,Open
629,BI Developer,Accenture,Mumbai,Telangana,India,Hybrid,Senior,0,22,11,"Power BI,SQL",Education,592117,211,Master,Internship,2026-01-22,61,Closed
630,Data Scientist,Amazon,Chennai,Tamil Nadu,India,Onsite,Senior,0,14,7,"Power BI,SQL",Retail,1181054,221,Bachelor,Internship,2026-04-25,53,Closed
631,Business Analyst,Capgemini,Delhi,Tamil Nadu,India,Hybrid,Mid,4,9,5,"Excel,SQL",Retail,701736,152,Bachelor,Contract,2026-02-06,53,Closed
632,Data Scientist,Microsoft,Hyderabad,Maharashtra,India,Hybrid,Mid,0,15,10,"Azure,Python",IT Services,734815,428,Bachelor,Full-time,2026-01-15,96,Open
633,Software Engineer,Accenture,Hyderabad,Maharashtra,India,Hybrid,Entry,5,23,7,"Python,SQL",Education,1533474,391,Bachelor,Internship,2026-03-22,73,Closed
634,Data Analyst,TCS,Pune,Karnataka,India,Remote,Mid,6,7,4,"Power BI,SQL",Education,1179195,218,Master,Contract,2026-06-24,77,Open
635,Software Engineer,Wipro,Delhi,Delhi,India,Remote,Entry,0,17,6,"Azure,Python",Education,1475143,435,Master,Contract,2026-05-19,89,Open
636,Business Analyst,TCS,Chennai,Telangana,India,Hybrid,Entry,0,21,9,"Tableau,SQL",IT Services,1047617,406,Bachelor,Internship,2026-05-03,89,Open
637,ML Engineer,TCS,Mumbai,Tamil Nadu,India,Remote,Senior,6,27,18,"Python,SQL",Retail,1359343,40,Bachelor,Full-time,2026-04-02,61,Closed
638,BI Developer,Wipro,Bengaluru,Karnataka,India,Hybrid,Entry,3,27,11,"Tableau,SQL",Finance,1544481,446,Bachelor,Full-time,2026-05-12,88,Closed
639,Data Analyst,Wipro,Chennai,Telangana,India,Remote,Entry,0,20,17,"Python,SQL",Finance,1645335,78,Bachelor,Contract,2026-02-23,74,Open
640,Data Scientist,Zoho,Bengaluru,Karnataka,India,Hybrid,Senior,7,11,20,"Excel,SQL",Retail,947326,10,Bachelor,Contract,2026-02-13,67,Open
641,BI Developer,Zoho,Pune,Maharashtra,India,Remote,Associate,3,17,11,"Python,SQL",IT Services,1280665,299,Master,Contract,2026-04-13,85,Closed
642,Software Engineer,TechNova,Hyderabad,Delhi,India,Hybrid,Senior,6,3,19,"Python,SQL",Finance,1647515,298,Master,Contract,2026-03-10,51,Closed
643,BI Developer,Microsoft,Pune,Tamil Nadu,India,Remote,Mid,1,5,5,"Tableau,SQL",Education,396199,382,Master,Contract,2026-01-21,54,Closed
644,Data Analyst,TechNova,Bengaluru,Telangana,India,Onsite,Entry,8,19,5,"Tableau,SQL",Healthcare,643961,288,Bachelor,Full-time,2026-01-21,66,Closed
645,Software Engineer,Zoho,Pune,Karnataka,India,Remote,Senior,2,5,10,"Tableau,SQL",Finance,1355255,9,Bachelor,Full-time,2026-04-17,78,Open
646,Business Analyst,Microsoft,Mumbai,Maharashtra,India,Onsite,Associate,5,13,18,"Power BI,SQL",IT Services,1514759,237,Bachelor,Full-time,2026-05-02,93,Open
647,Data Scientist,Infosys,Hyderabad,Karnataka,India,Hybrid,Associate,2,28,7,"Python,SQL",Healthcare,715765,43,Bachelor,Contract,2026-05-27,60,Open
648,Software Engineer,Google,Pune,Karnataka,India,Onsite,Entry,1,18,7,"Tableau,SQL",Healthcare,1713165,212,Master,Contract,2026-03-03,72,Open
649,ML Engineer,Capgemini,Pune,Tamil Nadu,India,Remote,Associate,1,8,13,"Azure,Python",Healthcare,792863,340,Bachelor,Internship,2026-04-03,72,Open
650,Data Scientist,Amazon,Bengaluru,Tamil Nadu,India,Hybrid,Mid,7,17,15,"Azure,Python",IT Services,1256525,320,Master,Full-time,2026-05-30,74,Open
651,Data Scientist,TechNova,Hyderabad,Karnataka,India,Hybrid,Entry,6,18,17,"Excel,SQL",Retail,746103,465,Master,Internship,2026-05-24,67,Open
652,Data Analyst,Accenture,Pune,Telangana,India,Remote,Mid,2,8,4,"Tableau,SQL",Finance,1363421,376,Bachelor,Contract,2026-02-07,80,Open
653,Data Scientist,Wipro,Hyderabad,Telangana,India,Remote,Associate,7,5,12,"Python,Pandas",Finance,1454781,73,Bachelor,Contract,2026-03-08,91,Open
654,Business Analyst,TechNova,Bengaluru,Delhi,India,Onsite,Senior,2,10,6,"Power BI,SQL",Healthcare,1256913,67,Master,Full-time,2026-03-18,77,Closed
655,Data Analyst,Zoho,Chennai,Telangana,India,Onsite,Senior,0,12,9,"Excel,SQL",Finance,454709,136,Bachelor,Full-time,2026-03-18,71,Closed
656,ML Engineer,TCS,Chennai,Karnataka,India,Hybrid,Associate,3,17,10,"Tableau,SQL",IT Services,491087,208,Master,Contract,2026-05-12,89,Closed
657,BI Developer,Amazon,Delhi,Telangana,India,Remote,Mid,1,23,15,"Excel,SQL",Healthcare,491097,2,Bachelor,Contract,2026-02-14,56,Open
658,Software Engineer,Zoho,Pune,Delhi,India,Remote,Senior,6,28,8,"Excel,SQL",Healthcare,1614703,184,Bachelor,Full-time,2026-04-26,94,Closed
659,Data Scientist,Google,Mumbai,Karnataka,India,Remote,Senior,3,12,17,"Tableau,SQL",Education,1741987,435,Master,Contract,2026-06-30,58,Open
660,Data Analyst,TCS,Hyderabad,Karnataka,India,Hybrid,Entry,0,4,5,"Azure,Python",Healthcare,1364773,98,Bachelor,Internship,2026-02-19,65,Closed
661,ML Engineer,Zoho,Bengaluru,Tamil Nadu,India,Remote,Associate,1,30,12,"Azure,Python",Healthcare,1483612,276,Bachelor,Contract,2026-05-12,55,Open
662,Software Engineer,Capgemini,Chennai,Telangana,India,Remote,Associate,0,3,18,"Excel,SQL",Education,798280,413,Bachelor,Contract,2026-06-19,79,Open
663,Software Engineer,Microsoft,Chennai,Tamil Nadu,India,Hybrid,Senior,7,28,5,"Azure,Python",Retail,816672,100,Bachelor,Full-time,2026-04-23,77,Open
664,Data Analyst,Microsoft,Hyderabad,Telangana,India,Remote,Entry,8,7,7,"Excel,SQL",Finance,882372,246,Bachelor,Internship,2026-01-02,92,Closed
665,Business Analyst,Microsoft,Hyderabad,Karnataka,India,Onsite,Associate,4,22,12,"Python,Pandas",Retail,586718,94,Bachelor,Full-time,2026-06-09,81,Closed
666,Business Analyst,Amazon,Bengaluru,Telangana,India,Onsite,Entry,6,28,12,"Azure,Python",Finance,1439885,180,Bachelor,Internship,2026-03-25,66,Open
667,Software Engineer,Zoho,Chennai,Tamil Nadu,India,Remote,Entry,7,20,17,"Excel,SQL",Education,604880,460,Bachelor,Full-time,2026-02-14,50,Closed
668,Software Engineer,Infosys,Chennai,Tamil Nadu,India,Remote,Entry,4,10,10,"Azure,Python",IT Services,1022233,208,Master,Internship,2026-05-31,81,Closed
669,Business Analyst,Wipro,Delhi,Delhi,India,Onsite,Senior,3,15,10,"Python,SQL",Healthcare,652555,206,Bachelor,Contract,2026-05-11,84,Closed
670,Business Analyst,TCS,Hyderabad,Telangana,India,Hybrid,Entry,0,8,15,"Power BI,SQL",Finance,883110,397,Bachelor,Full-time,2026-01-09,62,Closed
671,BI Developer,Wipro,Bengaluru,Tamil Nadu,India,Hybrid,Senior,3,29,5,"Excel,SQL",Healthcare,1121911,294,Bachelor,Internship,2026-05-24,71,Closed
672,Business Analyst,Microsoft,Chennai,Maharashtra,India,Remote,Entry,6,8,8,"Python,SQL",Education,1636805,105,Bachelor,Full-time,2026-04-26,86,Closed
673,ML Engineer,Zoho,Delhi,Telangana,India,Remote,Associate,5,26,4,"Python,SQL",Healthcare,885087,148,Master,Full-time,2026-02-27,77,Closed
674,BI Developer,Wipro,Mumbai,Maharashtra,India,Hybrid,Mid,1,25,18,"Excel,SQL",Healthcare,1131441,179,Bachelor,Contract,2026-03-24,58,Open
675,Business Analyst,Accenture,Mumbai,Delhi,India,Hybrid,Associate,0,14,9,"Tableau,SQL",Healthcare,1411130,475,Master,Internship,2026-03-24,53,Open
676,Data Scientist,Capgemini,Mumbai,Delhi,India,Remote,Entry,6,12,4,"Python,SQL",Finance,1526623,144,Bachelor,Full-time,2026-03-18,67,Open
677,BI Developer,Google,Chennai,Karnataka,India,Onsite,Entry,5,11,15,"Tableau,SQL",Finance,972242,165,Master,Full-time,2026-06-05,87,Open
678,ML Engineer,Accenture,Delhi,Karnataka,India,Remote,Entry,0,4,10,"Excel,SQL",Retail,630509,481,Bachelor,Full-time,2026-02-02,73,Open
679,Data Analyst,Zoho,Hyderabad,Delhi,India,Hybrid,Associate,5,24,8,"Python,SQL",Retail,902573,374,Master,Contract,2026-02-28,88,Open
680,Software Engineer,Capgemini,Delhi,Delhi,India,Onsite,Senior,6,30,18,"Excel,SQL",IT Services,1309274,28,Master,Internship,2026-02-23,57,Closed
681,Business Analyst,Capgemini,Pune,Karnataka,India,Remote,Associate,5,15,6,"Tableau,SQL",Finance,1565717,371,Bachelor,Internship,2026-02-16,97,Closed
682,Data Scientist,TCS,Hyderabad,Maharashtra,India,Hybrid,Associate,7,12,14,"Tableau,SQL",Education,554606,176,Master,Full-time,2026-04-06,56,Open
683,Data Analyst,Capgemini,Mumbai,Maharashtra,India,Remote,Entry,8,3,13,"Python,Pandas",Finance,959570,217,Bachelor,Full-time,2026-04-29,97,Open
684,BI Developer,Zoho,Chennai,Karnataka,India,Onsite,Entry,1,17,17,"Excel,SQL",Finance,1406650,425,Bachelor,Contract,2026-01-13,80,Open
685,Business Analyst,Zoho,Bengaluru,Tamil Nadu,India,Hybrid,Entry,6,7,20,"Excel,SQL",Retail,761445,167,Master,Full-time,2026-04-04,85,Open
686,Data Scientist,Microsoft,Pune,Delhi,India,Hybrid,Senior,1,10,16,"Python,Pandas",Retail,1128702,316,Master,Internship,2026-02-25,58,Open
687,Data Analyst,Microsoft,Chennai,Tamil Nadu,India,Hybrid,Entry,7,22,20,"Python,SQL",IT Services,1655569,443,Master,Internship,2026-03-25,65,Closed
688,ML Engineer,Wipro,Pune,Telangana,India,Onsite,Associate,8,4,7,"Azure,Python",IT Services,1471818,474,Bachelor,Full-time,2026-06-21,55,Open
689,BI Developer,TechNova,Chennai,Tamil Nadu,India,Onsite,Associate,7,3,9,"Power BI,SQL",Finance,748985,492,Bachelor,Internship,2026-03-16,50,Closed
690,Software Engineer,TechNova,Bengaluru,Tamil Nadu,India,Remote,Associate,1,10,17,"Power BI,SQL",Finance,1660134,177,Bachelor,Full-time,2026-05-09,93,Closed
691,Data Scientist,TechNova,Bengaluru,Maharashtra,India,Remote,Entry,1,18,10,"Python,SQL",IT Services,338564,455,Bachelor,Internship,2026-03-14,76,Closed
692,Data Analyst,TechNova,Mumbai,Tamil Nadu,India,Hybrid,Entry,4,12,9,"Excel,SQL",IT Services,509849,275,Master,Contract,2026-01-30,59,Closed
693,ML Engineer,Wipro,Mumbai,Delhi,India,Hybrid,Entry,1,4,5,"Python,SQL",IT Services,596922,419,Bachelor,Contract,2026-01-24,93,Closed
694,ML Engineer,Microsoft,Delhi,Karnataka,India,Onsite,Entry,8,5,12,"Tableau,SQL",Healthcare,1244725,393,Master,Internship,2026-06-10,67,Closed
695,Business Analyst,TechNova,Hyderabad,Tamil Nadu,India,Remote,Associate,8,25,8,"Python,Pandas",Finance,1606489,3,Bachelor,Contract,2026-04-19,74,Closed
696,BI Developer,Amazon,Mumbai,Telangana,India,Onsite,Entry,0,5,8,"Azure,Python",Finance,1766980,248,Bachelor,Full-time,2026-05-12,55,Closed
697,Business Analyst,TCS,Hyderabad,Karnataka,India,Remote,Associate,1,21,16,"Python,Pandas",Finance,409431,409,Master,Full-time,2026-01-26,85,Closed
698,Business Analyst,Wipro,Bengaluru,Telangana,India,Onsite,Entry,7,19,9,"Azure,Python",Retail,1494228,347,Master,Internship,2026-05-28,59,Closed
699,BI Developer,TCS,Mumbai,Delhi,India,Hybrid,Mid,6,16,17,"Python,Pandas",Retail,661926,376,Master,Full-time,2026-04-24,62,Open
700,BI Developer,Microsoft,Mumbai,Telangana,India,Onsite,Senior,1,12,7,"Python,SQL",Retail,346274,471,Bachelor,Internship,2026-06-14,75,Closed
701,Data Scientist,Infosys,Bengaluru,Maharashtra,India,Onsite,Mid,7,24,13,"Excel,SQL",Retail,1413492,236,Bachelor,Contract,2026-04-11,70,Open
702,Software Engineer,TechNova,Hyderabad,Delhi,India,Hybrid,Mid,4,4,5,"Excel,SQL",Education,1122667,207,Bachelor,Internship,2026-03-30,55,Closed
703,Data Analyst,Capgemini,Hyderabad,Karnataka,India,Remote,Senior,7,24,20,"Excel,SQL",Healthcare,862816,245,Bachelor,Internship,2026-03-09,91,Closed
704,BI Developer,Zoho,Mumbai,Telangana,India,Remote,Entry,5,22,18,"Python,Pandas",Education,522580,132,Bachelor,Full-time,2026-01-14,50,Closed
705,Data Analyst,Infosys,Bengaluru,Tamil Nadu,India,Onsite,Entry,0,22,6,"Azure,Python",Retail,1324835,462,Master,Contract,2026-05-19,76,Open
706,Business Analyst,TechNova,Bengaluru,Delhi,India,Remote,Associate,3,3,19,"Excel,SQL",Finance,1533556,65,Master,Contract,2026-02-20,83,Closed
707,BI Developer,Wipro,Mumbai,Telangana,India,Remote,Mid,0,16,12,"Excel,SQL",IT Services,1769884,177,Master,Full-time,2026-02-20,97,Closed
708,Data Analyst,Accenture,Bengaluru,Tamil Nadu,India,Hybrid,Associate,5,27,10,"Azure,Python",IT Services,1306466,99,Bachelor,Full-time,2026-01-21,51,Closed
709,Data Analyst,Google,Chennai,Delhi,India,Remote,Senior,6,15,15,"Python,Pandas",Healthcare,1696882,162,Master,Internship,2026-01-04,91,Closed
710,Business Analyst,Microsoft,Bengaluru,Tamil Nadu,India,Remote,Entry,3,25,16,"Python,Pandas",Education,894415,258,Master,Full-time,2026-05-12,70,Open
711,Business Analyst,Amazon,Hyderabad,Maharashtra,India,Hybrid,Associate,8,15,11,"Power BI,SQL",Healthcare,1517027,365,Bachelor,Full-time,2026-05-26,74,Open
712,Software Engineer,Wipro,Bengaluru,Delhi,India,Hybrid,Mid,4,26,5,"Python,SQL",Education,455305,123,Master,Internship,2026-05-03,96,Open
713,ML Engineer,Microsoft,Chennai,Delhi,India,Onsite,Associate,3,19,14,"Python,Pandas",Healthcare,413256,353,Bachelor,Internship,2026-05-13,91,Closed
714,Software Engineer,Capgemini,Bengaluru,Karnataka,India,Remote,Senior,0,12,17,"Python,SQL",Healthcare,604740,476,Bachelor,Internship,2026-03-28,75,Open
715,BI Developer,Amazon,Delhi,Karnataka,India,Onsite,Entry,5,23,19,"Python,Pandas",IT Services,961104,181,Bachelor,Full-time,2026-04-20,63,Closed
716,ML Engineer,Zoho,Mumbai,Karnataka,India,Hybrid,Senior,6,17,19,"Tableau,SQL",Finance,1590110,455,Master,Internship,2026-02-01,65,Open
717,Data Scientist,Capgemini,Bengaluru,Telangana,India,Hybrid,Mid,2,14,11,"Power BI,SQL",Education,1764900,64,Master,Full-time,2026-01-07,60,Open
718,Business Analyst,Microsoft,Chennai,Maharashtra,India,Hybrid,Senior,8,14,15,"Azure,Python",Finance,1286018,210,Master,Full-time,2026-06-24,83,Open
719,Business Analyst,Accenture,Bengaluru,Delhi,India,Remote,Associate,5,16,18,"Azure,Python",Retail,1281785,52,Bachelor,Full-time,2026-06-23,79,Closed
720,Business Analyst,Amazon,Mumbai,Maharashtra,India,Remote,Associate,7,12,5,"Python,Pandas",Education,1745573,144,Bachelor,Full-time,2026-05-08,78,Closed
721,Data Scientist,TechNova,Pune,Maharashtra,India,Hybrid,Senior,5,5,6,"Python,Pandas",Education,665851,234,Master,Full-time,2026-06-25,96,Closed
722,Software Engineer,TCS,Hyderabad,Maharashtra,India,Remote,Entry,7,20,18,"Excel,SQL",Retail,897563,493,Master,Contract,2026-03-13,57,Open
723,Data Analyst,TechNova,Bengaluru,Tamil Nadu,India,Remote,Entry,7,27,17,"Tableau,SQL",Retail,966033,203,Bachelor,Full-time,2026-06-28,88,Open
724,Software Engineer,Capgemini,Mumbai,Maharashtra,India,Onsite,Associate,3,9,8,"Python,Pandas",Finance,1639279,289,Master,Full-time,2026-04-18,61,Open
725,Software Engineer,TechNova,Pune,Telangana,India,Remote,Senior,3,9,19,"Azure,Python",IT Services,1374563,489,Master,Internship,2026-02-15,98,Open
726,Data Scientist,TechNova,Pune,Maharashtra,India,Remote,Senior,2,27,9,"Power BI,SQL",Education,638973,232,Master,Full-time,2026-01-25,65,Closed
727,BI Developer,Zoho,Pune,Tamil Nadu,India,Remote,Senior,8,11,16,"Tableau,SQL",Healthcare,936926,373,Master,Contract,2026-06-08,96,Open
728,Data Analyst,TCS,Bengaluru,Telangana,India,Onsite,Associate,1,27,18,"Python,Pandas",Retail,1568192,484,Bachelor,Internship,2026-03-26,84,Closed
729,ML Engineer,Zoho,Hyderabad,Telangana,India,Hybrid,Senior,7,12,12,"Python,Pandas",Finance,991232,111,Master,Contract,2026-04-09,57,Open
730,BI Developer,Google,Chennai,Tamil Nadu,India,Hybrid,Mid,4,15,6,"Excel,SQL",Finance,1328756,490,Bachelor,Full-time,2026-03-26,78,Closed
731,Software Engineer,Wipro,Chennai,Maharashtra,India,Remote,Senior,7,6,13,"Excel,SQL",Finance,534709,245,Bachelor,Contract,2026-03-26,53,Open
732,Data Analyst,Infosys,Hyderabad,Delhi,India,Remote,Entry,4,21,4,"Tableau,SQL",Education,1431509,256,Bachelor,Contract,2026-01-07,89,Open
733,BI Developer,TCS,Bengaluru,Delhi,India,Onsite,Associate,3,28,16,"Tableau,SQL",Retail,1674606,315,Bachelor,Full-time,2026-06-29,92,Open
734,Data Scientist,Wipro,Chennai,Telangana,India,Onsite,Associate,8,20,20,"Power BI,SQL",Retail,629065,283,Master,Internship,2026-05-03,76,Open
735,Business Analyst,TechNova,Hyderabad,Delhi,India,Remote,Entry,2,15,18,"Power BI,SQL",Education,1605822,111,Master,Full-time,2026-05-27,56,Open
736,Data Analyst,Wipro,Hyderabad,Tamil Nadu,India,Onsite,Mid,5,24,13,"Tableau,SQL",Education,368869,479,Master,Full-time,2026-05-21,50,Closed
737,Business Analyst,Amazon,Mumbai,Maharashtra,India,Onsite,Entry,3,26,8,"Python,Pandas",IT Services,1066855,199,Master,Full-time,2026-04-28,80,Open
738,ML Engineer,Amazon,Bengaluru,Maharashtra,India,Remote,Associate,0,21,12,"Python,SQL",Healthcare,1642007,467,Bachelor,Contract,2026-02-14,76,Closed
739,BI Developer,Zoho,Mumbai,Telangana,India,Onsite,Mid,7,24,19,"Tableau,SQL",Education,1563150,351,Master,Full-time,2026-05-29,79,Closed
740,Business Analyst,Microsoft,Pune,Tamil Nadu,India,Remote,Senior,3,28,4,"Python,Pandas",Healthcare,1698029,89,Bachelor,Internship,2026-03-17,70,Open
741,Software Engineer,Capgemini,Mumbai,Telangana,India,Remote,Mid,5,26,17,"Python,SQL",Education,1654574,56,Bachelor,Full-time,2026-03-02,87,Closed
742,Business Analyst,Capgemini,Bengaluru,Tamil Nadu,India,Remote,Associate,8,22,19,"Power BI,SQL",Retail,1468825,12,Master,Contract,2026-01-04,56,Open
743,BI Developer,Capgemini,Chennai,Maharashtra,India,Hybrid,Mid,0,17,15,"Python,SQL",Healthcare,971505,369,Bachelor,Contract,2026-05-07,71,Closed
744,Data Analyst,Capgemini,Mumbai,Maharashtra,India,Onsite,Entry,8,17,19,"Azure,Python",Finance,822198,303,Bachelor,Contract,2026-06-29,57,Open
745,Business Analyst,Accenture,Delhi,Telangana,India,Onsite,Associate,0,29,17,"Excel,SQL",Healthcare,886486,213,Bachelor,Internship,2026-06-14,96,Open
746,Data Analyst,Wipro,Chennai,Delhi,India,Onsite,Associate,4,23,5,"Python,SQL",Retail,711199,7,Bachelor,Full-time,2026-03-12,96,Closed
747,Business Analyst,Amazon,Pune,Karnataka,India,Onsite,Entry,5,24,8,"Python,SQL",Finance,882704,462,Bachelor,Full-time,2026-04-28,98,Open
748,BI Developer,TCS,Chennai,Karnataka,India,Remote,Associate,7,28,8,"Python,SQL",IT Services,1140852,47,Master,Contract,2026-05-23,84,Closed
749,ML Engineer,Capgemini,Delhi,Tamil Nadu,India,Remote,Entry,0,11,6,"Tableau,SQL",Healthcare,1066247,228,Master,Full-time,2026-03-18,62,Open
750,ML Engineer,Amazon,Mumbai,Delhi,India,Hybrid,Mid,6,20,11,"Excel,SQL",Healthcare,507856,363,Bachelor,Contract,2026-02-20,57,Closed
751,BI Developer,Amazon,Hyderabad,Delhi,India,Onsite,Senior,4,16,11,"Tableau,SQL",Healthcare,1511937,317,Bachelor,Full-time,2026-04-18,60,Open
752,Data Scientist,Accenture,Bengaluru,Maharashtra,India,Onsite,Entry,1,27,14,"Power BI,SQL",Retail,1090630,465,Master,Full-time,2026-01-22,82,Closed
753,ML Engineer,Capgemini,Bengaluru,Karnataka,India,Remote,Entry,6,15,16,"Python,SQL",Education,1123258,492,Bachelor,Internship,2026-04-07,61,Open
754,Software Engineer,Google,Chennai,Karnataka,India,Hybrid,Mid,2,20,8,"Tableau,SQL",Education,1015117,171,Master,Internship,2026-06-27,59,Open
755,Software Engineer,Accenture,Bengaluru,Tamil Nadu,India,Remote,Associate,3,8,4,"Tableau,SQL",Education,1240241,458,Bachelor,Internship,2026-03-30,84,Closed
756,Business Analyst,Microsoft,Hyderabad,Karnataka,India,Onsite,Senior,3,29,20,"Azure,Python",IT Services,1212762,116,Master,Internship,2026-03-27,95,Closed
757,ML Engineer,Capgemini,Mumbai,Tamil Nadu,India,Remote,Senior,4,22,5,"Python,Pandas",Education,1728389,203,Master,Internship,2026-01-06,83,Closed
758,ML Engineer,Capgemini,Chennai,Telangana,India,Onsite,Senior,3,3,10,"Azure,Python",Education,898423,489,Bachelor,Contract,2026-05-20,87,Closed
759,ML Engineer,Capgemini,Delhi,Telangana,India,Onsite,Senior,4,19,20,"Tableau,SQL",IT Services,610600,438,Master,Contract,2026-03-17,98,Closed
760,Data Analyst,Accenture,Mumbai,Telangana,India,Onsite,Associate,1,6,18,"Azure,Python",Finance,1182573,89,Bachelor,Contract,2026-02-02,63,Closed
761,BI Developer,Google,Chennai,Telangana,India,Onsite,Associate,1,27,14,"Power BI,SQL",Healthcare,855089,201,Master,Full-time,2026-06-29,86,Closed
762,ML Engineer,Zoho,Mumbai,Telangana,India,Onsite,Entry,5,3,16,"Excel,SQL",Healthcare,1679547,235,Master,Internship,2026-02-23,61,Open
763,Data Scientist,TechNova,Hyderabad,Maharashtra,India,Hybrid,Entry,7,20,9,"Power BI,SQL",Finance,1549226,202,Bachelor,Internship,2026-05-08,59,Open
764,Data Scientist,TechNova,Pune,Maharashtra,India,Onsite,Associate,7,20,9,"Python,SQL",Retail,890417,285,Master,Full-time,2026-06-17,97,Open
765,Data Scientist,Infosys,Pune,Karnataka,India,Onsite,Associate,0,20,11,"Power BI,SQL",IT Services,673177,215,Master,Full-time,2026-04-11,66,Open
766,Data Scientist,Infosys,Chennai,Telangana,India,Remote,Mid,8,14,11,"Azure,Python",Finance,691008,340,Master,Contract,2026-05-23,69,Open
767,Data Scientist,Wipro,Chennai,Maharashtra,India,Hybrid,Senior,3,8,14,"Excel,SQL",Healthcare,628919,252,Bachelor,Internship,2026-01-25,86,Closed
768,Business Analyst,Infosys,Pune,Tamil Nadu,India,Remote,Senior,2,20,20,"Python,SQL",Finance,387466,431,Master,Full-time,2026-03-28,93,Closed
769,ML Engineer,TCS,Bengaluru,Karnataka,India,Hybrid,Entry,5,7,20,"Python,SQL",Finance,1368912,435,Bachelor,Internship,2026-06-06,54,Closed
770,Business Analyst,Wipro,Mumbai,Maharashtra,India,Onsite,Mid,0,30,8,"Azure,Python",Healthcare,1231173,212,Master,Internship,2026-02-07,56,Open
771,ML Engineer,Capgemini,Mumbai,Karnataka,India,Hybrid,Mid,6,6,18,"Python,Pandas",Education,866621,308,Bachelor,Full-time,2026-02-22,72,Closed
772,Business Analyst,Capgemini,Bengaluru,Tamil Nadu,India,Onsite,Entry,8,27,19,"Azure,Python",IT Services,1437935,115,Master,Internship,2026-01-26,60,Closed
773,Data Analyst,Infosys,Chennai,Delhi,India,Onsite,Mid,3,19,10,"Python,Pandas",Retail,612558,171,Bachelor,Contract,2026-04-09,57,Open
774,Software Engineer,Capgemini,Bengaluru,Maharashtra,India,Onsite,Senior,0,11,6,"Power BI,SQL",IT Services,918550,91,Bachelor,Internship,2026-01-27,52,Open
775,Data Scientist,Infosys,Mumbai,Maharashtra,India,Onsite,Senior,3,21,6,"Python,SQL",Healthcare,370688,409,Master,Full-time,2026-02-20,64,Closed
776,Data Scientist,Amazon,Delhi,Telangana,India,Hybrid,Senior,8,22,12,"Tableau,SQL",IT Services,1692230,177,Master,Internship,2026-03-31,90,Closed
777,ML Engineer,TechNova,Bengaluru,Tamil Nadu,India,Remote,Senior,7,29,14,"Power BI,SQL",IT Services,777512,73,Bachelor,Contract,2026-01-17,64,Closed
778,BI Developer,Capgemini,Chennai,Telangana,India,Remote,Associate,2,4,16,"Excel,SQL",Retail,1561730,416,Bachelor,Internship,2026-01-30,58,Closed
779,Data Analyst,Microsoft,Hyderabad,Telangana,India,Hybrid,Associate,6,11,12,"Excel,SQL",Retail,739442,361,Bachelor,Contract,2026-05-27,80,Closed
780,ML Engineer,TCS,Hyderabad,Tamil Nadu,India,Remote,Entry,7,19,18,"Power BI,SQL",Healthcare,1366112,141,Master,Full-time,2026-03-14,66,Closed
781,Data Analyst,TCS,Bengaluru,Delhi,India,Hybrid,Mid,2,29,6,"Tableau,SQL",Finance,1657001,79,Master,Full-time,2026-06-22,58,Open
782,Data Analyst,Capgemini,Bengaluru,Telangana,India,Hybrid,Senior,1,21,11,"Power BI,SQL",Retail,452419,427,Master,Internship,2026-06-22,88,Open
783,Data Analyst,Wipro,Mumbai,Maharashtra,India,Hybrid,Entry,8,22,13,"Tableau,SQL",IT Services,886949,384,Bachelor,Contract,2026-04-09,63,Closed
784,BI Developer,Zoho,Bengaluru,Telangana,India,Remote,Entry,1,13,10,"Power BI,SQL",Education,629818,490,Master,Contract,2026-06-06,69,Closed
785,BI Developer,TechNova,Mumbai,Maharashtra,India,Onsite,Entry,1,22,16,"Python,Pandas",Retail,343651,423,Bachelor,Full-time,2026-04-03,88,Closed
786,ML Engineer,Capgemini,Bengaluru,Maharashtra,India,Remote,Mid,3,6,8,"Tableau,SQL",Education,781685,473,Master,Full-time,2026-02-07,54,Closed
787,ML Engineer,Capgemini,Delhi,Delhi,India,Hybrid,Mid,8,23,13,"Python,Pandas",Finance,1622116,415,Bachelor,Internship,2026-04-10,66,Closed
788,Data Scientist,Microsoft,Hyderabad,Tamil Nadu,India,Remote,Entry,1,4,17,"Python,Pandas",Healthcare,384455,360,Master,Contract,2026-03-23,77,Closed
789,ML Engineer,Google,Pune,Delhi,India,Hybrid,Associate,1,24,20,"Excel,SQL",Healthcare,586567,205,Master,Full-time,2026-05-02,90,Closed
790,Data Scientist,Wipro,Pune,Telangana,India,Remote,Mid,5,14,6,"Azure,Python",Finance,1713069,248,Master,Full-time,2026-04-22,97,Closed
791,Data Scientist,Wipro,Delhi,Maharashtra,India,Remote,Mid,7,23,19,"Tableau,SQL",Retail,1384925,469,Bachelor,Internship,2026-06-23,51,Open
792,Business Analyst,Microsoft,Bengaluru,Telangana,India,Remote,Associate,4,8,9,"Tableau,SQL",Healthcare,361686,322,Bachelor,Internship,2026-06-10,66,Open
793,Data Analyst,Microsoft,Hyderabad,Tamil Nadu,India,Onsite,Mid,3,17,8,"Azure,Python",Retail,1117502,52,Bachelor,Full-time,2026-03-05,90,Open
794,ML Engineer,Wipro,Chennai,Telangana,India,Hybrid,Entry,5,21,12,"Python,Pandas",Education,1748800,162,Bachelor,Internship,2026-01-05,54,Open
795,BI Developer,Google,Delhi,Karnataka,India,Onsite,Senior,5,3,20,"Excel,SQL",Healthcare,1419263,393,Bachelor,Contract,2026-02-28,87,Open
796,ML Engineer,Microsoft,Bengaluru,Telangana,India,Remote,Mid,3,19,7,"Python,Pandas",Retail,612733,122,Master,Full-time,2026-06-08,78,Closed
797,Business Analyst,Amazon,Mumbai,Delhi,India,Hybrid,Senior,0,16,7,"Tableau,SQL",IT Services,1212664,177,Bachelor,Contract,2026-05-26,87,Open
798,ML Engineer,Microsoft,Chennai,Telangana,India,Onsite,Entry,0,26,16,"Tableau,SQL",Education,1028338,192,Master,Internship,2026-02-28,55,Open
799,Data Scientist,Infosys,Delhi,Telangana,India,Remote,Mid,8,27,9,"Azure,Python",Education,1518716,487,Bachelor,Internship,2026-06-23,91,Open
800,Data Analyst,TCS,Mumbai,Telangana,India,Hybrid,Associate,0,14,15,"Power BI,SQL",Healthcare,777261,45,Bachelor,Contract,2026-06-10,74,Closed
801,BI Developer,Zoho,Hyderabad,Maharashtra,India,Remote,Mid,3,20,7,"Python,SQL",Retail,869579,245,Master,Internship,2026-02-25,62,Open
802,Business Analyst,TCS,Pune,Delhi,India,Onsite,Associate,1,25,16,"Excel,SQL",Education,534264,216,Master,Full-time,2026-02-14,66,Closed
803,BI Developer,TechNova,Bengaluru,Delhi,India,Onsite,Entry,5,28,17,"Excel,SQL",Healthcare,692519,405,Bachelor,Contract,2026-02-28,98,Open
804,Data Analyst,TCS,Hyderabad,Karnataka,India,Remote,Associate,2,27,16,"Python,Pandas",Healthcare,1707279,271,Master,Full-time,2026-01-15,87,Closed
805,Business Analyst,TCS,Delhi,Tamil Nadu,India,Hybrid,Senior,8,15,15,"Azure,Python",Finance,1369187,67,Bachelor,Full-time,2026-04-02,67,Closed
806,Business Analyst,Google,Bengaluru,Karnataka,India,Remote,Mid,7,12,8,"Python,SQL",Healthcare,915233,150,Bachelor,Full-time,2026-03-02,97,Closed
807,Software Engineer,TCS,Chennai,Telangana,India,Hybrid,Mid,7,13,14,"Python,Pandas",Retail,314200,18,Master,Full-time,2026-06-21,74,Closed
808,ML Engineer,Wipro,Delhi,Tamil Nadu,India,Hybrid,Senior,6,6,19,"Python,SQL",IT Services,1502018,213,Master,Contract,2026-02-05,95,Open
809,ML Engineer,Wipro,Delhi,Tamil Nadu,India,Remote,Mid,7,7,13,"Azure,Python",Retail,642103,218,Master,Internship,2026-05-22,92,Closed
810,Business Analyst,Accenture,Chennai,Maharashtra,India,Hybrid,Associate,6,12,11,"Excel,SQL",Finance,636867,280,Master,Contract,2026-02-22,73,Open
811,BI Developer,Wipro,Hyderabad,Maharashtra,India,Onsite,Senior,6,13,8,"Tableau,SQL",Healthcare,353834,257,Master,Full-time,2026-05-19,70,Open
812,Software Engineer,TechNova,Bengaluru,Telangana,India,Onsite,Associate,5,8,16,"Azure,Python",Retail,669129,60,Master,Full-time,2026-04-07,98,Closed
813,Data Analyst,Infosys,Mumbai,Telangana,India,Hybrid,Mid,8,17,17,"Excel,SQL",Finance,754011,192,Master,Full-time,2026-01-31,84,Closed
814,ML Engineer,TechNova,Hyderabad,Maharashtra,India,Onsite,Mid,5,25,8,"Python,SQL",Healthcare,1388028,401,Bachelor,Contract,2026-03-28,58,Closed
815,ML Engineer,Amazon,Bengaluru,Delhi,India,Remote,Mid,7,26,7,"Azure,Python",IT Services,1580331,29,Master,Full-time,2026-03-23,66,Closed
816,Software Engineer,Amazon,Bengaluru,Maharashtra,India,Onsite,Associate,1,17,8,"Python,SQL",IT Services,1269862,71,Bachelor,Internship,2026-05-14,60,Open
817,Data Scientist,Wipro,Delhi,Maharashtra,India,Onsite,Senior,0,22,19,"Excel,SQL",Healthcare,627664,322,Master,Contract,2026-02-16,64,Closed
818,Data Analyst,Zoho,Hyderabad,Telangana,India,Hybrid,Mid,7,10,18,"Power BI,SQL",Healthcare,1034513,453,Bachelor,Full-time,2026-03-30,64,Open
819,Business Analyst,Wipro,Delhi,Delhi,India,Onsite,Mid,8,21,9,"Excel,SQL",Education,1628858,344,Master,Full-time,2026-05-05,77,Closed
820,BI Developer,Wipro,Delhi,Telangana,India,Onsite,Mid,1,4,20,"Python,SQL",Retail,457215,173,Master,Internship,2026-03-25,60,Closed
821,ML Engineer,Google,Mumbai,Karnataka,India,Onsite,Mid,2,22,5,"Power BI,SQL",IT Services,1783395,88,Master,Full-time,2026-02-07,58,Open
822,ML Engineer,TechNova,Bengaluru,Karnataka,India,Onsite,Associate,4,15,8,"Excel,SQL",Finance,1711217,222,Master,Internship,2026-05-21,87,Open
823,Data Scientist,Accenture,Chennai,Karnataka,India,Onsite,Entry,1,15,14,"Excel,SQL",IT Services,1665703,64,Bachelor,Full-time,2026-05-05,73,Open
824,Data Scientist,Infosys,Delhi,Delhi,India,Hybrid,Associate,2,25,19,"Azure,Python",IT Services,1283183,123,Bachelor,Contract,2026-02-15,74,Open
825,Business Analyst,Capgemini,Delhi,Delhi,India,Remote,Associate,1,20,13,"Power BI,SQL",Education,751844,335,Master,Internship,2026-02-01,97,Closed
826,ML Engineer,Microsoft,Mumbai,Maharashtra,India,Hybrid,Senior,2,27,10,"Excel,SQL",Healthcare,864254,337,Bachelor,Contract,2026-01-11,96,Closed
827,Software Engineer,TechNova,Mumbai,Delhi,India,Onsite,Entry,3,26,10,"Power BI,SQL",IT Services,683676,1,Master,Internship,2026-05-12,67,Closed
828,Software Engineer,Infosys,Delhi,Tamil Nadu,India,Onsite,Senior,2,20,12,"Azure,Python",IT Services,1152538,253,Bachelor,Contract,2026-01-01,67,Open
829,Data Scientist,Accenture,Hyderabad,Karnataka,India,Remote,Senior,0,28,12,"Excel,SQL",Retail,1722593,100,Bachelor,Contract,2026-05-08,61,Closed
830,Data Analyst,Google,Mumbai,Maharashtra,India,Remote,Mid,2,17,13,"Power BI,SQL",Retail,753451,97,Bachelor,Full-time,2026-05-04,91,Open
831,Data Scientist,Zoho,Bengaluru,Karnataka,India,Hybrid,Mid,8,21,5,"Excel,SQL",Education,1572399,266,Bachelor,Full-time,2026-02-12,64,Open
832,Business Analyst,Zoho,Pune,Tamil Nadu,India,Hybrid,Entry,8,23,13,"Python,SQL",Retail,955892,258,Master,Internship,2026-06-11,59,Closed
833,Business Analyst,Capgemini,Hyderabad,Karnataka,India,Onsite,Senior,7,26,16,"Python,Pandas",Finance,873564,410,Master,Contract,2026-06-22,71,Open
834,Data Analyst,Amazon,Bengaluru,Tamil Nadu,India,Onsite,Associate,4,24,13,"Power BI,SQL",IT Services,1500810,5,Master,Full-time,2026-04-05,78,Open
835,Business Analyst,Wipro,Mumbai,Delhi,India,Onsite,Associate,2,5,20,"Azure,Python",IT Services,1763803,55,Bachelor,Internship,2026-04-26,96,Open
836,ML Engineer,Infosys,Delhi,Telangana,India,Remote,Entry,8,3,14,"Python,Pandas",Education,690770,307,Bachelor,Contract,2026-05-08,92,Open
837,Business Analyst,Capgemini,Delhi,Telangana,India,Onsite,Entry,0,18,9,"Excel,SQL",IT Services,1577765,399,Bachelor,Internship,2026-03-08,84,Closed
838,Data Scientist,Capgemini,Hyderabad,Telangana,India,Hybrid,Senior,6,25,10,"Azure,Python",Healthcare,1781022,371,Bachelor,Internship,2026-03-22,78,Open
839,Software Engineer,Wipro,Chennai,Delhi,India,Hybrid,Mid,3,17,18,"Power BI,SQL",Retail,314501,218,Master,Internship,2026-04-30,67,Open
840,Business Analyst,Zoho,Hyderabad,Karnataka,India,Hybrid,Mid,5,30,17,"Excel,SQL",Education,1709189,0,Master,Full-time,2026-01-10,67,Open
841,Data Analyst,TCS,Delhi,Karnataka,India,Hybrid,Entry,4,11,16,"Tableau,SQL",Healthcare,550113,46,Bachelor,Full-time,2026-06-18,73,Open
842,Business Analyst,Microsoft,Mumbai,Delhi,India,Hybrid,Entry,3,10,15,"Power BI,SQL",IT Services,562855,259,Bachelor,Full-time,2026-01-26,58,Open
843,Data Scientist,Zoho,Hyderabad,Delhi,India,Hybrid,Entry,3,25,10,"Excel,SQL",Education,672867,46,Master,Full-time,2026-05-03,51,Open
844,BI Developer,Wipro,Hyderabad,Delhi,India,Remote,Associate,4,3,14,"Python,SQL",Retail,631371,98,Bachelor,Contract,2026-06-22,59,Closed
845,Business Analyst,Capgemini,Chennai,Tamil Nadu,India,Remote,Associate,5,27,16,"Python,SQL",Healthcare,968928,481,Master,Full-time,2026-04-24,53,Closed
846,ML Engineer,Google,Hyderabad,Telangana,India,Remote,Associate,5,7,11,"Python,Pandas",Retail,1794346,300,Bachelor,Full-time,2026-02-04,66,Closed
847,BI Developer,Accenture,Chennai,Karnataka,India,Onsite,Senior,6,13,5,"Python,SQL",IT Services,304756,130,Master,Full-time,2026-05-24,73,Open
848,Data Analyst,Microsoft,Pune,Delhi,India,Remote,Associate,0,6,15,"Excel,SQL",IT Services,1307155,149,Master,Internship,2026-04-15,51,Closed
849,Business Analyst,TechNova,Chennai,Delhi,India,Onsite,Entry,8,21,12,"Power BI,SQL",Finance,1523646,326,Bachelor,Contract,2026-01-06,84,Open
850,Data Scientist,Capgemini,Mumbai,Delhi,India,Onsite,Associate,0,25,16,"Tableau,SQL",Retail,522541,342,Bachelor,Internship,2026-05-11,89,Closed
851,ML Engineer,TechNova,Bengaluru,Telangana,India,Remote,Associate,6,21,19,"Python,Pandas",IT Services,973989,10,Bachelor,Full-time,2026-04-05,69,Open
852,Business Analyst,TechNova,Mumbai,Delhi,India,Hybrid,Entry,2,15,19,"Azure,Python",Education,914426,121,Master,Full-time,2026-04-23,75,Closed
853,Software Engineer,Amazon,Bengaluru,Karnataka,India,Remote,Senior,4,6,16,"Python,Pandas",Finance,821593,114,Master,Full-time,2026-06-30,71,Closed
854,BI Developer,Amazon,Pune,Karnataka,India,Remote,Mid,0,8,10,"Tableau,SQL",IT Services,514149,345,Bachelor,Full-time,2026-06-04,78,Closed
855,Data Scientist,Accenture,Chennai,Karnataka,India,Hybrid,Mid,7,21,15,"Python,SQL",Education,414664,49,Master,Contract,2026-05-14,96,Open
856,BI Developer,Infosys,Mumbai,Delhi,India,Hybrid,Entry,3,25,6,"Excel,SQL",IT Services,1701344,296,Bachelor,Full-time,2026-02-20,58,Open
857,Data Analyst,Microsoft,Bengaluru,Telangana,India,Remote,Mid,6,24,12,"Power BI,SQL",Retail,957026,1,Master,Contract,2026-05-26,57,Open
858,Business Analyst,TCS,Hyderabad,Telangana,India,Onsite,Associate,8,14,8,"Python,Pandas",Retail,1785213,472,Master,Contract,2026-03-05,90,Open
859,Software Engineer,Wipro,Bengaluru,Telangana,India,Remote,Senior,6,26,8,"Python,Pandas",Education,1637038,172,Bachelor,Full-time,2026-06-11,82,Closed
860,Software Engineer,Accenture,Chennai,Tamil Nadu,India,Remote,Entry,3,8,17,"Tableau,SQL",Healthcare,410746,345,Master,Full-time,2026-01-21,61,Closed
861,ML Engineer,TCS,Mumbai,Maharashtra,India,Remote,Entry,8,5,15,"Tableau,SQL",Healthcare,1288808,150,Master,Full-time,2026-03-23,54,Open
862,BI Developer,Wipro,Hyderabad,Delhi,India,Onsite,Entry,8,6,9,"Excel,SQL",Healthcare,622854,369,Bachelor,Full-time,2026-02-22,66,Closed
863,Data Scientist,Google,Pune,Karnataka,India,Hybrid,Associate,7,4,13,"Excel,SQL",Healthcare,382761,340,Bachelor,Contract,2026-04-22,79,Open
864,Software Engineer,Accenture,Hyderabad,Karnataka,India,Onsite,Mid,0,28,4,"Python,Pandas",IT Services,618273,72,Bachelor,Internship,2026-05-18,82,Closed
865,Data Analyst,Microsoft,Chennai,Delhi,India,Onsite,Associate,6,30,7,"Azure,Python",Healthcare,1753938,218,Bachelor,Full-time,2026-03-19,55,Open
866,BI Developer,Amazon,Pune,Tamil Nadu,India,Remote,Associate,1,4,4,"Power BI,SQL",Retail,1314580,135,Master,Internship,2026-06-05,69,Closed
867,ML Engineer,Wipro,Delhi,Tamil Nadu,India,Hybrid,Mid,7,11,11,"Tableau,SQL",Healthcare,1034640,89,Bachelor,Full-time,2026-06-28,74,Closed
868,BI Developer,Zoho,Bengaluru,Telangana,India,Onsite,Senior,2,6,9,"Tableau,SQL",IT Services,1220848,90,Bachelor,Full-time,2026-03-11,92,Closed
869,Data Analyst,Wipro,Chennai,Karnataka,India,Onsite,Entry,2,22,14,"Excel,SQL",Education,341965,459,Master,Internship,2026-02-19,80,Closed
870,Data Analyst,Amazon,Hyderabad,Telangana,India,Onsite,Associate,5,4,11,"Python,SQL",Healthcare,1465309,55,Master,Contract,2026-04-03,72,Open
871,BI Developer,Accenture,Bengaluru,Delhi,India,Remote,Associate,7,29,10,"Python,SQL",Education,1738881,467,Bachelor,Internship,2026-05-25,88,Closed
872,Business Analyst,Microsoft,Bengaluru,Karnataka,India,Onsite,Entry,4,5,4,"Azure,Python",Education,1784447,304,Master,Internship,2026-03-04,50,Open
873,Data Scientist,TCS,Mumbai,Tamil Nadu,India,Remote,Mid,6,30,20,"Excel,SQL",Education,393455,408,Master,Contract,2026-01-19,61,Closed
874,ML Engineer,Wipro,Delhi,Karnataka,India,Hybrid,Entry,7,9,17,"Python,Pandas",Healthcare,505130,97,Bachelor,Contract,2026-06-05,55,Open
875,ML Engineer,Infosys,Bengaluru,Tamil Nadu,India,Hybrid,Mid,1,5,14,"Python,SQL",Finance,712982,370,Master,Internship,2026-02-17,50,Closed
876,Data Scientist,Google,Bengaluru,Tamil Nadu,India,Hybrid,Senior,7,3,10,"Python,SQL",Education,1714064,142,Master,Full-time,2026-03-14,61,Closed
877,Data Analyst,Amazon,Bengaluru,Delhi,India,Remote,Mid,6,29,17,"Python,Pandas",Finance,1434469,230,Bachelor,Internship,2026-02-27,51,Closed
878,Software Engineer,Accenture,Bengaluru,Karnataka,India,Onsite,Associate,4,28,18,"Tableau,SQL",Finance,1386158,102,Master,Full-time,2026-01-08,98,Open
879,ML Engineer,Infosys,Chennai,Delhi,India,Hybrid,Entry,2,12,20,"Excel,SQL",Education,1178830,288,Bachelor,Contract,2026-05-12,53,Closed
880,Data Analyst,Google,Delhi,Telangana,India,Onsite,Mid,6,25,6,"Azure,Python",IT Services,990860,327,Bachelor,Contract,2026-04-19,64,Open
881,Data Analyst,Microsoft,Mumbai,Maharashtra,India,Onsite,Entry,3,16,9,"Python,Pandas",IT Services,1568961,51,Master,Contract,2026-02-09,63,Closed
882,BI Developer,Zoho,Pune,Telangana,India,Hybrid,Senior,8,30,7,"Excel,SQL",IT Services,1319821,120,Master,Full-time,2026-01-20,57,Closed
883,ML Engineer,Infosys,Pune,Maharashtra,India,Onsite,Associate,0,5,17,"Python,SQL",Healthcare,1150802,84,Bachelor,Internship,2026-04-09,59,Open
884,Business Analyst,Zoho,Mumbai,Maharashtra,India,Hybrid,Senior,5,29,12,"Python,SQL",Retail,1098467,423,Master,Internship,2026-02-09,74,Open
885,Data Analyst,Google,Delhi,Telangana,India,Onsite,Senior,1,26,12,"Tableau,SQL",Finance,357431,492,Master,Full-time,2026-06-11,90,Open
886,Data Analyst,Microsoft,Pune,Telangana,India,Hybrid,Senior,8,14,9,"Excel,SQL",Healthcare,1141069,154,Bachelor,Internship,2026-05-06,50,Closed
887,BI Developer,Microsoft,Hyderabad,Karnataka,India,Remote,Mid,6,21,8,"Azure,Python",Education,1393087,417,Bachelor,Full-time,2026-06-28,73,Open
888,ML Engineer,Microsoft,Chennai,Maharashtra,India,Hybrid,Senior,8,23,6,"Tableau,SQL",Education,329123,2,Bachelor,Full-time,2026-06-14,57,Closed
889,ML Engineer,Amazon,Mumbai,Telangana,India,Onsite,Entry,5,7,20,"Python,SQL",IT Services,1282464,275,Master,Contract,2026-04-06,88,Open
890,Business Analyst,TCS,Pune,Maharashtra,India,Hybrid,Senior,6,25,6,"Python,Pandas",Retail,1182090,270,Bachelor,Internship,2026-02-15,62,Open
891,Data Analyst,Zoho,Chennai,Karnataka,India,Onsite,Senior,7,11,17,"Python,SQL",Retail,420037,205,Bachelor,Internship,2026-04-12,54,Closed
892,Business Analyst,Infosys,Hyderabad,Telangana,India,Remote,Entry,2,16,13,"Python,SQL",Education,1024021,160,Bachelor,Internship,2026-03-22,56,Open
893,BI Developer,Microsoft,Pune,Karnataka,India,Hybrid,Associate,0,30,9,"Python,SQL",Healthcare,1708933,196,Master,Contract,2026-01-17,72,Closed
894,ML Engineer,Wipro,Mumbai,Karnataka,India,Onsite,Senior,4,12,15,"Power BI,SQL",IT Services,1564437,192,Master,Full-time,2026-06-02,59,Open
895,Software Engineer,Microsoft,Hyderabad,Maharashtra,India,Onsite,Entry,5,4,4,"Power BI,SQL",Healthcare,1513723,192,Bachelor,Internship,2026-04-04,58,Closed
896,Software Engineer,Wipro,Mumbai,Delhi,India,Onsite,Mid,6,14,12,"Excel,SQL",Education,1310313,176,Master,Full-time,2026-01-13,89,Open
897,ML Engineer,Accenture,Delhi,Karnataka,India,Remote,Senior,1,8,10,"Tableau,SQL",IT Services,828163,326,Bachelor,Contract,2026-05-23,85,Closed
898,Business Analyst,Accenture,Mumbai,Telangana,India,Remote,Mid,6,25,11,"Excel,SQL",Finance,703649,369,Bachelor,Full-time,2026-01-19,64,Open
899,Software Engineer,Accenture,Bengaluru,Tamil Nadu,India,Hybrid,Entry,4,17,18,"Python,Pandas",Education,1764693,298,Master,Internship,2026-01-14,58,Closed
900,Data Scientist,TCS,Chennai,Karnataka,India,Onsite,Mid,8,30,11,"Python,Pandas",Retail,669550,319,Master,Full-time,2026-06-24,80,Open
901,BI Developer,Zoho,Chennai,Telangana,India,Onsite,Associate,0,21,5,"Tableau,SQL",Finance,1463730,200,Master,Full-time,2026-01-21,81,Open
902,BI Developer,Capgemini,Delhi,Delhi,India,Onsite,Associate,2,20,7,"Python,Pandas",Healthcare,422026,480,Bachelor,Contract,2026-04-04,60,Closed
903,Data Scientist,Zoho,Chennai,Maharashtra,India,Hybrid,Mid,3,25,10,"Python,Pandas",Education,944695,441,Bachelor,Full-time,2026-03-10,80,Closed
904,Data Analyst,Zoho,Hyderabad,Tamil Nadu,India,Hybrid,Entry,8,9,6,"Python,Pandas",Finance,514176,421,Master,Contract,2026-01-21,98,Closed
905,ML Engineer,Zoho,Mumbai,Telangana,India,Remote,Senior,2,20,15,"Power BI,SQL",IT Services,1261250,38,Bachelor,Internship,2026-01-26,64,Open
906,Data Analyst,Google,Mumbai,Delhi,India,Hybrid,Mid,7,15,5,"Power BI,SQL",Finance,863781,407,Bachelor,Internship,2026-03-09,95,Closed
907,ML Engineer,Zoho,Bengaluru,Tamil Nadu,India,Onsite,Associate,2,6,4,"Python,Pandas",Healthcare,1477080,38,Master,Full-time,2026-04-16,64,Open
908,Data Analyst,Infosys,Mumbai,Karnataka,India,Remote,Senior,5,26,12,"Tableau,SQL",Education,656037,415,Bachelor,Contract,2026-01-21,55,Open
909,BI Developer,TechNova,Pune,Maharashtra,India,Remote,Entry,2,24,4,"Python,SQL",Retail,633467,495,Bachelor,Contract,2026-01-17,97,Closed
910,BI Developer,TechNova,Delhi,Maharashtra,India,Onsite,Associate,3,12,8,"Python,SQL",Retail,1333497,15,Bachelor,Contract,2026-06-29,61,Closed
911,ML Engineer,Infosys,Pune,Telangana,India,Hybrid,Mid,5,9,6,"Power BI,SQL",Healthcare,1426427,451,Master,Full-time,2026-01-10,66,Open
912,BI Developer,Infosys,Hyderabad,Maharashtra,India,Onsite,Entry,0,9,15,"Power BI,SQL",Healthcare,1341601,416,Master,Contract,2026-06-24,58,Closed
913,BI Developer,Accenture,Chennai,Tamil Nadu,India,Hybrid,Senior,1,11,14,"Python,SQL",Healthcare,348851,50,Bachelor,Full-time,2026-05-08,86,Open
914,Software Engineer,Zoho,Mumbai,Delhi,India,Hybrid,Mid,8,12,9,"Excel,SQL",IT Services,964762,203,Master,Full-time,2026-02-02,91,Open
915,Data Analyst,Capgemini,Pune,Tamil Nadu,India,Remote,Senior,0,13,7,"Excel,SQL",Education,1007588,76,Bachelor,Full-time,2026-06-24,60,Closed
916,BI Developer,TCS,Pune,Delhi,India,Hybrid,Mid,5,29,14,"Python,SQL",IT Services,1148851,208,Master,Contract,2026-05-07,95,Open
917,Data Analyst,TechNova,Mumbai,Tamil Nadu,India,Hybrid,Associate,8,25,6,"Python,Pandas",Education,1379924,173,Bachelor,Internship,2026-02-21,64,Closed
918,ML Engineer,Capgemini,Pune,Tamil Nadu,India,Remote,Mid,1,13,20,"Power BI,SQL",Healthcare,417272,300,Bachelor,Contract,2026-03-17,70,Closed
919,Software Engineer,Wipro,Bengaluru,Maharashtra,India,Remote,Entry,3,25,9,"Azure,Python",Finance,882967,321,Master,Full-time,2026-03-13,86,Closed
920,Business Analyst,TCS,Chennai,Tamil Nadu,India,Remote,Senior,2,14,11,"Tableau,SQL",Finance,360753,286,Master,Internship,2026-03-13,94,Open
921,ML Engineer,Microsoft,Chennai,Tamil Nadu,India,Hybrid,Senior,7,10,17,"Power BI,SQL",IT Services,576401,365,Bachelor,Full-time,2026-05-05,67,Open
922,BI Developer,Wipro,Hyderabad,Telangana,India,Hybrid,Mid,7,27,15,"Python,SQL",Finance,383521,266,Bachelor,Contract,2026-04-06,59,Closed
923,Data Scientist,Amazon,Bengaluru,Karnataka,India,Hybrid,Entry,2,23,8,"Excel,SQL",IT Services,1119397,215,Master,Internship,2026-03-25,71,Open
924,Data Scientist,Google,Pune,Karnataka,India,Hybrid,Associate,2,23,6,"Tableau,SQL",Healthcare,1597758,444,Master,Contract,2026-04-12,62,Closed
925,ML Engineer,Accenture,Mumbai,Delhi,India,Remote,Associate,0,7,17,"Power BI,SQL",Education,1535987,454,Master,Contract,2026-06-19,89,Open
926,Business Analyst,Accenture,Mumbai,Telangana,India,Onsite,Associate,1,24,13,"Python,Pandas",Finance,318092,149,Master,Internship,2026-04-26,69,Open
927,BI Developer,Capgemini,Bengaluru,Maharashtra,India,Hybrid,Senior,6,30,6,"Python,Pandas",IT Services,1489133,315,Bachelor,Internship,2026-02-16,81,Open
928,Data Scientist,Capgemini,Pune,Maharashtra,India,Hybrid,Senior,7,25,8,"Excel,SQL",Education,1667384,177,Master,Full-time,2026-03-19,69,Open
929,Data Scientist,TCS,Chennai,Maharashtra,India,Onsite,Mid,8,8,17,"Python,Pandas",IT Services,1556515,284,Master,Full-time,2026-03-19,79,Closed
930,Data Scientist,Google,Chennai,Delhi,India,Onsite,Senior,1,17,15,"Power BI,SQL",Retail,979408,43,Master,Contract,2026-01-13,94,Open
931,Software Engineer,TechNova,Bengaluru,Maharashtra,India,Onsite,Entry,2,29,10,"Python,Pandas",IT Services,1113214,111,Bachelor,Contract,2026-05-13,84,Closed
932,Data Scientist,Accenture,Hyderabad,Tamil Nadu,India,Hybrid,Entry,4,28,18,"Tableau,SQL",Finance,966358,450,Master,Contract,2026-05-16,51,Closed
933,ML Engineer,Capgemini,Pune,Karnataka,India,Remote,Mid,5,21,16,"Python,Pandas",Finance,792680,250,Master,Internship,2026-04-01,70,Closed
934,Data Analyst,TCS,Pune,Maharashtra,India,Onsite,Entry,2,14,17,"Azure,Python",Healthcare,1798922,346,Bachelor,Full-time,2026-03-24,77,Open
935,Software Engineer,TCS,Bengaluru,Maharashtra,India,Remote,Associate,8,26,9,"Azure,Python",Retail,610345,9,Bachelor,Contract,2026-06-09,59,Open
936,Business Analyst,Google,Delhi,Karnataka,India,Hybrid,Senior,3,7,8,"Python,SQL",Retail,1721115,451,Master,Internship,2026-04-21,89,Closed
937,BI Developer,TCS,Pune,Delhi,India,Remote,Associate,5,21,4,"Python,SQL",Education,1204106,195,Bachelor,Internship,2026-05-15,73,Closed
938,Data Scientist,Microsoft,Chennai,Delhi,India,Remote,Associate,7,3,11,"Python,Pandas",Healthcare,449795,27,Master,Full-time,2026-06-04,64,Closed
939,Software Engineer,Google,Mumbai,Maharashtra,India,Hybrid,Senior,2,14,10,"Python,SQL",Finance,1128629,363,Master,Contract,2026-02-01,90,Open
940,BI Developer,TCS,Mumbai,Tamil Nadu,India,Onsite,Entry,6,11,5,"Python,Pandas",Retail,898793,27,Master,Contract,2026-04-02,67,Open
941,ML Engineer,TCS,Delhi,Tamil Nadu,India,Onsite,Mid,0,5,17,"Excel,SQL",Finance,305343,127,Master,Full-time,2026-03-08,70,Closed
942,ML Engineer,Microsoft,Bengaluru,Delhi,India,Onsite,Mid,3,20,13,"Azure,Python",Finance,877861,310,Master,Full-time,2026-05-30,62,Open
943,Data Analyst,Capgemini,Mumbai,Delhi,India,Remote,Senior,4,24,6,"Excel,SQL",Retail,777227,219,Bachelor,Full-time,2026-04-04,83,Open
944,Business Analyst,TechNova,Mumbai,Tamil Nadu,India,Remote,Entry,5,18,17,"Power BI,SQL",Retail,988394,89,Bachelor,Internship,2026-02-17,91,Open
945,Data Scientist,Infosys,Bengaluru,Maharashtra,India,Onsite,Entry,3,22,15,"Azure,Python",Finance,953815,121,Bachelor,Internship,2026-03-30,83,Open
946,Data Scientist,Zoho,Hyderabad,Karnataka,India,Hybrid,Associate,3,21,19,"Azure,Python",Education,646222,280,Bachelor,Internship,2026-02-24,82,Closed
947,BI Developer,Amazon,Pune,Tamil Nadu,India,Hybrid,Entry,1,13,20,"Python,Pandas",Healthcare,1182795,277,Master,Internship,2026-06-10,79,Closed
948,Software Engineer,TechNova,Bengaluru,Tamil Nadu,India,Hybrid,Mid,4,10,10,"Python,SQL",Finance,1159480,9,Bachelor,Internship,2026-04-08,90,Open
949,BI Developer,Microsoft,Mumbai,Maharashtra,India,Hybrid,Associate,8,17,9,"Python,Pandas",Finance,1155798,19,Master,Full-time,2026-06-26,63,Open
950,BI Developer,Accenture,Delhi,Karnataka,India,Hybrid,Mid,8,19,18,"Excel,SQL",Education,1011334,476,Bachelor,Full-time,2026-05-16,77,Open
951,ML Engineer,Zoho,Delhi,Tamil Nadu,India,Remote,Associate,6,9,12,"Tableau,SQL",Healthcare,921363,379,Master,Full-time,2026-05-30,69,Open
952,ML Engineer,Infosys,Pune,Delhi,India,Hybrid,Senior,2,30,17,"Azure,Python",Education,1468179,200,Master,Contract,2026-05-13,82,Closed
953,Business Analyst,Infosys,Pune,Karnataka,India,Hybrid,Entry,8,25,18,"Python,Pandas",Retail,917589,219,Master,Internship,2026-03-18,96,Open
954,Software Engineer,Zoho,Hyderabad,Karnataka,India,Onsite,Mid,6,18,12,"Tableau,SQL",Retail,693364,388,Bachelor,Contract,2026-04-24,88,Open
955,Software Engineer,Google,Hyderabad,Maharashtra,India,Remote,Mid,6,6,13,"Tableau,SQL",Education,352402,275,Bachelor,Contract,2026-06-15,52,Open
956,Data Scientist,Zoho,Bengaluru,Telangana,India,Hybrid,Mid,8,29,15,"Excel,SQL",Education,817218,195,Master,Internship,2026-03-21,58,Open
957,Data Scientist,Google,Hyderabad,Karnataka,India,Onsite,Entry,5,7,8,"Python,SQL",Retail,1665802,49,Bachelor,Contract,2026-01-11,96,Open
958,Business Analyst,Wipro,Chennai,Karnataka,India,Remote,Entry,3,19,20,"Python,SQL",Finance,499373,219,Bachelor,Contract,2026-02-22,68,Closed
959,BI Developer,TCS,Pune,Delhi,India,Remote,Mid,2,30,20,"Python,Pandas",Education,1153926,425,Master,Contract,2026-01-23,59,Closed
960,Business Analyst,TCS,Hyderabad,Karnataka,India,Onsite,Associate,8,25,13,"Power BI,SQL",Education,540333,468,Bachelor,Full-time,2026-05-02,84,Open
961,Software Engineer,TCS,Mumbai,Karnataka,India,Hybrid,Senior,2,21,20,"Azure,Python",IT Services,823742,478,Bachelor,Contract,2026-05-30,70,Closed
962,Data Scientist,Google,Bengaluru,Telangana,India,Remote,Senior,8,19,9,"Tableau,SQL",Healthcare,1551574,268,Bachelor,Contract,2026-04-14,95,Closed
963,ML Engineer,Microsoft,Delhi,Delhi,India,Remote,Associate,7,8,16,"Excel,SQL",Healthcare,1628627,468,Bachelor,Internship,2026-02-15,80,Open
964,ML Engineer,TCS,Hyderabad,Telangana,India,Onsite,Senior,8,9,4,"Python,Pandas",IT Services,1268197,273,Master,Full-time,2026-03-07,68,Closed
965,Software Engineer,Zoho,Mumbai,Telangana,India,Onsite,Senior,8,8,8,"Power BI,SQL",Education,1444648,225,Bachelor,Internship,2026-01-28,86,Closed
966,Business Analyst,Infosys,Bengaluru,Maharashtra,India,Remote,Associate,2,15,20,"Azure,Python",Finance,1180450,453,Master,Internship,2026-05-15,75,Open
967,Business Analyst,Zoho,Pune,Telangana,India,Remote,Senior,5,22,17,"Power BI,SQL",Education,321953,484,Bachelor,Full-time,2026-06-23,74,Closed
968,Data Analyst,Accenture,Chennai,Karnataka,India,Hybrid,Entry,6,6,10,"Azure,Python",Healthcare,1040272,492,Master,Contract,2026-06-05,79,Closed
969,Data Scientist,Amazon,Bengaluru,Karnataka,India,Remote,Mid,5,9,5,"Excel,SQL",IT Services,1116964,65,Master,Full-time,2026-06-15,79,Open
970,Software Engineer,Microsoft,Bengaluru,Karnataka,India,Hybrid,Associate,2,14,9,"Azure,Python",Education,1228408,249,Master,Full-time,2026-05-27,52,Closed
971,BI Developer,Accenture,Mumbai,Telangana,India,Onsite,Entry,8,17,19,"Python,SQL",Retail,861390,218,Bachelor,Full-time,2026-03-18,77,Closed
972,Data Analyst,TechNova,Bengaluru,Telangana,India,Onsite,Senior,5,11,11,"Azure,Python",Education,607141,414,Master,Full-time,2026-04-14,90,Closed
973,BI Developer,Microsoft,Pune,Maharashtra,India,Hybrid,Senior,7,16,5,"Python,SQL",Retail,462139,13,Bachelor,Full-time,2026-01-05,82,Open
974,Data Analyst,Microsoft,Pune,Karnataka,India,Hybrid,Senior,0,18,12,"Tableau,SQL",Healthcare,1432621,478,Bachelor,Contract,2026-06-25,97,Open
975,ML Engineer,Microsoft,Delhi,Delhi,India,Hybrid,Senior,8,28,7,"Excel,SQL",Healthcare,1224351,258,Bachelor,Internship,2026-05-18,79,Closed
976,Software Engineer,Zoho,Delhi,Telangana,India,Hybrid,Senior,1,8,15,"Tableau,SQL",Healthcare,1160244,245,Master,Contract,2026-02-23,68,Open
977,ML Engineer,TechNova,Delhi,Delhi,India,Remote,Senior,4,9,4,"Excel,SQL",Retail,1161777,152,Master,Contract,2026-04-28,60,Closed
978,BI Developer,TCS,Chennai,Maharashtra,India,Onsite,Associate,5,29,7,"Excel,SQL",Healthcare,1506397,120,Master,Full-time,2026-05-25,91,Open
979,Data Scientist,Microsoft,Pune,Maharashtra,India,Remote,Mid,4,11,7,"Excel,SQL",Healthcare,1631130,495,Master,Contract,2026-06-22,66,Open
980,BI Developer,Infosys,Bengaluru,Delhi,India,Onsite,Senior,5,7,10,"Tableau,SQL",Finance,1653282,467,Bachelor,Full-time,2026-04-20,51,Open
981,BI Developer,TCS,Chennai,Delhi,India,Hybrid,Mid,7,28,7,"Azure,Python",IT Services,835083,71,Bachelor,Contract,2026-04-27,85,Open
982,Data Analyst,Wipro,Bengaluru,Tamil Nadu,India,Remote,Associate,5,16,13,"Python,Pandas",IT Services,431335,448,Master,Full-time,2026-06-28,84,Closed
983,Data Scientist,TCS,Mumbai,Maharashtra,India,Remote,Mid,5,19,5,"Azure,Python",Finance,1635007,108,Bachelor,Contract,2026-05-15,67,Closed
984,ML Engineer,Zoho,Pune,Delhi,India,Onsite,Senior,6,14,7,"Tableau,SQL",Retail,1024172,13,Bachelor,Full-time,2026-04-16,58,Closed
985,Data Scientist,TechNova,Delhi,Maharashtra,India,Onsite,Senior,5,24,12,"Python,SQL",IT Services,736344,464,Master,Contract,2026-02-14,73,Open
986,ML Engineer,Infosys,Chennai,Tamil Nadu,India,Hybrid,Senior,3,6,4,"Azure,Python",IT Services,1107122,393,Bachelor,Contract,2026-02-03,62,Closed
987,Business Analyst,Capgemini,Hyderabad,Telangana,India,Onsite,Associate,4,20,20,"Excel,SQL",IT Services,779061,40,Master,Contract,2026-02-12,79,Closed
988,Data Analyst,Infosys,Delhi,Maharashtra,India,Hybrid,Associate,1,12,5,"Azure,Python",Education,1140533,295,Master,Contract,2026-04-04,91,Closed
989,BI Developer,Amazon,Chennai,Tamil Nadu,India,Hybrid,Mid,4,13,13,"Power BI,SQL",Education,1328004,332,Master,Internship,2026-03-06,83,Closed
990,Data Analyst,Infosys,Chennai,Tamil Nadu,India,Hybrid,Senior,7,20,16,"Tableau,SQL",Finance,1741799,324,Bachelor,Contract,2026-02-05,84,Open
991,Data Analyst,Zoho,Delhi,Tamil Nadu,India,Onsite,Associate,4,6,17,"Excel,SQL",Education,1736490,81,Bachelor,Full-time,2026-04-06,88,Open
992,BI Developer,Wipro,Mumbai,Tamil Nadu,India,Remote,Associate,6,24,4,"Excel,SQL",IT Services,1368834,115,Bachelor,Contract,2026-03-07,81,Open
993,ML Engineer,Accenture,Mumbai,Telangana,India,Hybrid,Entry,3,13,11,"Tableau,SQL",Healthcare,1171935,323,Bachelor,Internship,2026-04-04,67,Open
994,Data Scientist,Zoho,Chennai,Maharashtra,India,Onsite,Associate,5,12,7,"Power BI,SQL",Retail,998308,447,Bachelor,Full-time,2026-03-18,57,Open
995,ML Engineer,TCS,Hyderabad,Telangana,India,Onsite,Senior,2,30,16,"Azure,Python",IT Services,1147134,477,Bachelor,Internship,2026-02-01,98,Closed
996,Data Analyst,Wipro,Mumbai,Delhi,India,Remote,Associate,3,7,13,"Python,Pandas",Finance,557703,345,Bachelor,Contract,2026-01-26,80,Closed
997,BI Developer,Infosys,Chennai,Delhi,India,Hybrid,Senior,4,9,6,"Python,Pandas",Healthcare,1533641,89,Master,Full-time,2026-02-17,94,Closed
998,Data Analyst,TechNova,Bengaluru,Delhi,India,Hybrid,Entry,1,3,17,"Excel,SQL",Finance,978394,323,Master,Contract,2026-02-02,73,Closed
999,Software Engineer,Microsoft,Hyderabad,Karnataka,India,Hybrid,Associate,0,26,16,"Power BI,SQL",Finance,1300059,56,Master,Full-time,2026-04-22,93,Open
1000,Data Scientist,Google,Mumbai,Delhi,India,Onsite,Senior,1,23,10,"Excel,SQL",Retail,829812,279,Bachelor,Contract,2026-03-04,65,Open
1001,Data Analyst,Google,Mumbai,Maharashtra,India,Remote,Mid,1,11,17,"Power BI,SQL",Finance,999925,490,Bachelor,Internship,2026-01-29,83,Closed
1002,Business Analyst,Amazon,Mumbai,Delhi,India,Onsite,Associate,3,19,15,"Python,Pandas",Healthcare,364429,487,Master,Full-time,2026-06-16,51,Closed
1003,Data Scientist,Infosys,Hyderabad,Karnataka,India,Hybrid,Senior,0,19,6,"Python,SQL",Education,490083,492,Master,Internship,2026-02-16,63,Open
1004,Data Scientist,Microsoft,Delhi,Karnataka,India,Onsite,Senior,2,6,5,"Azure,Python",Healthcare,1571929,199,Bachelor,Full-time,2026-02-03,54,Open
1005,Business Analyst,Wipro,Pune,Telangana,India,Onsite,Entry,1,17,9,"Azure,Python",IT Services,964927,446,Bachelor,Full-time,2026-01-05,56,Closed
1006,Business Analyst,Google,Mumbai,Telangana,India,Remote,Associate,3,26,10,"Python,Pandas",IT Services,1054228,90,Bachelor,Contract,2026-06-04,95,Closed
1007,Data Scientist,Wipro,Pune,Delhi,India,Hybrid,Associate,1,9,8,"Python,SQL",IT Services,427937,496,Master,Contract,2026-04-15,92,Open
1008,Software Engineer,Zoho,Pune,Tamil Nadu,India,Hybrid,Mid,7,18,10,"Excel,SQL",Finance,1103665,497,Bachelor,Contract,2026-04-14,96,Closed
1009,ML Engineer,Capgemini,Bengaluru,Karnataka,India,Remote,Senior,2,11,12,"Python,Pandas",Healthcare,1618387,24,Master,Internship,2026-01-18,78,Closed
1010,Data Analyst,Amazon,Hyderabad,Delhi,India,Hybrid,Mid,2,24,6,"Azure,Python",IT Services,375972,58,Master,Contract,2026-02-18,53,Closed
1011,ML Engineer,TCS,Hyderabad,Maharashtra,India,Remote,Entry,5,8,11,"Python,Pandas",Education,1203983,470,Bachelor,Full-time,2026-03-24,82,Closed
1012,Data Analyst,Accenture,Bengaluru,Maharashtra,India,Hybrid,Associate,7,27,20,"Tableau,SQL",Education,1532715,354,Bachelor,Full-time,2026-03-06,59,Closed
1013,Data Scientist,Accenture,Bengaluru,Delhi,India,Hybrid,Entry,1,27,20,"Azure,Python",Finance,344557,304,Bachelor,Contract,2026-02-09,78,Closed
1014,ML Engineer,Zoho,Delhi,Delhi,India,Onsite,Associate,8,8,9,"Azure,Python",Healthcare,962295,100,Bachelor,Contract,2026-02-04,90,Open
1015,Data Scientist,TCS,Bengaluru,Tamil Nadu,India,Onsite,Associate,0,27,7,"Python,Pandas",Education,1134466,26,Bachelor,Full-time,2026-06-19,65,Closed
1016,ML Engineer,Zoho,Mumbai,Tamil Nadu,India,Hybrid,Entry,1,13,13,"Excel,SQL",Retail,1004640,17,Bachelor,Full-time,2026-05-01,97,Open
1017,Data Analyst,Infosys,Pune,Tamil Nadu,India,Hybrid,Associate,6,29,6,"Python,Pandas",Education,780098,49,Bachelor,Full-time,2026-01-14,66,Open
1018,Data Scientist,TechNova,Bengaluru,Karnataka,India,Hybrid,Senior,5,24,12,"Tableau,SQL",IT Services,1305501,264,Bachelor,Contract,2026-03-10,88,Closed
1019,ML Engineer,Amazon,Chennai,Delhi,India,Remote,Mid,2,30,14,"Python,Pandas",Retail,1416615,4,Master,Contract,2026-04-24,71,Open
1020,BI Developer,TCS,Hyderabad,Telangana,India,Remote,Mid,0,25,13,"Python,Pandas",IT Services,670474,39,Master,Full-time,2026-01-02,65,Closed
1021,Business Analyst,Zoho,Chennai,Tamil Nadu,India,Onsite,Senior,7,12,8,"Azure,Python",Education,954006,250,Master,Full-time,2026-01-07,59,Open
1022,Data Analyst,Capgemini,Bengaluru,Karnataka,India,Remote,Entry,0,8,7,"Python,SQL",Education,1571909,465,Bachelor,Contract,2026-06-10,90,Open
1023,ML Engineer,Accenture,Delhi,Maharashtra,India,Remote,Associate,0,18,13,"Tableau,SQL",Finance,591307,170,Master,Internship,2026-01-29,56,Open
1024,Data Analyst,Accenture,Chennai,Karnataka,India,Remote,Associate,4,30,8,"Power BI,SQL",Finance,1347156,120,Master,Internship,2026-05-03,54,Open
1025,Data Analyst,Wipro,Chennai,Tamil Nadu,India,Onsite,Entry,1,22,4,"Excel,SQL",Retail,1674225,219,Master,Contract,2026-06-03,92,Closed
1026,Software Engineer,Microsoft,Mumbai,Telangana,India,Remote,Entry,8,10,13,"Azure,Python",Healthcare,1117443,414,Bachelor,Full-time,2026-06-13,97,Open
1027,Data Scientist,TechNova,Chennai,Delhi,India,Remote,Associate,8,25,17,"Python,Pandas",Retail,1752279,252,Bachelor,Internship,2026-03-29,59,Closed
1028,Data Analyst,Zoho,Chennai,Tamil Nadu,India,Onsite,Mid,0,23,14,"Azure,Python",Finance,642269,408,Master,Contract,2026-03-12,82,Open
1029,Software Engineer,Zoho,Delhi,Delhi,India,Onsite,Entry,4,30,19,"Python,SQL",Education,523113,392,Master,Contract,2026-03-17,59,Closed
1030,Software Engineer,Wipro,Chennai,Telangana,India,Onsite,Senior,5,10,17,"Excel,SQL",Finance,1530707,461,Master,Contract,2026-06-30,80,Open
1031,Business Analyst,Amazon,Chennai,Maharashtra,India,Onsite,Senior,1,5,19,"Azure,Python",Education,889576,178,Master,Contract,2026-03-20,79,Closed
1032,Data Analyst,Google,Pune,Telangana,India,Remote,Associate,3,11,12,"Python,Pandas",Education,548318,70,Master,Internship,2026-05-23,67,Open
1033,Data Analyst,Zoho,Chennai,Maharashtra,India,Remote,Entry,3,22,18,"Python,Pandas",Healthcare,1413643,470,Master,Full-time,2026-06-11,78,Closed
1034,Data Analyst,Accenture,Bengaluru,Tamil Nadu,India,Onsite,Entry,8,30,19,"Python,Pandas",Finance,868324,49,Bachelor,Full-time,2026-04-12,66,Closed
1035,ML Engineer,Amazon,Mumbai,Maharashtra,India,Remote,Mid,0,3,16,"Python,Pandas",Education,892266,211,Master,Full-time,2026-04-28,90,Closed
1036,Software Engineer,Accenture,Delhi,Karnataka,India,Onsite,Senior,1,29,19,"Azure,Python",Healthcare,782964,0,Master,Internship,2026-02-02,77,Open
1037,ML Engineer,Google,Bengaluru,Delhi,India,Remote,Mid,6,9,19,"Python,SQL",IT Services,1283155,247,Master,Internship,2026-06-14,86,Closed
1038,Data Analyst,Amazon,Hyderabad,Telangana,India,Hybrid,Mid,4,29,18,"Tableau,SQL",IT Services,861890,49,Master,Full-time,2026-06-30,70,Closed
1039,Software Engineer,Amazon,Hyderabad,Maharashtra,India,Remote,Entry,6,5,12,"Excel,SQL",Education,1652768,441,Bachelor,Full-time,2026-06-26,84,Open
1040,Data Scientist,Wipro,Pune,Karnataka,India,Remote,Associate,5,27,4,"Python,Pandas",Education,663990,135,Master,Full-time,2026-04-04,54,Open
1041,Data Analyst,Infosys,Hyderabad,Tamil Nadu,India,Onsite,Entry,7,20,7,"Power BI,SQL",Education,457753,307,Bachelor,Full-time,2026-02-19,62,Open
1042,BI Developer,Amazon,Hyderabad,Karnataka,India,Hybrid,Mid,8,18,17,"Azure,Python",Healthcare,490779,89,Master,Contract,2026-05-16,67,Open
1043,Data Analyst,Google,Delhi,Maharashtra,India,Remote,Mid,4,16,7,"Python,SQL",IT Services,1040037,151,Master,Full-time,2026-04-15,62,Closed
1044,BI Developer,Microsoft,Hyderabad,Delhi,India,Onsite,Associate,7,4,20,"Python,Pandas",Healthcare,730975,289,Bachelor,Contract,2026-03-16,71,Closed
1045,ML Engineer,Zoho,Bengaluru,Karnataka,India,Remote,Senior,0,21,15,"Azure,Python",IT Services,1673618,453,Bachelor,Internship,2026-04-13,51,Closed
1046,Software Engineer,Google,Delhi,Tamil Nadu,India,Hybrid,Senior,2,8,19,"Tableau,SQL",Finance,1129916,337,Bachelor,Full-time,2026-05-31,71,Open
1047,Business Analyst,Zoho,Pune,Karnataka,India,Remote,Senior,7,12,8,"Python,Pandas",Finance,1307463,197,Bachelor,Contract,2026-02-12,79,Open
1048,Software Engineer,Infosys,Hyderabad,Telangana,India,Onsite,Associate,3,7,12,"Python,SQL",Finance,396618,264,Master,Contract,2026-03-17,68,Open
1049,Data Analyst,Capgemini,Mumbai,Karnataka,India,Onsite,Associate,1,4,12,"Power BI,SQL",Retail,468228,304,Master,Contract,2026-03-19,87,Closed
1050,Data Analyst,Accenture,Pune,Telangana,India,Onsite,Entry,5,27,10,"Python,SQL",Education,691296,123,Master,Contract,2026-01-15,68,Closed
1051,Data Scientist,Amazon,Delhi,Delhi,India,Remote,Entry,0,3,6,"Python,SQL",IT Services,1147488,178,Master,Internship,2026-01-14,69,Closed
1052,Software Engineer,Infosys,Bengaluru,Telangana,India,Remote,Mid,0,6,4,"Tableau,SQL",Education,1522242,109,Bachelor,Full-time,2026-01-30,85,Closed
1053,Business Analyst,Wipro,Delhi,Karnataka,India,Remote,Entry,3,30,10,"Python,Pandas",Retail,1604459,244,Master,Full-time,2026-02-18,55,Open
1054,Data Analyst,Zoho,Delhi,Delhi,India,Remote,Senior,5,19,6,"Python,Pandas",Retail,1265028,7,Bachelor,Contract,2026-05-02,77,Open
1055,Data Analyst,Capgemini,Bengaluru,Maharashtra,India,Remote,Senior,7,18,4,"Power BI,SQL",Education,1059122,348,Master,Contract,2026-05-27,51,Open
1056,Business Analyst,Infosys,Delhi,Karnataka,India,Remote,Mid,5,6,8,"Power BI,SQL",Retail,1366121,305,Master,Full-time,2026-02-20,79,Open
1057,Business Analyst,TCS,Chennai,Karnataka,India,Onsite,Entry,5,8,6,"Power BI,SQL",IT Services,602982,114,Master,Internship,2026-02-10,94,Closed
1058,Business Analyst,Infosys,Chennai,Karnataka,India,Hybrid,Entry,8,23,20,"Python,SQL",Healthcare,410219,94,Bachelor,Contract,2026-06-05,80,Open
1059,ML Engineer,Microsoft,Delhi,Maharashtra,India,Remote,Senior,8,9,6,"Power BI,SQL",Education,796524,225,Master,Contract,2026-04-14,92,Open
1060,Business Analyst,TechNova,Bengaluru,Delhi,India,Onsite,Mid,5,7,4,"Azure,Python",IT Services,852752,182,Master,Full-time,2026-01-31,75,Closed
1061,Data Scientist,TCS,Bengaluru,Telangana,India,Remote,Associate,6,11,14,"Tableau,SQL",Finance,1781702,397,Master,Internship,2026-05-10,51,Closed
1062,Software Engineer,Amazon,Delhi,Delhi,India,Hybrid,Mid,0,19,4,"Python,Pandas",Finance,1229806,355,Master,Contract,2026-04-01,64,Closed
1063,Business Analyst,Capgemini,Mumbai,Delhi,India,Remote,Mid,3,23,12,"Excel,SQL",Education,1008867,183,Master,Full-time,2026-06-02,70,Closed
1064,BI Developer,Accenture,Bengaluru,Maharashtra,India,Onsite,Associate,4,13,17,"Excel,SQL",Healthcare,353441,246,Bachelor,Contract,2026-04-14,81,Open
1065,BI Developer,Wipro,Delhi,Telangana,India,Remote,Mid,6,6,15,"Python,Pandas",Healthcare,1712461,83,Master,Internship,2026-02-12,86,Open
1066,Software Engineer,Capgemini,Mumbai,Telangana,India,Onsite,Mid,1,11,17,"Python,Pandas",IT Services,1494290,218,Bachelor,Contract,2026-01-13,93,Closed
1067,Business Analyst,TechNova,Chennai,Karnataka,India,Remote,Entry,8,27,8,"Excel,SQL",IT Services,800871,345,Bachelor,Contract,2026-01-28,88,Open
1068,Data Analyst,Microsoft,Hyderabad,Delhi,India,Onsite,Mid,5,11,19,"Tableau,SQL",Healthcare,460243,110,Master,Full-time,2026-06-28,69,Open
1069,Software Engineer,Microsoft,Pune,Tamil Nadu,India,Hybrid,Senior,6,12,17,"Python,SQL",Finance,1200988,472,Bachelor,Internship,2026-03-05,98,Open
1070,ML Engineer,Microsoft,Pune,Delhi,India,Hybrid,Senior,1,12,20,"Python,Pandas",Retail,899995,261,Master,Internship,2026-02-25,71,Open
1071,BI Developer,Infosys,Chennai,Delhi,India,Onsite,Senior,1,10,10,"Python,Pandas",Retail,763291,61,Master,Internship,2026-05-01,50,Closed
1072,Business Analyst,Infosys,Pune,Karnataka,India,Hybrid,Senior,3,6,16,"Python,SQL",Healthcare,1775629,328,Bachelor,Internship,2026-01-12,57,Open
1073,Data Analyst,Amazon,Chennai,Maharashtra,India,Hybrid,Senior,6,11,10,"Excel,SQL",Healthcare,525271,359,Bachelor,Contract,2026-01-30,81,Open
1074,Data Analyst,Google,Mumbai,Karnataka,India,Remote,Mid,0,11,19,"Power BI,SQL",Education,939348,51,Bachelor,Full-time,2026-03-04,69,Closed
1075,BI Developer,Google,Pune,Karnataka,India,Hybrid,Entry,2,18,15,"Python,SQL",Education,1225130,243,Master,Full-time,2026-03-03,94,Open
1076,Business Analyst,Google,Bengaluru,Delhi,India,Onsite,Senior,1,20,10,"Power BI,SQL",Healthcare,1700857,112,Master,Internship,2026-05-08,80,Closed
1077,Data Scientist,Zoho,Pune,Telangana,India,Onsite,Senior,7,25,17,"Python,Pandas",Retail,723373,97,Bachelor,Full-time,2026-05-15,72,Open
1078,BI Developer,Microsoft,Delhi,Delhi,India,Hybrid,Mid,3,30,6,"Python,Pandas",Education,1416155,328,Master,Contract,2026-04-25,82,Open
1079,Business Analyst,Capgemini,Pune,Maharashtra,India,Onsite,Mid,7,22,17,"Excel,SQL",Finance,414598,325,Bachelor,Internship,2026-05-14,98,Closed
1080,Data Scientist,Accenture,Bengaluru,Telangana,India,Hybrid,Associate,0,26,6,"Azure,Python",Education,1331840,308,Master,Contract,2026-06-29,75,Closed
1081,Business Analyst,Capgemini,Hyderabad,Tamil Nadu,India,Hybrid,Mid,2,24,10,"Excel,SQL",Retail,1265767,22,Bachelor,Contract,2026-05-03,66,Closed
1082,Business Analyst,TCS,Hyderabad,Maharashtra,India,Remote,Senior,8,16,17,"Python,Pandas",Retail,413299,70,Master,Contract,2026-03-25,83,Closed
1083,Data Analyst,Capgemini,Bengaluru,Tamil Nadu,India,Onsite,Entry,8,4,8,"Python,Pandas",Healthcare,1489300,16,Bachelor,Contract,2026-04-02,85,Open
1084,Business Analyst,TCS,Mumbai,Delhi,India,Hybrid,Associate,3,19,10,"Excel,SQL",Healthcare,1357793,349,Master,Full-time,2026-05-06,53,Closed
1085,ML Engineer,Zoho,Delhi,Delhi,India,Onsite,Senior,7,5,5,"Excel,SQL",Finance,331312,219,Master,Internship,2026-04-13,54,Open
1086,Data Scientist,Accenture,Hyderabad,Delhi,India,Remote,Senior,5,29,6,"Tableau,SQL",Education,330039,339,Master,Full-time,2026-02-07,56,Open
1087,ML Engineer,Microsoft,Mumbai,Tamil Nadu,India,Hybrid,Entry,0,24,15,"Tableau,SQL",Retail,518157,80,Master,Contract,2026-06-13,82,Closed
1088,BI Developer,Amazon,Delhi,Delhi,India,Remote,Mid,0,4,6,"Tableau,SQL",Healthcare,899958,388,Bachelor,Contract,2026-05-25,80,Closed
1089,Software Engineer,TCS,Chennai,Delhi,India,Remote,Associate,3,17,14,"Python,SQL",IT Services,1215662,225,Bachelor,Internship,2026-01-07,88,Open
1090,Data Analyst,Zoho,Hyderabad,Tamil Nadu,India,Remote,Entry,8,24,19,"Python,Pandas",Education,506678,18,Bachelor,Full-time,2026-01-08,60,Open
1091,BI Developer,Capgemini,Delhi,Delhi,India,Onsite,Associate,1,10,20,"Azure,Python",IT Services,1776189,483,Bachelor,Full-time,2026-02-07,72,Closed
1092,Data Analyst,TCS,Delhi,Delhi,India,Hybrid,Associate,3,23,10,"Python,SQL",Education,1222439,377,Bachelor,Full-time,2026-05-17,61,Open
1093,Software Engineer,Capgemini,Bengaluru,Telangana,India,Hybrid,Entry,8,13,5,"Python,SQL",Finance,1330426,274,Master,Full-time,2026-02-09,76,Open
1094,ML Engineer,Zoho,Pune,Delhi,India,Hybrid,Entry,3,7,19,"Azure,Python",Retail,1373155,295,Master,Full-time,2026-02-07,73,Open
1095,Data Analyst,Wipro,Chennai,Tamil Nadu,India,Hybrid,Entry,8,18,19,"Excel,SQL",Education,1534080,355,Bachelor,Full-time,2026-05-06,85,Open
1096,ML Engineer,Capgemini,Bengaluru,Tamil Nadu,India,Onsite,Entry,3,12,11,"Python,Pandas",Education,319771,346,Bachelor,Contract,2026-05-11,64,Open
1097,ML Engineer,Amazon,Chennai,Tamil Nadu,India,Remote,Mid,1,11,6,"Power BI,SQL",Education,1670292,132,Master,Internship,2026-04-24,66,Closed
1098,ML Engineer,Wipro,Mumbai,Maharashtra,India,Remote,Senior,7,5,19,"Python,SQL",Education,625478,372,Bachelor,Contract,2026-01-23,96,Open
1099,Software Engineer,Wipro,Chennai,Delhi,India,Hybrid,Mid,2,15,12,"Power BI,SQL",Healthcare,1394158,499,Master,Full-time,2026-04-14,56,Open
1100,BI Developer,Infosys,Hyderabad,Delhi,India,Onsite,Senior,4,21,6,"Excel,SQL",Finance,1625331,81,Master,Internship,2026-01-15,98,Open
1101,Business Analyst,Accenture,Delhi,Maharashtra,India,Hybrid,Mid,0,4,8,"Excel,SQL",Retail,400397,426,Master,Contract,2026-06-30,76,Open
1102,Business Analyst,Microsoft,Chennai,Delhi,India,Hybrid,Senior,4,20,5,"Python,SQL",Finance,798385,323,Bachelor,Contract,2026-01-27,76,Closed
1103,Data Analyst,Microsoft,Hyderabad,Telangana,India,Remote,Mid,6,17,9,"Azure,Python",Retail,1732377,34,Master,Contract,2026-03-21,51,Open
1104,Data Analyst,Amazon,Delhi,Maharashtra,India,Hybrid,Mid,6,25,20,"Tableau,SQL",Healthcare,514857,298,Master,Contract,2026-01-14,78,Closed
1105,ML Engineer,Zoho,Hyderabad,Delhi,India,Remote,Entry,6,10,11,"Tableau,SQL",Education,1447376,355,Bachelor,Internship,2026-03-25,54,Open
1106,Business Analyst,Zoho,Mumbai,Tamil Nadu,India,Onsite,Senior,1,17,16,"Power BI,SQL",Finance,1529094,451,Bachelor,Full-time,2026-03-10,82,Closed
1107,BI Developer,Amazon,Mumbai,Telangana,India,Onsite,Mid,1,16,20,"Python,Pandas",Finance,1484600,140,Master,Contract,2026-04-20,76,Open
1108,Data Analyst,Accenture,Delhi,Telangana,India,Onsite,Senior,8,6,10,"Tableau,SQL",IT Services,379505,146,Bachelor,Internship,2026-02-26,59,Open
1109,ML Engineer,Google,Hyderabad,Tamil Nadu,India,Remote,Associate,7,3,10,"Excel,SQL",Education,1110792,459,Bachelor,Internship,2026-03-24,87,Open
1110,Business Analyst,Microsoft,Delhi,Tamil Nadu,India,Onsite,Entry,6,6,19,"Python,SQL",IT Services,1514908,361,Bachelor,Contract,2026-05-04,98,Closed
1111,Software Engineer,TechNova,Chennai,Karnataka,India,Onsite,Associate,0,17,8,"Azure,Python",Finance,318319,169,Master,Internship,2026-04-19,50,Closed
1112,Data Analyst,TechNova,Delhi,Maharashtra,India,Onsite,Senior,8,5,12,"Tableau,SQL",Retail,1035731,330,Master,Contract,2026-05-31,89,Closed
1113,BI Developer,TCS,Mumbai,Maharashtra,India,Onsite,Entry,1,24,12,"Power BI,SQL",IT Services,1606059,59,Bachelor,Contract,2026-05-13,90,Closed
1114,Data Analyst,Microsoft,Delhi,Maharashtra,India,Hybrid,Mid,0,13,4,"Python,Pandas",Education,991574,420,Bachelor,Contract,2026-02-03,55,Open
1115,Data Scientist,Amazon,Delhi,Tamil Nadu,India,Remote,Senior,2,11,12,"Azure,Python",Healthcare,1735437,48,Master,Full-time,2026-04-09,62,Open
1116,BI Developer,Accenture,Chennai,Maharashtra,India,Hybrid,Senior,5,23,4,"Excel,SQL",IT Services,635070,417,Master,Full-time,2026-01-10,71,Closed
1117,Data Analyst,Zoho,Pune,Tamil Nadu,India,Onsite,Associate,1,4,14,"Power BI,SQL",Healthcare,543530,83,Bachelor,Full-time,2026-03-24,89,Open
1118,Data Scientist,Google,Pune,Karnataka,India,Hybrid,Associate,5,14,18,"Tableau,SQL",Retail,744672,17,Master,Full-time,2026-03-15,96,Open
1119,Data Analyst,Microsoft,Delhi,Karnataka,India,Remote,Senior,5,7,14,"Tableau,SQL",Finance,1574967,227,Master,Internship,2026-04-29,69,Closed
1120,ML Engineer,Wipro,Chennai,Maharashtra,India,Hybrid,Associate,7,3,18,"Python,Pandas",IT Services,969097,220,Bachelor,Full-time,2026-03-09,77,Open
1121,Software Engineer,TCS,Hyderabad,Maharashtra,India,Remote,Entry,5,4,20,"Tableau,SQL",Healthcare,426163,230,Bachelor,Contract,2026-03-21,58,Open
1122,Data Scientist,Capgemini,Chennai,Maharashtra,India,Onsite,Associate,1,27,15,"Python,Pandas",Finance,1408050,72,Master,Contract,2026-06-22,59,Open
1123,BI Developer,Wipro,Chennai,Tamil Nadu,India,Remote,Entry,2,8,12,"Tableau,SQL",Healthcare,1130573,500,Master,Full-time,2026-01-18,86,Open
1124,Software Engineer,Accenture,Hyderabad,Maharashtra,India,Onsite,Associate,6,22,6,"Azure,Python",Retail,1656965,142,Bachelor,Internship,2026-05-13,82,Closed
1125,Data Scientist,Amazon,Hyderabad,Telangana,India,Hybrid,Senior,2,27,20,"Python,Pandas",IT Services,1660465,472,Bachelor,Contract,2026-06-26,68,Open
1126,Software Engineer,Zoho,Pune,Telangana,India,Remote,Senior,4,10,9,"Tableau,SQL",Finance,1381178,92,Master,Full-time,2026-06-02,68,Closed
1127,Software Engineer,Microsoft,Hyderabad,Telangana,India,Onsite,Associate,5,16,15,"Power BI,SQL",Healthcare,396774,374,Bachelor,Internship,2026-04-16,64,Open
1128,Business Analyst,Infosys,Pune,Karnataka,India,Hybrid,Mid,5,24,4,"Power BI,SQL",Education,1355490,371,Bachelor,Internship,2026-04-16,56,Open
1129,Software Engineer,Google,Pune,Maharashtra,India,Hybrid,Senior,2,14,7,"Tableau,SQL",Healthcare,373231,115,Bachelor,Contract,2026-03-10,76,Closed
1130,Software Engineer,Wipro,Pune,Telangana,India,Hybrid,Entry,0,25,11,"Power BI,SQL",Finance,830309,383,Bachelor,Contract,2026-04-07,50,Open
1131,Data Analyst,Accenture,Bengaluru,Tamil Nadu,India,Onsite,Mid,7,19,12,"Tableau,SQL",Education,1742958,212,Bachelor,Contract,2026-01-15,63,Closed
1132,ML Engineer,Zoho,Chennai,Maharashtra,India,Hybrid,Mid,1,20,7,"Power BI,SQL",Education,1594482,7,Master,Contract,2026-06-09,54,Open
1133,Software Engineer,Microsoft,Mumbai,Tamil Nadu,India,Onsite,Associate,0,14,10,"Python,SQL",Retail,526223,128,Master,Internship,2026-05-11,72,Closed
1134,ML Engineer,Microsoft,Delhi,Karnataka,India,Onsite,Entry,3,14,8,"Excel,SQL",Retail,1648194,287,Master,Internship,2026-05-11,76,Closed
1135,ML Engineer,Microsoft,Pune,Telangana,India,Hybrid,Entry,6,20,7,"Tableau,SQL",Education,1554462,50,Master,Full-time,2026-01-24,81,Closed
1136,Data Analyst,Google,Hyderabad,Tamil Nadu,India,Remote,Entry,7,10,18,"Tableau,SQL",Healthcare,741979,212,Bachelor,Contract,2026-03-07,95,Closed
1137,Software Engineer,Accenture,Hyderabad,Telangana,India,Hybrid,Associate,7,9,6,"Python,SQL",Education,1581851,491,Master,Contract,2026-04-28,96,Open
1138,Business Analyst,Wipro,Bengaluru,Delhi,India,Hybrid,Senior,7,14,5,"Excel,SQL",Finance,398205,163,Bachelor,Contract,2026-04-24,64,Closed
1139,BI Developer,Microsoft,Mumbai,Delhi,India,Onsite,Senior,1,30,6,"Azure,Python",Education,467527,28,Master,Internship,2026-01-30,73,Open
1140,Data Scientist,Accenture,Hyderabad,Karnataka,India,Remote,Associate,6,12,20,"Tableau,SQL",IT Services,1236064,146,Bachelor,Contract,2026-04-05,83,Open
1141,Data Scientist,TCS,Bengaluru,Maharashtra,India,Remote,Associate,6,22,14,"Python,Pandas",Retail,348835,1,Bachelor,Internship,2026-05-23,62,Closed
1142,Data Scientist,Microsoft,Hyderabad,Tamil Nadu,India,Onsite,Mid,3,27,19,"Python,Pandas",Education,807663,482,Master,Full-time,2026-01-18,89,Open
1143,Data Scientist,TechNova,Chennai,Tamil Nadu,India,Onsite,Entry,8,27,13,"Tableau,SQL",Finance,1350765,251,Bachelor,Internship,2026-02-06,66,Open
1144,Data Analyst,Zoho,Mumbai,Tamil Nadu,India,Remote,Associate,3,20,12,"Python,SQL",Healthcare,1038163,233,Bachelor,Internship,2026-03-22,84,Closed
1145,Data Scientist,Capgemini,Hyderabad,Maharashtra,India,Onsite,Mid,8,9,16,"Tableau,SQL",Education,1196361,432,Bachelor,Full-time,2026-05-26,80,Closed
1146,Business Analyst,Amazon,Delhi,Tamil Nadu,India,Hybrid,Mid,1,10,4,"Excel,SQL",Finance,1173804,124,Master,Contract,2026-05-23,59,Open
1147,BI Developer,Amazon,Delhi,Maharashtra,India,Hybrid,Associate,2,20,5,"Python,SQL",IT Services,409212,246,Bachelor,Internship,2026-02-05,58,Open
1148,ML Engineer,Amazon,Mumbai,Maharashtra,India,Hybrid,Entry,6,4,13,"Azure,Python",IT Services,1092422,2,Master,Internship,2026-06-06,53,Open
1149,Data Analyst,Google,Delhi,Karnataka,India,Hybrid,Associate,0,19,5,"Azure,Python",Finance,957585,449,Master,Internship,2026-06-08,52,Open
1150,ML Engineer,Google,Pune,Maharashtra,India,Hybrid,Entry,3,26,10,"Excel,SQL",Education,1707876,218,Bachelor,Internship,2026-01-07,60,Open
1151,Business Analyst,TechNova,Pune,Tamil Nadu,India,Onsite,Associate,8,28,4,"Tableau,SQL",Retail,336414,423,Master,Contract,2026-02-08,71,Open
1152,Software Engineer,Amazon,Mumbai,Karnataka,India,Remote,Senior,1,29,10,"Power BI,SQL",Healthcare,411781,188,Bachelor,Contract,2026-06-02,61,Open
1153,Data Analyst,Infosys,Hyderabad,Telangana,India,Onsite,Entry,2,11,18,"Excel,SQL",IT Services,859618,206,Master,Contract,2026-03-29,96,Open
1154,Business Analyst,Google,Bengaluru,Tamil Nadu,India,Hybrid,Associate,3,6,5,"Python,Pandas",Retail,642796,185,Master,Contract,2026-06-21,87,Closed
1155,Business Analyst,TCS,Pune,Telangana,India,Onsite,Associate,6,12,11,"Python,Pandas",Education,833963,101,Master,Contract,2026-01-22,92,Open
1156,Data Analyst,Google,Delhi,Maharashtra,India,Onsite,Associate,3,3,6,"Power BI,SQL",Healthcare,900776,85,Bachelor,Contract,2026-03-17,98,Open
1157,BI Developer,Amazon,Pune,Tamil Nadu,India,Hybrid,Entry,2,25,17,"Python,Pandas",Education,738340,248,Bachelor,Internship,2026-01-03,67,Closed
1158,Data Analyst,Infosys,Pune,Karnataka,India,Remote,Senior,6,22,12,"Python,Pandas",Education,1591573,391,Master,Internship,2026-02-11,59,Open
1159,Business Analyst,Amazon,Bengaluru,Delhi,India,Hybrid,Entry,3,18,12,"Azure,Python",Education,608476,423,Master,Contract,2026-03-10,61,Closed
1160,Business Analyst,Amazon,Hyderabad,Delhi,India,Hybrid,Associate,3,5,6,"Power BI,SQL",Retail,1455526,20,Master,Full-time,2026-01-19,97,Open
1161,Data Analyst,TCS,Chennai,Maharashtra,India,Onsite,Entry,1,5,12,"Power BI,SQL",Retail,603320,482,Master,Contract,2026-02-22,94,Closed
1162,ML Engineer,Infosys,Mumbai,Delhi,India,Remote,Entry,7,23,14,"Tableau,SQL",IT Services,1566870,477,Bachelor,Contract,2026-03-31,78,Closed
1163,Data Scientist,Zoho,Chennai,Telangana,India,Remote,Entry,4,17,6,"Azure,Python",Retail,1257763,260,Bachelor,Contract,2026-05-17,89,Closed
1164,Data Analyst,Capgemini,Mumbai,Maharashtra,India,Onsite,Entry,3,18,19,"Power BI,SQL",IT Services,499351,14,Master,Full-time,2026-05-03,71,Open
1165,Software Engineer,Infosys,Delhi,Tamil Nadu,India,Remote,Entry,0,12,9,"Azure,Python",Retail,793850,60,Bachelor,Internship,2026-01-21,82,Closed
1166,BI Developer,Zoho,Hyderabad,Tamil Nadu,India,Onsite,Entry,2,24,15,"Python,Pandas",Retail,1562314,300,Master,Full-time,2026-01-02,85,Closed
1167,Software Engineer,Zoho,Chennai,Tamil Nadu,India,Hybrid,Entry,0,6,8,"Python,SQL",Healthcare,1728279,264,Master,Full-time,2026-01-21,50,Open
1168,Data Scientist,Zoho,Hyderabad,Telangana,India,Onsite,Entry,0,5,18,"Python,Pandas",Finance,1491904,492,Master,Contract,2026-04-11,92,Closed
1169,BI Developer,TCS,Delhi,Tamil Nadu,India,Onsite,Entry,2,23,12,"Power BI,SQL",Finance,1797050,137,Bachelor,Internship,2026-05-20,90,Closed
1170,ML Engineer,Microsoft,Delhi,Tamil Nadu,India,Remote,Associate,0,14,6,"Power BI,SQL",Finance,861839,166,Bachelor,Internship,2026-01-17,62,Open
1171,ML Engineer,TechNova,Hyderabad,Karnataka,India,Hybrid,Associate,6,9,18,"Python,SQL",IT Services,402526,336,Master,Internship,2026-01-17,57,Closed
1172,Business Analyst,Amazon,Mumbai,Maharashtra,India,Hybrid,Senior,3,19,7,"Python,Pandas",IT Services,759697,290,Master,Contract,2026-06-29,75,Open
1173,Data Analyst,Infosys,Hyderabad,Delhi,India,Onsite,Senior,4,27,16,"Azure,Python",IT Services,1784752,97,Bachelor,Contract,2026-05-17,52,Closed
1174,Software Engineer,TechNova,Mumbai,Telangana,India,Onsite,Entry,6,10,4,"Azure,Python",Education,1168263,322,Master,Full-time,2026-04-02,73,Open
1175,BI Developer,Infosys,Chennai,Telangana,India,Onsite,Senior,7,10,17,"Azure,Python",Education,719644,108,Master,Internship,2026-05-12,78,Open
1176,Business Analyst,Capgemini,Delhi,Maharashtra,India,Hybrid,Associate,1,5,5,"Python,SQL",Education,531769,232,Master,Contract,2026-03-22,74,Open
1177,Data Analyst,Google,Delhi,Maharashtra,India,Onsite,Entry,8,23,5,"Tableau,SQL",Healthcare,1499925,108,Master,Contract,2026-01-20,81,Closed
1178,Software Engineer,Zoho,Pune,Tamil Nadu,India,Hybrid,Associate,4,19,19,"Azure,Python",Healthcare,408677,405,Bachelor,Full-time,2026-06-29,98,Closed
1179,Data Scientist,Accenture,Delhi,Karnataka,India,Onsite,Entry,2,25,6,"Python,SQL",IT Services,926310,117,Master,Internship,2026-03-31,83,Open
1180,BI Developer,Amazon,Chennai,Telangana,India,Onsite,Mid,8,17,13,"Tableau,SQL",Education,1558586,495,Bachelor,Contract,2026-04-21,60,Open
1181,Data Scientist,TechNova,Hyderabad,Maharashtra,India,Hybrid,Mid,4,25,16,"Tableau,SQL",Finance,982904,312,Bachelor,Contract,2026-02-08,92,Closed
1182,ML Engineer,Accenture,Hyderabad,Tamil Nadu,India,Onsite,Mid,7,8,14,"Tableau,SQL",Education,1553904,446,Bachelor,Contract,2026-02-26,77,Open
1183,Software Engineer,Zoho,Bengaluru,Maharashtra,India,Onsite,Associate,0,4,4,"Excel,SQL",Education,495841,181,Master,Full-time,2026-05-11,89,Closed
1184,Data Scientist,Infosys,Hyderabad,Tamil Nadu,India,Onsite,Associate,6,5,4,"Python,Pandas",IT Services,1076155,395,Master,Contract,2026-04-30,84,Open
1185,Data Analyst,Accenture,Bengaluru,Telangana,India,Remote,Associate,8,13,20,"Power BI,SQL",IT Services,1438416,496,Bachelor,Contract,2026-02-19,98,Open
1186,ML Engineer,Zoho,Chennai,Karnataka,India,Hybrid,Associate,7,30,13,"Excel,SQL",Healthcare,1027893,131,Bachelor,Internship,2026-04-01,70,Closed
1187,BI Developer,Wipro,Delhi,Karnataka,India,Hybrid,Mid,8,13,10,"Azure,Python",Retail,1107568,430,Bachelor,Full-time,2026-02-09,87,Open
1188,Data Scientist,Google,Delhi,Tamil Nadu,India,Hybrid,Entry,3,30,19,"Azure,Python",Healthcare,1714419,462,Master,Internship,2026-04-11,90,Open
1189,Software Engineer,Infosys,Pune,Karnataka,India,Onsite,Mid,2,3,4,"Python,SQL",Healthcare,1639718,203,Master,Internship,2026-06-23,86,Open
1190,Software Engineer,Wipro,Pune,Maharashtra,India,Hybrid,Mid,7,12,11,"Python,Pandas",Healthcare,1361877,369,Master,Contract,2026-04-19,50,Closed
1191,Business Analyst,Capgemini,Mumbai,Telangana,India,Hybrid,Senior,0,20,13,"Azure,Python",Finance,1128509,25,Bachelor,Contract,2026-05-10,52,Closed
1192,BI Developer,Google,Chennai,Telangana,India,Onsite,Associate,0,25,5,"Python,SQL",Finance,350157,138,Bachelor,Contract,2026-03-19,92,Closed
1193,ML Engineer,Accenture,Mumbai,Maharashtra,India,Hybrid,Associate,1,29,17,"Azure,Python",Retail,802868,239,Master,Contract,2026-01-01,86,Closed
1194,ML Engineer,Wipro,Chennai,Karnataka,India,Onsite,Entry,5,12,9,"Power BI,SQL",Education,546929,73,Master,Contract,2026-05-31,80,Closed
1195,Data Analyst,Zoho,Hyderabad,Telangana,India,Hybrid,Associate,7,10,14,"Power BI,SQL",Retail,1594558,325,Master,Internship,2026-03-07,94,Open
1196,BI Developer,Capgemini,Hyderabad,Telangana,India,Onsite,Associate,0,7,17,"Python,Pandas",Retail,461373,203,Bachelor,Full-time,2026-01-24,71,Open
1197,Data Analyst,Wipro,Hyderabad,Delhi,India,Hybrid,Associate,2,8,14,"Python,Pandas",Education,1666292,32,Master,Contract,2026-05-04,92,Closed
1198,Data Scientist,Accenture,Chennai,Maharashtra,India,Onsite,Entry,5,29,10,"Excel,SQL",IT Services,1365035,461,Master,Full-time,2026-05-14,85,Closed
1199,Software Engineer,Amazon,Delhi,Maharashtra,India,Hybrid,Senior,8,15,20,"Power BI,SQL",Healthcare,1416495,267,Master,Contract,2026-02-25,75,Closed
1200,BI Developer,Google,Bengaluru,Tamil Nadu,India,Onsite,Associate,8,12,5,"Python,Pandas",Healthcare,500057,108,Bachelor,Full-time,2026-01-26,91,Open
1201,Business Analyst,Accenture,Mumbai,Karnataka,India,Onsite,Senior,2,8,13,"Excel,SQL",Retail,328983,446,Bachelor,Internship,2026-04-21,93,Open
1202,ML Engineer,Zoho,Chennai,Maharashtra,India,Onsite,Senior,1,26,8,"Python,SQL",Retail,772080,233,Master,Contract,2026-03-19,54,Open
1203,ML Engineer,Capgemini,Hyderabad,Tamil Nadu,India,Onsite,Senior,2,16,4,"Azure,Python",Healthcare,765487,206,Bachelor,Contract,2026-06-07,55,Closed
1204,Data Scientist,Zoho,Delhi,Delhi,India,Remote,Entry,5,28,13,"Excel,SQL",IT Services,784557,409,Bachelor,Internship,2026-02-11,60,Closed
1205,Data Scientist,Zoho,Pune,Delhi,India,Remote,Senior,5,11,12,"Power BI,SQL",Education,528134,352,Bachelor,Internship,2026-02-19,65,Closed
1206,BI Developer,TechNova,Chennai,Tamil Nadu,India,Onsite,Mid,2,15,20,"Power BI,SQL",Healthcare,962854,173,Bachelor,Full-time,2026-02-17,92,Closed
1207,BI Developer,Wipro,Pune,Telangana,India,Onsite,Mid,5,26,9,"Azure,Python",Finance,900102,396,Bachelor,Contract,2026-03-27,91,Open
1208,BI Developer,Zoho,Pune,Delhi,India,Hybrid,Mid,4,10,6,"Python,SQL",Finance,1479629,21,Bachelor,Contract,2026-01-15,56,Closed
1209,ML Engineer,Capgemini,Mumbai,Maharashtra,India,Hybrid,Associate,5,28,17,"Tableau,SQL",Finance,326430,450,Bachelor,Full-time,2026-04-24,93,Closed
1210,Data Analyst,Capgemini,Delhi,Karnataka,India,Onsite,Senior,7,21,17,"Power BI,SQL",Education,1183413,214,Master,Contract,2026-06-17,68,Open
1211,Business Analyst,Infosys,Delhi,Karnataka,India,Onsite,Associate,3,18,4,"Python,SQL",Education,1155968,207,Bachelor,Full-time,2026-04-01,74,Closed
1212,ML Engineer,Capgemini,Mumbai,Telangana,India,Onsite,Associate,8,19,17,"Python,Pandas",Healthcare,524007,117,Bachelor,Contract,2026-01-10,54,Open
1213,Data Scientist,Wipro,Chennai,Maharashtra,India,Hybrid,Mid,2,14,19,"Python,Pandas",Finance,1624401,7,Bachelor,Contract,2026-04-13,82,Open
1214,Data Scientist,Wipro,Mumbai,Delhi,India,Onsite,Mid,3,10,14,"Tableau,SQL",Retail,1259940,116,Master,Contract,2026-05-17,85,Open
1215,BI Developer,TCS,Chennai,Delhi,India,Hybrid,Mid,7,11,12,"Tableau,SQL",Retail,1559593,74,Master,Internship,2026-05-28,50,Closed
1216,Business Analyst,Infosys,Bengaluru,Telangana,India,Hybrid,Entry,8,20,11,"Azure,Python",Education,652982,412,Master,Full-time,2026-04-19,80,Closed
1217,Business Analyst,Amazon,Pune,Delhi,India,Remote,Mid,2,28,11,"Python,SQL",Finance,371954,33,Master,Internship,2026-04-14,65,Open
1218,BI Developer,TCS,Chennai,Maharashtra,India,Onsite,Entry,6,24,19,"Excel,SQL",IT Services,825131,176,Master,Contract,2026-05-01,53,Open
1219,ML Engineer,TCS,Hyderabad,Maharashtra,India,Remote,Entry,7,9,6,"Python,Pandas",Education,855352,452,Master,Contract,2026-02-09,60,Closed
1220,Business Analyst,Wipro,Delhi,Tamil Nadu,India,Hybrid,Associate,8,14,12,"Python,SQL",Healthcare,331376,460,Master,Contract,2026-02-15,67,Closed
1221,ML Engineer,Infosys,Mumbai,Maharashtra,India,Remote,Senior,2,9,14,"Tableau,SQL",Finance,734541,475,Master,Contract,2026-06-05,54,Closed
1222,Data Analyst,Accenture,Bengaluru,Telangana,India,Remote,Mid,5,9,16,"Excel,SQL",Healthcare,859029,228,Bachelor,Full-time,2026-06-02,98,Closed
1223,BI Developer,Amazon,Mumbai,Karnataka,India,Onsite,Mid,7,28,6,"Azure,Python",Healthcare,1700428,474,Master,Internship,2026-05-14,80,Closed
1224,ML Engineer,Accenture,Hyderabad,Telangana,India,Hybrid,Associate,3,12,20,"Excel,SQL",IT Services,406833,137,Bachelor,Internship,2026-04-29,66,Closed
1225,Data Scientist,Wipro,Mumbai,Maharashtra,India,Hybrid,Entry,2,11,7,"Tableau,SQL",Healthcare,821222,485,Master,Contract,2026-05-04,56,Open
1226,BI Developer,Google,Delhi,Delhi,India,Hybrid,Entry,2,16,10,"Python,Pandas",Finance,1361774,232,Master,Full-time,2026-05-06,56,Closed
1227,BI Developer,TechNova,Delhi,Delhi,India,Onsite,Senior,0,21,15,"Azure,Python",Retail,1556348,242,Master,Contract,2026-04-22,56,Closed
1228,ML Engineer,Capgemini,Delhi,Telangana,India,Remote,Senior,7,21,8,"Tableau,SQL",Healthcare,1395123,380,Bachelor,Full-time,2026-03-25,87,Open
1229,BI Developer,Zoho,Mumbai,Delhi,India,Hybrid,Associate,4,3,13,"Excel,SQL",Finance,1738853,457,Master,Contract,2026-02-10,63,Open
1230,ML Engineer,Wipro,Mumbai,Delhi,India,Remote,Mid,6,8,15,"Tableau,SQL",Healthcare,719929,109,Bachelor,Contract,2026-05-11,64,Closed
1231,Business Analyst,TechNova,Delhi,Delhi,India,Onsite,Mid,6,20,13,"Power BI,SQL",Finance,451017,234,Master,Contract,2026-03-13,73,Open
1232,Software Engineer,TechNova,Hyderabad,Karnataka,India,Remote,Entry,3,27,7,"Excel,SQL",IT Services,592570,286,Bachelor,Internship,2026-03-18,57,Open
1233,BI Developer,TechNova,Delhi,Telangana,India,Remote,Senior,3,12,4,"Tableau,SQL",Healthcare,1049265,89,Bachelor,Contract,2026-05-09,84,Closed
1234,ML Engineer,Zoho,Hyderabad,Tamil Nadu,India,Remote,Senior,1,13,11,"Python,SQL",Education,605184,346,Bachelor,Full-time,2026-06-02,79,Closed
1235,Business Analyst,Wipro,Bengaluru,Karnataka,India,Onsite,Entry,1,29,10,"Python,Pandas",Healthcare,1752251,53,Master,Contract,2026-04-21,56,Open
1236,Data Analyst,Infosys,Bengaluru,Telangana,India,Onsite,Mid,6,4,4,"Excel,SQL",IT Services,1733543,24,Bachelor,Contract,2026-05-28,66,Closed
1237,ML Engineer,Amazon,Hyderabad,Delhi,India,Onsite,Entry,7,6,19,"Tableau,SQL",Healthcare,749009,451,Bachelor,Full-time,2026-05-05,92,Closed
1238,Business Analyst,Google,Hyderabad,Delhi,India,Onsite,Associate,6,8,20,"Python,Pandas",Healthcare,1146157,90,Bachelor,Contract,2026-03-28,51,Open
1239,Data Scientist,Infosys,Hyderabad,Maharashtra,India,Remote,Mid,4,9,13,"Power BI,SQL",IT Services,1345782,153,Master,Full-time,2026-03-23,64,Open
1240,BI Developer,Accenture,Hyderabad,Karnataka,India,Onsite,Entry,8,28,19,"Python,SQL",Healthcare,1694798,22,Master,Full-time,2026-01-26,85,Closed
1241,Data Analyst,Microsoft,Bengaluru,Delhi,India,Onsite,Associate,7,9,20,"Python,SQL",Finance,1249064,62,Bachelor,Contract,2026-03-15,96,Closed
1242,Software Engineer,Wipro,Bengaluru,Maharashtra,India,Remote,Entry,0,28,4,"Power BI,SQL",IT Services,541031,27,Master,Full-time,2026-06-17,62,Open
1243,Data Analyst,Accenture,Chennai,Karnataka,India,Hybrid,Entry,0,7,20,"Excel,SQL",IT Services,1195578,263,Bachelor,Internship,2026-04-28,60,Open
1244,ML Engineer,Infosys,Hyderabad,Karnataka,India,Onsite,Senior,3,17,4,"Power BI,SQL",IT Services,953549,312,Bachelor,Internship,2026-01-20,77,Open
1245,Data Scientist,TCS,Pune,Tamil Nadu,India,Hybrid,Mid,3,24,6,"Excel,SQL",Education,1547992,16,Bachelor,Contract,2026-05-25,57,Closed
1246,Data Analyst,Google,Hyderabad,Delhi,India,Remote,Entry,6,11,18,"Excel,SQL",IT Services,1741835,454,Bachelor,Internship,2026-03-24,96,Closed
1247,BI Developer,Amazon,Delhi,Delhi,India,Hybrid,Associate,2,3,11,"Python,SQL",Healthcare,1530195,106,Master,Full-time,2026-04-12,86,Closed
1248,BI Developer,Accenture,Chennai,Delhi,India,Hybrid,Entry,0,7,6,"Python,SQL",Retail,1585283,171,Bachelor,Full-time,2026-05-08,66,Open
1249,Business Analyst,Accenture,Hyderabad,Telangana,India,Remote,Entry,8,7,13,"Power BI,SQL",Retail,1760984,3,Bachelor,Internship,2026-01-14,60,Open
1250,Software Engineer,TechNova,Pune,Maharashtra,India,Hybrid,Senior,5,3,14,"Tableau,SQL",Healthcare,1047542,137,Master,Internship,2026-01-01,92,Closed
1251,Data Scientist,Infosys,Hyderabad,Telangana,India,Hybrid,Senior,5,20,9,"Excel,SQL",Healthcare,1211812,290,Master,Contract,2026-03-04,56,Closed
1252,Business Analyst,Wipro,Delhi,Tamil Nadu,India,Onsite,Associate,1,10,7,"Azure,Python",Retail,815822,311,Bachelor,Contract,2026-01-02,80,Open
1253,ML Engineer,Zoho,Delhi,Delhi,India,Onsite,Senior,7,28,16,"Python,SQL",Retail,1318358,146,Bachelor,Internship,2026-01-12,91,Closed
1254,Data Scientist,Google,Hyderabad,Tamil Nadu,India,Remote,Associate,8,9,12,"Azure,Python",Healthcare,1299783,167,Master,Internship,2026-02-18,55,Closed
1255,Software Engineer,Wipro,Hyderabad,Maharashtra,India,Hybrid,Mid,7,20,11,"Excel,SQL",Education,984944,110,Master,Contract,2026-04-07,98,Open
1256,Software Engineer,TCS,Chennai,Telangana,India,Hybrid,Associate,4,9,13,"Python,Pandas",Healthcare,1712394,475,Bachelor,Internship,2026-05-17,58,Closed
1257,Data Scientist,Google,Bengaluru,Telangana,India,Remote,Mid,4,11,6,"Python,SQL",Education,1413805,60,Master,Contract,2026-01-25,58,Open
1258,ML Engineer,Infosys,Chennai,Telangana,India,Remote,Mid,7,22,10,"Python,Pandas",IT Services,569821,379,Bachelor,Contract,2026-05-14,62,Open
1259,Business Analyst,Google,Delhi,Delhi,India,Remote,Entry,0,28,19,"Power BI,SQL",IT Services,923943,229,Bachelor,Internship,2026-02-27,87,Open
1260,Data Analyst,Google,Pune,Maharashtra,India,Onsite,Entry,0,9,10,"Excel,SQL",Retail,428196,478,Master,Contract,2026-03-21,62,Closed
1261,Software Engineer,Amazon,Chennai,Tamil Nadu,India,Remote,Senior,1,26,20,"Excel,SQL",Retail,1655298,470,Master,Full-time,2026-01-02,80,Closed
1262,BI Developer,Wipro,Mumbai,Delhi,India,Remote,Mid,4,8,20,"Python,Pandas",Healthcare,953533,213,Bachelor,Full-time,2026-04-01,54,Open
1263,ML Engineer,Wipro,Hyderabad,Delhi,India,Onsite,Senior,3,4,20,"Excel,SQL",Healthcare,485113,46,Master,Full-time,2026-03-13,57,Closed
1264,Data Analyst,Amazon,Delhi,Maharashtra,India,Remote,Entry,3,29,6,"Azure,Python",Healthcare,1716835,480,Bachelor,Contract,2026-05-26,56,Closed
1265,Data Analyst,Accenture,Hyderabad,Karnataka,India,Remote,Mid,6,14,14,"Tableau,SQL",Finance,839160,338,Bachelor,Internship,2026-01-26,79,Open
1266,Data Analyst,Infosys,Hyderabad,Karnataka,India,Hybrid,Associate,6,8,18,"Python,SQL",Education,1056018,414,Master,Full-time,2026-03-19,92,Closed
1267,Software Engineer,TCS,Mumbai,Telangana,India,Onsite,Senior,3,10,12,"Azure,Python",Finance,959652,239,Bachelor,Full-time,2026-05-23,61,Closed
1268,Data Analyst,Wipro,Chennai,Karnataka,India,Onsite,Mid,8,11,14,"Python,Pandas",Healthcare,913159,185,Master,Internship,2026-03-11,54,Open
1269,Software Engineer,Capgemini,Bengaluru,Tamil Nadu,India,Onsite,Mid,3,8,4,"Azure,Python",Retail,1600712,500,Master,Internship,2026-04-06,97,Closed
1270,Business Analyst,Capgemini,Pune,Maharashtra,India,Remote,Associate,7,20,7,"Power BI,SQL",Healthcare,1238167,312,Bachelor,Full-time,2026-04-08,82,Closed
1271,ML Engineer,Zoho,Bengaluru,Telangana,India,Remote,Entry,0,22,11,"Python,SQL",Education,785709,202,Master,Internship,2026-06-04,86,Closed
1272,Data Analyst,TechNova,Mumbai,Karnataka,India,Onsite,Associate,4,20,18,"Python,Pandas",Education,1690543,491,Bachelor,Full-time,2026-03-19,76,Closed
1273,Business Analyst,TechNova,Hyderabad,Karnataka,India,Hybrid,Mid,1,14,10,"Excel,SQL",Retail,652144,248,Master,Contract,2026-03-21,55,Open
1274,Data Scientist,Wipro,Hyderabad,Maharashtra,India,Onsite,Entry,2,25,9,"Tableau,SQL",Education,490354,374,Bachelor,Contract,2026-03-23,82,Closed
1275,ML Engineer,Microsoft,Hyderabad,Delhi,India,Remote,Entry,3,13,13,"Excel,SQL",Healthcare,556870,6,Master,Contract,2026-06-05,83,Closed
1276,Data Scientist,Zoho,Bengaluru,Delhi,India,Hybrid,Associate,0,14,7,"Tableau,SQL",Education,639757,110,Master,Contract,2026-06-01,61,Open
1277,Data Scientist,TCS,Mumbai,Tamil Nadu,India,Hybrid,Entry,6,11,7,"Tableau,SQL",Retail,1630922,329,Master,Contract,2026-02-14,69,Open
1278,Data Analyst,Amazon,Delhi,Tamil Nadu,India,Onsite,Entry,7,23,10,"Python,Pandas",IT Services,1632228,439,Master,Contract,2026-02-27,87,Open
1279,Data Analyst,Amazon,Pune,Maharashtra,India,Onsite,Senior,7,23,10,"Excel,SQL",Finance,1204036,484,Bachelor,Internship,2026-01-17,90,Closed
1280,Business Analyst,TCS,Pune,Delhi,India,Remote,Entry,1,3,19,"Excel,SQL",Education,1575742,122,Master,Contract,2026-03-24,55,Open
1281,ML Engineer,Accenture,Pune,Telangana,India,Remote,Associate,2,21,8,"Python,Pandas",Retail,1648000,212,Master,Internship,2026-06-06,95,Closed
1282,Business Analyst,Infosys,Chennai,Maharashtra,India,Hybrid,Mid,0,21,7,"Excel,SQL",Finance,1502972,345,Bachelor,Internship,2026-01-28,97,Closed
1283,Data Analyst,Capgemini,Delhi,Tamil Nadu,India,Onsite,Mid,0,8,7,"Power BI,SQL",Finance,1083738,0,Master,Internship,2026-03-12,88,Closed
1284,BI Developer,Wipro,Mumbai,Maharashtra,India,Hybrid,Entry,2,13,10,"Tableau,SQL",Retail,1240012,230,Master,Contract,2026-06-11,98,Closed
1285,Business Analyst,Microsoft,Bengaluru,Maharashtra,India,Remote,Senior,8,27,11,"Python,Pandas",IT Services,349583,393,Bachelor,Full-time,2026-05-14,65,Open
1286,Data Scientist,Google,Hyderabad,Karnataka,India,Remote,Entry,1,25,10,"Tableau,SQL",IT Services,779149,73,Bachelor,Contract,2026-04-21,57,Open
1287,Data Scientist,Capgemini,Hyderabad,Delhi,India,Onsite,Associate,5,9,13,"Python,Pandas",Finance,1505464,130,Master,Internship,2026-01-30,61,Closed
1288,Data Analyst,Microsoft,Bengaluru,Tamil Nadu,India,Onsite,Mid,0,14,20,"Python,Pandas",Finance,859115,262,Master,Contract,2026-06-26,58,Open
1289,Data Analyst,Accenture,Hyderabad,Telangana,India,Onsite,Senior,7,22,18,"Azure,Python",Education,575292,448,Bachelor,Full-time,2026-06-26,93,Open
1290,BI Developer,Microsoft,Pune,Maharashtra,India,Onsite,Associate,0,19,7,"Azure,Python",Healthcare,1420071,179,Bachelor,Contract,2026-05-26,55,Open
1291,BI Developer,Google,Pune,Karnataka,India,Onsite,Entry,3,10,20,"Excel,SQL",Education,1426455,252,Bachelor,Full-time,2026-02-04,72,Open
1292,Data Scientist,TCS,Hyderabad,Telangana,India,Hybrid,Mid,6,25,17,"Python,SQL",Finance,1266427,104,Master,Full-time,2026-02-14,82,Open
1293,Data Scientist,Zoho,Pune,Karnataka,India,Hybrid,Mid,6,23,11,"Excel,SQL",Finance,1305431,391,Master,Contract,2026-02-03,53,Open
1294,Business Analyst,Accenture,Pune,Maharashtra,India,Hybrid,Entry,4,29,16,"Python,SQL",Healthcare,353577,491,Master,Internship,2026-06-24,74,Closed
1295,ML Engineer,Accenture,Chennai,Telangana,India,Hybrid,Senior,6,28,14,"Azure,Python",Finance,1255689,332,Bachelor,Contract,2026-01-15,78,Open
1296,BI Developer,Google,Chennai,Maharashtra,India,Hybrid,Entry,0,8,16,"Python,SQL",Education,1350501,408,Bachelor,Contract,2026-06-05,89,Closed
1297,Software Engineer,Capgemini,Bengaluru,Karnataka,India,Hybrid,Senior,0,11,11,"Python,SQL",Healthcare,472026,297,Master,Full-time,2026-02-11,52,Closed
1298,ML Engineer,Amazon,Bengaluru,Delhi,India,Hybrid,Associate,7,17,14,"Power BI,SQL",Retail,1520285,22,Master,Full-time,2026-05-20,86,Open
1299,Data Analyst,TCS,Chennai,Telangana,India,Onsite,Mid,6,8,13,"Power BI,SQL",Healthcare,534248,385,Master,Contract,2026-02-03,80,Open
1300,Data Scientist,Capgemini,Hyderabad,Tamil Nadu,India,Hybrid,Entry,6,6,19,"Tableau,SQL",IT Services,1233458,76,Bachelor,Full-time,2026-05-20,83,Closed
1301,Business Analyst,Amazon,Delhi,Karnataka,India,Onsite,Senior,2,17,7,"Excel,SQL",Retail,549483,52,Master,Full-time,2026-05-20,87,Closed
1302,BI Developer,Google,Delhi,Delhi,India,Onsite,Mid,7,4,18,"Excel,SQL",IT Services,1768445,491,Master,Internship,2026-02-20,97,Open
1303,Software Engineer,Capgemini,Delhi,Delhi,India,Onsite,Associate,4,15,17,"Power BI,SQL",Education,303784,313,Bachelor,Full-time,2026-06-12,86,Open
1304,Business Analyst,Amazon,Bengaluru,Telangana,India,Onsite,Entry,0,11,6,"Tableau,SQL",IT Services,1016493,102,Bachelor,Contract,2026-06-24,53,Closed
1305,ML Engineer,Microsoft,Delhi,Tamil Nadu,India,Hybrid,Mid,2,10,10,"Python,SQL",Education,770697,367,Bachelor,Full-time,2026-03-10,59,Closed
1306,Business Analyst,Capgemini,Chennai,Maharashtra,India,Remote,Associate,5,21,17,"Python,SQL",IT Services,1307407,237,Master,Internship,2026-02-24,56,Closed
1307,BI Developer,Infosys,Bengaluru,Telangana,India,Onsite,Entry,6,17,8,"Azure,Python",Finance,1359281,452,Bachelor,Full-time,2026-05-13,75,Closed
1308,BI Developer,Zoho,Hyderabad,Karnataka,India,Hybrid,Entry,2,3,18,"Power BI,SQL",Education,1079939,295,Master,Internship,2026-04-14,80,Open
1309,Software Engineer,TCS,Bengaluru,Delhi,India,Onsite,Entry,6,8,6,"Power BI,SQL",Education,525050,126,Bachelor,Contract,2026-01-13,65,Open
1310,Data Scientist,Google,Hyderabad,Karnataka,India,Hybrid,Mid,6,14,10,"Python,SQL",IT Services,1520962,216,Master,Internship,2026-06-04,62,Closed
1311,BI Developer,TechNova,Bengaluru,Karnataka,India,Onsite,Associate,0,7,10,"Python,Pandas",IT Services,1569458,314,Bachelor,Contract,2026-06-05,50,Closed
1312,Data Analyst,Infosys,Hyderabad,Tamil Nadu,India,Hybrid,Senior,1,30,16,"Python,Pandas",Finance,310974,180,Master,Contract,2026-06-08,93,Open
1313,Business Analyst,Microsoft,Pune,Telangana,India,Onsite,Associate,2,3,17,"Python,Pandas",Healthcare,1390376,482,Bachelor,Contract,2026-06-02,66,Open
1314,Software Engineer,Amazon,Delhi,Maharashtra,India,Onsite,Associate,2,7,16,"Tableau,SQL",Retail,388814,12,Master,Contract,2026-01-19,76,Open
1315,ML Engineer,Wipro,Pune,Telangana,India,Onsite,Associate,2,4,15,"Excel,SQL",IT Services,1735897,33,Master,Full-time,2026-06-24,59,Closed
1316,ML Engineer,Capgemini,Chennai,Tamil Nadu,India,Remote,Entry,4,28,13,"Excel,SQL",Finance,494134,6,Bachelor,Full-time,2026-03-30,52,Open
1317,Software Engineer,Google,Bengaluru,Maharashtra,India,Remote,Entry,3,27,7,"Python,SQL",IT Services,1030899,466,Master,Internship,2026-05-21,56,Closed
1318,ML Engineer,Amazon,Hyderabad,Karnataka,India,Onsite,Entry,5,18,17,"Excel,SQL",Retail,655688,224,Bachelor,Full-time,2026-05-29,57,Closed
1319,Software Engineer,Zoho,Chennai,Maharashtra,India,Hybrid,Mid,8,6,9,"Python,Pandas",Finance,1559159,330,Bachelor,Full-time,2026-06-21,91,Closed
1320,BI Developer,Infosys,Delhi,Tamil Nadu,India,Hybrid,Associate,1,22,11,"Azure,Python",Retail,1462653,461,Bachelor,Contract,2026-02-09,87,Closed
1321,Software Engineer,TechNova,Bengaluru,Tamil Nadu,India,Hybrid,Entry,6,12,8,"Excel,SQL",Retail,526342,75,Master,Contract,2026-04-06,56,Open
1322,ML Engineer,Infosys,Delhi,Telangana,India,Remote,Associate,2,27,18,"Python,SQL",Education,688448,276,Bachelor,Internship,2026-04-02,85,Closed
1323,Data Scientist,Zoho,Delhi,Tamil Nadu,India,Hybrid,Mid,6,28,12,"Power BI,SQL",IT Services,593389,419,Bachelor,Full-time,2026-04-20,91,Closed
1324,Data Analyst,Google,Hyderabad,Telangana,India,Onsite,Entry,8,20,12,"Python,Pandas",IT Services,1756889,275,Master,Full-time,2026-03-10,75,Closed
1325,Data Analyst,Microsoft,Pune,Delhi,India,Onsite,Associate,4,19,4,"Power BI,SQL",IT Services,703335,154,Master,Internship,2026-05-11,89,Closed
1326,ML Engineer,Wipro,Chennai,Maharashtra,India,Hybrid,Mid,8,23,14,"Tableau,SQL",Education,1438113,432,Master,Internship,2026-06-09,58,Open
1327,Software Engineer,TechNova,Pune,Maharashtra,India,Remote,Senior,8,12,12,"Azure,Python",Retail,1351591,12,Bachelor,Contract,2026-06-24,64,Closed
1328,Software Engineer,Capgemini,Mumbai,Karnataka,India,Onsite,Senior,2,23,7,"Azure,Python",Retail,860996,127,Bachelor,Internship,2026-04-25,68,Closed
1329,Data Scientist,Google,Pune,Maharashtra,India,Remote,Associate,6,15,18,"Tableau,SQL",IT Services,1436561,275,Master,Full-time,2026-06-06,70,Closed
1330,Data Scientist,TCS,Mumbai,Maharashtra,India,Onsite,Associate,2,27,10,"Excel,SQL",Healthcare,762840,176,Bachelor,Internship,2026-06-02,64,Closed
1331,Data Scientist,Infosys,Delhi,Karnataka,India,Remote,Mid,1,6,18,"Tableau,SQL",Education,1771236,439,Bachelor,Contract,2026-01-27,65,Open
1332,Software Engineer,TCS,Delhi,Tamil Nadu,India,Hybrid,Associate,0,7,4,"Tableau,SQL",IT Services,1650123,462,Master,Full-time,2026-06-07,68,Closed
1333,Software Engineer,Microsoft,Chennai,Telangana,India,Remote,Entry,7,29,5,"Excel,SQL",Healthcare,763234,251,Bachelor,Internship,2026-01-04,88,Closed
1334,Data Scientist,TechNova,Delhi,Tamil Nadu,India,Hybrid,Senior,8,8,16,"Python,Pandas",IT Services,589119,175,Bachelor,Contract,2026-01-16,61,Open
1335,Data Analyst,Zoho,Delhi,Tamil Nadu,India,Hybrid,Mid,2,13,20,"Azure,Python",Education,380517,152,Bachelor,Internship,2026-02-14,59,Open
1336,Software Engineer,Zoho,Bengaluru,Karnataka,India,Remote,Senior,6,15,20,"Excel,SQL",Retail,585033,423,Master,Full-time,2026-04-06,54,Closed
1337,Data Scientist,Amazon,Chennai,Maharashtra,India,Onsite,Entry,5,11,10,"Power BI,SQL",Finance,892757,433,Bachelor,Contract,2026-05-14,59,Open
1338,BI Developer,Accenture,Hyderabad,Tamil Nadu,India,Remote,Senior,3,18,4,"Azure,Python",IT Services,1021486,404,Bachelor,Full-time,2026-02-15,59,Open
1339,ML Engineer,Infosys,Delhi,Telangana,India,Hybrid,Associate,5,29,17,"Python,Pandas",Healthcare,1459519,79,Master,Full-time,2026-03-03,87,Closed
1340,Business Analyst,Zoho,Hyderabad,Tamil Nadu,India,Hybrid,Mid,5,5,15,"Python,SQL",Finance,735257,37,Master,Contract,2026-03-31,52,Open
1341,Business Analyst,TechNova,Pune,Telangana,India,Onsite,Senior,6,3,9,"Excel,SQL",Education,679662,248,Master,Internship,2026-04-12,79,Closed
1342,ML Engineer,Accenture,Chennai,Delhi,India,Onsite,Mid,2,21,16,"Python,Pandas",Retail,1709650,361,Bachelor,Internship,2026-01-25,70,Open
1343,Business Analyst,Accenture,Hyderabad,Tamil Nadu,India,Onsite,Associate,2,15,12,"Power BI,SQL",Education,1206071,424,Master,Contract,2026-01-17,89,Closed
1344,Data Scientist,Google,Chennai,Delhi,India,Hybrid,Senior,2,23,5,"Azure,Python",IT Services,1377489,310,Bachelor,Full-time,2026-02-27,91,Closed
1345,Data Analyst,Infosys,Pune,Karnataka,India,Remote,Entry,8,29,5,"Python,SQL",IT Services,595094,187,Master,Internship,2026-04-01,53,Open
1346,Software Engineer,TechNova,Delhi,Delhi,India,Hybrid,Mid,6,15,11,"Tableau,SQL",IT Services,1499094,19,Master,Internship,2026-06-30,61,Open
1347,BI Developer,TCS,Chennai,Tamil Nadu,India,Onsite,Senior,6,14,18,"Power BI,SQL",Healthcare,759518,467,Master,Contract,2026-05-27,88,Closed
1348,Data Scientist,Amazon,Bengaluru,Telangana,India,Remote,Mid,3,24,6,"Python,SQL",IT Services,786715,90,Master,Contract,2026-04-16,90,Closed
1349,Software Engineer,Google,Bengaluru,Telangana,India,Hybrid,Senior,8,11,20,"Python,Pandas",Retail,535842,353,Master,Internship,2026-01-26,52,Closed
1350,ML Engineer,Capgemini,Mumbai,Karnataka,India,Onsite,Associate,7,21,11,"Python,Pandas",Healthcare,1528393,351,Master,Internship,2026-03-01,85,Closed
1351,Data Analyst,Amazon,Bengaluru,Karnataka,India,Remote,Senior,7,18,20,"Tableau,SQL",Finance,1550891,204,Bachelor,Full-time,2026-03-06,66,Open
1352,ML Engineer,Zoho,Mumbai,Delhi,India,Hybrid,Entry,2,24,16,"Python,Pandas",Education,1418801,253,Master,Full-time,2026-04-25,92,Open
1353,Data Analyst,Amazon,Delhi,Maharashtra,India,Onsite,Entry,4,29,16,"Tableau,SQL",Education,1558334,274,Master,Full-time,2026-01-03,86,Closed
1354,ML Engineer,Wipro,Bengaluru,Delhi,India,Remote,Senior,0,29,13,"Power BI,SQL",IT Services,853061,27,Master,Internship,2026-02-14,80,Open
1355,Data Scientist,Microsoft,Mumbai,Karnataka,India,Hybrid,Entry,4,28,16,"Azure,Python",Education,1584947,411,Master,Full-time,2026-01-30,73,Open
1356,Software Engineer,Microsoft,Chennai,Delhi,India,Onsite,Entry,7,8,13,"Tableau,SQL",Retail,1273286,54,Master,Internship,2026-04-22,94,Open
1357,Data Analyst,Infosys,Hyderabad,Tamil Nadu,India,Onsite,Mid,2,28,4,"Python,SQL",Healthcare,1660108,44,Bachelor,Full-time,2026-04-05,64,Open
1358,Data Scientist,Capgemini,Hyderabad,Telangana,India,Hybrid,Associate,1,10,13,"Tableau,SQL",IT Services,1655453,95,Bachelor,Internship,2026-02-10,56,Closed
1359,BI Developer,Microsoft,Delhi,Maharashtra,India,Hybrid,Entry,4,5,6,"Python,Pandas",Retail,1586485,296,Bachelor,Contract,2026-02-03,69,Closed
1360,Business Analyst,Infosys,Delhi,Karnataka,India,Remote,Associate,0,19,19,"Python,SQL",Healthcare,1417296,80,Master,Internship,2026-03-06,52,Closed
1361,Business Analyst,Wipro,Mumbai,Karnataka,India,Remote,Senior,0,21,13,"Azure,Python",Finance,1715742,336,Master,Internship,2026-04-21,93,Closed
1362,BI Developer,Microsoft,Pune,Telangana,India,Remote,Mid,5,8,15,"Excel,SQL",IT Services,1637328,24,Master,Full-time,2026-02-16,74,Open
1363,Data Scientist,Capgemini,Pune,Karnataka,India,Onsite,Mid,6,4,18,"Excel,SQL",Finance,1722878,66,Bachelor,Internship,2026-05-22,75,Closed
1364,BI Developer,TCS,Mumbai,Tamil Nadu,India,Remote,Associate,8,11,14,"Tableau,SQL",Education,1606585,246,Master,Full-time,2026-01-25,65,Open
1365,Data Analyst,Zoho,Chennai,Delhi,India,Remote,Senior,3,18,19,"Python,SQL",Healthcare,530244,25,Bachelor,Contract,2026-02-14,84,Closed
1366,Data Analyst,Microsoft,Delhi,Maharashtra,India,Remote,Mid,4,22,15,"Python,SQL",Education,385683,88,Master,Full-time,2026-06-09,79,Closed
1367,Software Engineer,Accenture,Hyderabad,Delhi,India,Onsite,Associate,4,5,8,"Azure,Python",Finance,374333,381,Bachelor,Full-time,2026-03-18,85,Open
1368,BI Developer,Accenture,Mumbai,Maharashtra,India,Hybrid,Associate,8,19,19,"Tableau,SQL",Finance,927960,189,Master,Contract,2026-02-09,58,Closed
1369,BI Developer,Infosys,Mumbai,Maharashtra,India,Remote,Entry,5,8,8,"Tableau,SQL",IT Services,795861,263,Master,Contract,2026-02-24,85,Open
1370,Data Analyst,Microsoft,Pune,Maharashtra,India,Remote,Senior,6,4,9,"Python,Pandas",Education,1365042,443,Bachelor,Contract,2026-04-02,82,Open
1371,Business Analyst,Accenture,Pune,Maharashtra,India,Remote,Senior,1,27,15,"Tableau,SQL",Healthcare,397586,141,Master,Contract,2026-02-16,67,Closed
1372,Data Analyst,Amazon,Pune,Tamil Nadu,India,Remote,Associate,8,30,4,"Python,SQL",Finance,1695838,127,Master,Contract,2026-04-05,66,Closed
1373,Software Engineer,Infosys,Bengaluru,Telangana,India,Onsite,Associate,1,11,11,"Azure,Python",Finance,320840,0,Master,Contract,2026-02-02,65,Open
1374,Software Engineer,Accenture,Delhi,Tamil Nadu,India,Onsite,Associate,5,28,17,"Azure,Python",Education,1129278,55,Master,Full-time,2026-04-30,85,Open
1375,BI Developer,Accenture,Mumbai,Delhi,India,Remote,Mid,1,20,18,"Python,SQL",Finance,680233,240,Master,Contract,2026-02-25,93,Closed
1376,Data Analyst,Capgemini,Chennai,Telangana,India,Hybrid,Associate,7,16,8,"Excel,SQL",IT Services,302499,158,Bachelor,Full-time,2026-05-24,80,Closed
1377,Data Scientist,Accenture,Chennai,Maharashtra,India,Onsite,Mid,2,10,7,"Azure,Python",Education,1649079,253,Bachelor,Internship,2026-01-25,85,Open
1378,Software Engineer,Infosys,Delhi,Maharashtra,India,Remote,Senior,1,20,17,"Excel,SQL",IT Services,1068499,175,Bachelor,Full-time,2026-06-11,65,Open
1379,Data Scientist,Capgemini,Hyderabad,Maharashtra,India,Hybrid,Mid,0,28,8,"Azure,Python",Retail,1760017,16,Master,Full-time,2026-01-10,96,Open
1380,Data Analyst,TCS,Delhi,Tamil Nadu,India,Onsite,Associate,3,28,8,"Power BI,SQL",Finance,1298810,87,Bachelor,Contract,2026-01-30,98,Closed
1381,Software Engineer,Google,Delhi,Telangana,India,Hybrid,Mid,0,25,15,"Tableau,SQL",Education,548788,25,Master,Full-time,2026-05-14,95,Closed
1382,ML Engineer,Capgemini,Bengaluru,Delhi,India,Remote,Senior,8,14,14,"Azure,Python",IT Services,539350,38,Bachelor,Contract,2026-02-13,52,Closed
1383,Business Analyst,Accenture,Pune,Karnataka,India,Onsite,Associate,7,7,8,"Power BI,SQL",Education,562721,201,Bachelor,Internship,2026-01-23,85,Open
1384,BI Developer,Capgemini,Chennai,Tamil Nadu,India,Remote,Senior,3,12,5,"Azure,Python",Education,1472287,408,Bachelor,Internship,2026-01-09,58,Closed
1385,BI Developer,TCS,Mumbai,Tamil Nadu,India,Remote,Senior,5,29,11,"Tableau,SQL",IT Services,1577164,1,Bachelor,Contract,2026-02-04,78,Closed
1386,Data Analyst,Accenture,Pune,Telangana,India,Hybrid,Entry,6,30,13,"Power BI,SQL",Retail,522814,328,Bachelor,Full-time,2026-06-30,89,Open
1387,ML Engineer,Microsoft,Mumbai,Tamil Nadu,India,Onsite,Entry,6,17,13,"Python,Pandas",Education,910274,163,Bachelor,Full-time,2026-02-17,64,Closed
1388,Business Analyst,TCS,Hyderabad,Karnataka,India,Hybrid,Senior,5,5,19,"Power BI,SQL",Retail,1029263,298,Master,Contract,2026-05-22,61,Open
1389,ML Engineer,Infosys,Chennai,Maharashtra,India,Onsite,Entry,4,15,8,"Tableau,SQL",Healthcare,1651857,369,Bachelor,Internship,2026-03-22,63,Closed
1390,ML Engineer,Google,Mumbai,Delhi,India,Remote,Senior,8,19,14,"Tableau,SQL",IT Services,1018329,165,Bachelor,Internship,2026-06-16,72,Closed
1391,Data Scientist,TCS,Bengaluru,Tamil Nadu,India,Onsite,Associate,3,15,9,"Python,SQL",Education,775737,228,Bachelor,Full-time,2026-03-29,91,Open
1392,Software Engineer,TechNova,Chennai,Tamil Nadu,India,Hybrid,Mid,4,22,5,"Python,SQL",Education,428450,367,Bachelor,Internship,2026-04-25,79,Open
1393,Data Scientist,Wipro,Mumbai,Karnataka,India,Onsite,Senior,2,6,19,"Azure,Python",Retail,1019581,467,Bachelor,Internship,2026-02-23,91,Open
1394,ML Engineer,Infosys,Hyderabad,Tamil Nadu,India,Onsite,Senior,1,27,10,"Tableau,SQL",Retail,1383153,311,Bachelor,Full-time,2026-03-09,78,Closed
1395,Data Analyst,Wipro,Hyderabad,Karnataka,India,Hybrid,Mid,6,27,14,"Tableau,SQL",Healthcare,1295958,385,Master,Internship,2026-03-13,90,Closed
1396,ML Engineer,TCS,Mumbai,Karnataka,India,Hybrid,Mid,7,28,8,"Excel,SQL",Healthcare,1592658,271,Bachelor,Full-time,2026-04-07,94,Open
1397,Data Scientist,Zoho,Pune,Karnataka,India,Remote,Senior,4,29,19,"Excel,SQL",Healthcare,511768,231,Master,Contract,2026-02-20,83,Closed
1398,Software Engineer,Infosys,Mumbai,Delhi,India,Hybrid,Mid,7,3,14,"Python,Pandas",Finance,1713387,456,Master,Internship,2026-01-07,63,Closed
1399,Software Engineer,TechNova,Hyderabad,Telangana,India,Remote,Entry,4,19,16,"Excel,SQL",IT Services,1500401,405,Bachelor,Contract,2026-05-10,52,Closed
1400,Business Analyst,Zoho,Pune,Maharashtra,India,Hybrid,Senior,8,11,16,"Python,SQL",Education,1623349,137,Master,Contract,2026-06-29,50,Open
1401,Business Analyst,Infosys,Mumbai,Karnataka,India,Remote,Associate,4,21,5,"Azure,Python",Healthcare,941491,452,Master,Internship,2026-04-25,55,Closed
1402,Software Engineer,Infosys,Bengaluru,Telangana,India,Onsite,Associate,3,24,7,"Python,Pandas",Retail,1555802,27,Master,Internship,2026-03-10,80,Open
1403,Data Analyst,Amazon,Hyderabad,Maharashtra,India,Remote,Senior,7,4,16,"Tableau,SQL",Education,1579887,399,Master,Internship,2026-06-12,60,Closed
1404,Software Engineer,Microsoft,Mumbai,Delhi,India,Hybrid,Senior,8,12,8,"Python,SQL",Finance,1340330,386,Master,Internship,2026-03-24,60,Open
1405,Data Analyst,Zoho,Bengaluru,Maharashtra,India,Hybrid,Mid,1,22,7,"Tableau,SQL",Healthcare,1078828,198,Bachelor,Full-time,2026-01-18,63,Open
1406,Business Analyst,Microsoft,Bengaluru,Tamil Nadu,India,Hybrid,Associate,2,6,5,"Power BI,SQL",Finance,973579,275,Master,Internship,2026-05-23,78,Open
1407,ML Engineer,TechNova,Mumbai,Tamil Nadu,India,Onsite,Associate,1,19,13,"Python,Pandas",IT Services,1389683,284,Bachelor,Full-time,2026-06-07,85,Closed
1408,BI Developer,Microsoft,Mumbai,Tamil Nadu,India,Onsite,Entry,0,13,5,"Tableau,SQL",Education,1031742,418,Bachelor,Full-time,2026-06-09,52,Open
1409,Software Engineer,Infosys,Chennai,Karnataka,India,Onsite,Senior,5,13,8,"Python,SQL",Retail,1303426,467,Master,Full-time,2026-02-08,61,Open
1410,Data Analyst,Infosys,Bengaluru,Telangana,India,Onsite,Entry,7,6,19,"Azure,Python",Retail,1513718,38,Bachelor,Full-time,2026-06-04,93,Closed
1411,Business Analyst,Zoho,Delhi,Delhi,India,Onsite,Associate,7,28,4,"Python,SQL",Healthcare,812303,134,Bachelor,Internship,2026-04-23,93,Closed
1412,Data Scientist,Amazon,Bengaluru,Tamil Nadu,India,Remote,Entry,3,30,20,"Azure,Python",IT Services,1568474,236,Bachelor,Internship,2026-01-26,82,Closed
1413,Business Analyst,Infosys,Delhi,Karnataka,India,Onsite,Mid,7,17,14,"Excel,SQL",Healthcare,1430253,61,Master,Contract,2026-06-17,96,Open
1414,BI Developer,Capgemini,Mumbai,Maharashtra,India,Onsite,Senior,3,28,13,"Python,SQL",Healthcare,747606,389,Master,Internship,2026-02-10,75,Open
1415,Data Analyst,Zoho,Hyderabad,Delhi,India,Remote,Mid,6,3,9,"Azure,Python",Healthcare,1387262,443,Bachelor,Contract,2026-04-16,68,Closed
1416,ML Engineer,Accenture,Delhi,Tamil Nadu,India,Onsite,Entry,0,5,9,"Tableau,SQL",Healthcare,837291,193,Master,Full-time,2026-05-19,54,Open
1417,BI Developer,Amazon,Chennai,Delhi,India,Onsite,Mid,3,5,6,"Excel,SQL",Healthcare,1790284,92,Master,Internship,2026-05-25,66,Open
1418,Software Engineer,Accenture,Delhi,Karnataka,India,Hybrid,Entry,7,8,10,"Power BI,SQL",Retail,1636789,273,Bachelor,Full-time,2026-04-18,62,Open
1419,Software Engineer,Capgemini,Bengaluru,Tamil Nadu,India,Onsite,Associate,2,10,11,"Excel,SQL",IT Services,851237,438,Bachelor,Contract,2026-02-23,52,Open
1420,Data Scientist,Microsoft,Chennai,Telangana,India,Onsite,Associate,6,8,6,"Python,Pandas",Healthcare,660008,420,Bachelor,Internship,2026-03-01,52,Open
1421,Business Analyst,Accenture,Delhi,Delhi,India,Onsite,Mid,8,22,6,"Python,Pandas",Education,1475762,358,Master,Internship,2026-03-07,85,Closed
1422,Data Scientist,Zoho,Delhi,Maharashtra,India,Hybrid,Mid,2,9,15,"Excel,SQL",Retail,1147511,344,Master,Full-time,2026-04-19,84,Closed
1423,ML Engineer,Microsoft,Pune,Karnataka,India,Hybrid,Entry,7,3,17,"Python,SQL",Healthcare,1789309,463,Master,Contract,2026-05-14,71,Closed
1424,BI Developer,Google,Bengaluru,Karnataka,India,Onsite,Senior,8,16,5,"Tableau,SQL",Finance,1373711,372,Bachelor,Internship,2026-06-17,50,Open
1425,Business Analyst,Zoho,Pune,Maharashtra,India,Onsite,Associate,8,7,12,"Tableau,SQL",Retail,992448,430,Master,Contract,2026-05-27,70,Closed
1426,Business Analyst,Infosys,Chennai,Telangana,India,Hybrid,Entry,8,12,8,"Excel,SQL",IT Services,829484,351,Bachelor,Contract,2026-06-28,59,Closed
1427,ML Engineer,Zoho,Bengaluru,Maharashtra,India,Onsite,Senior,3,16,4,"Python,SQL",Finance,1339163,98,Bachelor,Internship,2026-01-23,76,Open
1428,Business Analyst,Google,Hyderabad,Tamil Nadu,India,Onsite,Senior,5,3,9,"Python,SQL",Retail,1635779,314,Bachelor,Internship,2026-04-18,87,Open
1429,Data Analyst,Zoho,Mumbai,Maharashtra,India,Remote,Mid,8,17,18,"Excel,SQL",Finance,863097,317,Bachelor,Internship,2026-05-05,64,Closed
1430,Business Analyst,Capgemini,Chennai,Delhi,India,Hybrid,Associate,0,6,14,"Python,Pandas",IT Services,1417743,331,Master,Full-time,2026-02-06,65,Open
1431,Business Analyst,Amazon,Chennai,Karnataka,India,Remote,Senior,5,26,7,"Power BI,SQL",Education,1717798,230,Master,Contract,2026-03-10,90,Open
1432,Data Scientist,TCS,Bengaluru,Karnataka,India,Remote,Associate,1,11,14,"Power BI,SQL",IT Services,1138317,130,Bachelor,Full-time,2026-01-03,56,Closed
1433,Business Analyst,Capgemini,Chennai,Tamil Nadu,India,Remote,Mid,8,28,5,"Python,Pandas",Finance,444747,193,Master,Full-time,2026-06-03,94,Closed
1434,Data Analyst,TechNova,Chennai,Karnataka,India,Hybrid,Mid,0,6,17,"Tableau,SQL",Healthcare,562389,283,Bachelor,Contract,2026-02-11,63,Open
1435,ML Engineer,Infosys,Hyderabad,Maharashtra,India,Hybrid,Associate,7,13,13,"Python,Pandas",IT Services,760978,426,Bachelor,Full-time,2026-06-23,91,Closed
1436,Business Analyst,Accenture,Delhi,Tamil Nadu,India,Remote,Mid,3,13,13,"Azure,Python",Finance,1649861,357,Master,Contract,2026-03-10,57,Open
1437,Data Analyst,Wipro,Mumbai,Delhi,India,Onsite,Associate,2,12,18,"Python,SQL",IT Services,826865,396,Bachelor,Full-time,2026-02-15,54,Closed
1438,Software Engineer,Microsoft,Chennai,Tamil Nadu,India,Hybrid,Associate,6,3,20,"Power BI,SQL",Retail,572912,10,Bachelor,Contract,2026-03-25,73,Closed
1439,Software Engineer,Zoho,Hyderabad,Maharashtra,India,Hybrid,Associate,0,10,8,"Excel,SQL",Education,737746,2,Master,Contract,2026-04-21,71,Closed
1440,Data Analyst,TechNova,Bengaluru,Karnataka,India,Hybrid,Associate,0,21,13,"Power BI,SQL",Healthcare,397471,406,Master,Contract,2026-01-07,74,Closed
1441,Software Engineer,Microsoft,Chennai,Karnataka,India,Onsite,Mid,4,11,10,"Tableau,SQL",Finance,843725,101,Bachelor,Internship,2026-06-23,95,Open
1442,BI Developer,Microsoft,Bengaluru,Delhi,India,Remote,Mid,5,30,13,"Tableau,SQL",Finance,1182008,145,Master,Contract,2026-03-12,91,Closed
1443,Software Engineer,TCS,Hyderabad,Maharashtra,India,Hybrid,Senior,0,23,13,"Azure,Python",Retail,916443,427,Bachelor,Internship,2026-04-04,89,Closed
1444,BI Developer,Accenture,Pune,Telangana,India,Hybrid,Senior,2,26,16,"Python,SQL",Retail,1557264,72,Bachelor,Contract,2026-06-23,72,Closed
1445,Software Engineer,Wipro,Hyderabad,Telangana,India,Hybrid,Senior,6,14,9,"Tableau,SQL",IT Services,689900,66,Master,Internship,2026-04-02,54,Open
1446,Data Scientist,Wipro,Bengaluru,Karnataka,India,Hybrid,Associate,1,18,6,"Tableau,SQL",Finance,567604,452,Master,Contract,2026-05-04,66,Open
1447,Data Scientist,TechNova,Hyderabad,Delhi,India,Remote,Associate,2,17,6,"Tableau,SQL",IT Services,1015340,1,Bachelor,Internship,2026-04-15,97,Closed
1448,Data Scientist,Zoho,Pune,Delhi,India,Hybrid,Senior,6,21,12,"Excel,SQL",Finance,1260630,200,Master,Internship,2026-03-10,67,Open
1449,Software Engineer,Microsoft,Bengaluru,Karnataka,India,Hybrid,Mid,3,27,8,"Power BI,SQL",Healthcare,878296,19,Master,Internship,2026-03-24,80,Open
1450,ML Engineer,Google,Bengaluru,Maharashtra,India,Hybrid,Mid,1,6,9,"Python,SQL",Retail,755991,325,Master,Full-time,2026-06-27,81,Closed
1451,BI Developer,Wipro,Delhi,Delhi,India,Hybrid,Associate,0,8,12,"Excel,SQL",Retail,947898,349,Master,Internship,2026-05-21,59,Open
1452,Data Scientist,Accenture,Mumbai,Tamil Nadu,India,Remote,Entry,0,27,13,"Python,Pandas",Finance,737649,86,Bachelor,Contract,2026-02-24,59,Open
1453,Data Scientist,Zoho,Hyderabad,Telangana,India,Remote,Entry,4,16,11,"Power BI,SQL",Retail,1117562,419,Bachelor,Full-time,2026-03-14,59,Open
1454,Software Engineer,Google,Chennai,Tamil Nadu,India,Hybrid,Mid,6,21,15,"Azure,Python",Retail,406197,423,Master,Internship,2026-02-25,56,Closed
1455,Business Analyst,Infosys,Delhi,Tamil Nadu,India,Onsite,Associate,3,6,6,"Azure,Python",IT Services,1234637,478,Bachelor,Full-time,2026-03-27,50,Closed
1456,ML Engineer,Amazon,Hyderabad,Maharashtra,India,Remote,Mid,2,19,15,"Tableau,SQL",Finance,871175,264,Bachelor,Full-time,2026-06-12,56,Open
1457,ML Engineer,Microsoft,Delhi,Tamil Nadu,India,Remote,Associate,4,23,6,"Python,Pandas",IT Services,446891,370,Master,Internship,2026-03-31,95,Closed
1458,ML Engineer,Amazon,Mumbai,Telangana,India,Onsite,Associate,0,11,12,"Azure,Python",IT Services,1156866,447,Master,Full-time,2026-02-28,57,Closed
1459,Software Engineer,Amazon,Delhi,Maharashtra,India,Onsite,Mid,5,24,5,"Python,SQL",Education,467651,380,Master,Full-time,2026-06-19,62,Open
1460,Business Analyst,Microsoft,Hyderabad,Maharashtra,India,Hybrid,Associate,4,8,17,"Azure,Python",Retail,640788,466,Master,Contract,2026-03-21,76,Closed
1461,Data Analyst,Wipro,Delhi,Telangana,India,Remote,Associate,7,7,17,"Excel,SQL",Retail,996151,457,Bachelor,Full-time,2026-04-03,62,Closed
1462,BI Developer,Infosys,Mumbai,Telangana,India,Hybrid,Senior,6,24,14,"Python,SQL",Healthcare,515777,183,Bachelor,Internship,2026-05-17,79,Closed
1463,ML Engineer,Wipro,Hyderabad,Telangana,India,Onsite,Entry,1,3,14,"Excel,SQL",Retail,1511651,306,Master,Full-time,2026-06-13,85,Open
1464,ML Engineer,TechNova,Bengaluru,Karnataka,India,Onsite,Senior,8,20,16,"Power BI,SQL",Education,883342,371,Master,Contract,2026-03-29,89,Closed
1465,Business Analyst,TechNova,Delhi,Tamil Nadu,India,Onsite,Senior,0,19,7,"Python,Pandas",Healthcare,1708041,25,Bachelor,Internship,2026-04-16,77,Closed
1466,BI Developer,Amazon,Hyderabad,Delhi,India,Onsite,Senior,1,21,6,"Python,SQL",Finance,942996,407,Bachelor,Full-time,2026-01-16,52,Closed
1467,Data Scientist,Microsoft,Mumbai,Telangana,India,Hybrid,Senior,8,25,10,"Excel,SQL",IT Services,674089,175,Bachelor,Contract,2026-05-26,86,Open
1468,Data Scientist,Infosys,Bengaluru,Tamil Nadu,India,Remote,Senior,2,19,7,"Python,SQL",Education,1584830,80,Master,Internship,2026-05-03,56,Open
1469,Software Engineer,Zoho,Hyderabad,Karnataka,India,Onsite,Mid,1,12,14,"Excel,SQL",IT Services,751374,393,Master,Internship,2026-03-22,96,Closed
1470,ML Engineer,TechNova,Mumbai,Maharashtra,India,Onsite,Associate,3,7,10,"Python,Pandas",Education,1656342,111,Bachelor,Contract,2026-04-09,50,Closed
1471,BI Developer,Accenture,Hyderabad,Delhi,India,Hybrid,Associate,4,21,13,"Azure,Python",Healthcare,1046585,389,Bachelor,Internship,2026-01-25,67,Open
1472,Data Scientist,Zoho,Hyderabad,Telangana,India,Remote,Entry,8,4,6,"Python,Pandas",Retail,415614,311,Bachelor,Full-time,2026-03-19,56,Open
1473,Software Engineer,Wipro,Hyderabad,Telangana,India,Onsite,Associate,7,5,13,"Python,Pandas",Finance,1309919,266,Master,Contract,2026-02-20,60,Open
1474,Data Scientist,Zoho,Mumbai,Maharashtra,India,Hybrid,Mid,5,21,20,"Python,Pandas",Finance,1684630,191,Master,Full-time,2026-04-24,78,Open
1475,BI Developer,Wipro,Mumbai,Telangana,India,Hybrid,Mid,2,24,15,"Tableau,SQL",Education,1728139,428,Bachelor,Internship,2026-01-26,82,Open
1476,BI Developer,Wipro,Chennai,Telangana,India,Hybrid,Entry,2,10,5,"Power BI,SQL",Finance,1256603,235,Bachelor,Contract,2026-01-03,98,Closed
1477,Business Analyst,Google,Mumbai,Delhi,India,Hybrid,Mid,7,10,19,"Python,SQL",Finance,508153,476,Bachelor,Internship,2026-02-17,95,Open
1478,BI Developer,TCS,Chennai,Delhi,India,Onsite,Associate,4,19,9,"Tableau,SQL",Healthcare,897292,313,Bachelor,Contract,2026-04-20,85,Closed
1479,Business Analyst,Google,Delhi,Delhi,India,Hybrid,Entry,3,22,6,"Power BI,SQL",Education,1023728,156,Bachelor,Full-time,2026-04-07,79,Open
1480,Data Analyst,Google,Chennai,Maharashtra,India,Remote,Senior,5,14,18,"Tableau,SQL",Finance,908564,165,Master,Full-time,2026-06-09,65,Closed
1481,Business Analyst,Accenture,Pune,Karnataka,India,Onsite,Associate,6,30,16,"Excel,SQL",Retail,974003,362,Master,Full-time,2026-06-24,67,Open
1482,BI Developer,Microsoft,Mumbai,Karnataka,India,Remote,Associate,8,29,17,"Tableau,SQL",Finance,1755356,50,Bachelor,Internship,2026-06-12,53,Closed
1483,Business Analyst,Accenture,Chennai,Tamil Nadu,India,Onsite,Associate,3,27,12,"Tableau,SQL",IT Services,1599266,240,Bachelor,Full-time,2026-05-02,56,Open
1484,Data Scientist,Microsoft,Chennai,Delhi,India,Onsite,Entry,1,19,18,"Tableau,SQL",Retail,369981,208,Bachelor,Internship,2026-01-13,63,Closed
1485,Data Analyst,Wipro,Chennai,Delhi,India,Onsite,Senior,2,7,19,"Excel,SQL",Education,580181,296,Master,Full-time,2026-06-14,82,Open
1486,BI Developer,TCS,Mumbai,Tamil Nadu,India,Remote,Entry,2,29,4,"Power BI,SQL",IT Services,1532199,410,Bachelor,Internship,2026-01-29,87,Open
1487,Software Engineer,TechNova,Mumbai,Delhi,India,Remote,Entry,7,4,16,"Excel,SQL",Finance,1420202,72,Master,Contract,2026-03-03,86,Closed
1488,Software Engineer,Infosys,Chennai,Karnataka,India,Hybrid,Senior,5,16,20,"Azure,Python",IT Services,1591440,463,Master,Contract,2026-06-24,78,Open
1489,Data Scientist,Capgemini,Pune,Tamil Nadu,India,Remote,Entry,5,19,5,"Tableau,SQL",IT Services,736647,311,Master,Internship,2026-02-15,89,Open
1490,ML Engineer,Microsoft,Delhi,Delhi,India,Hybrid,Senior,4,14,7,"Python,Pandas",IT Services,1386263,321,Master,Full-time,2026-01-29,55,Closed
1491,ML Engineer,Accenture,Hyderabad,Tamil Nadu,India,Remote,Mid,4,11,17,"Power BI,SQL",Healthcare,1450420,240,Bachelor,Internship,2026-03-31,80,Closed
1492,Software Engineer,Infosys,Bengaluru,Delhi,India,Remote,Associate,4,20,10,"Python,SQL",IT Services,1559189,12,Master,Contract,2026-05-08,50,Closed
1493,Data Scientist,Accenture,Pune,Karnataka,India,Onsite,Senior,5,20,5,"Power BI,SQL",Finance,1248697,183,Master,Internship,2026-04-10,79,Closed
1494,ML Engineer,Zoho,Chennai,Tamil Nadu,India,Onsite,Entry,4,18,7,"Excel,SQL",Education,449546,20,Bachelor,Full-time,2026-05-10,85,Closed
1495,Business Analyst,Google,Hyderabad,Karnataka,India,Remote,Senior,1,22,17,"Azure,Python",Retail,1373992,405,Master,Full-time,2026-02-27,81,Closed
1496,Software Engineer,Amazon,Pune,Karnataka,India,Remote,Senior,5,7,20,"Python,Pandas",Retail,774747,88,Master,Full-time,2026-01-10,90,Open
1497,ML Engineer,Microsoft,Chennai,Karnataka,India,Hybrid,Associate,2,24,18,"Python,SQL",Healthcare,1009905,86,Master,Internship,2026-06-14,64,Closed
1498,Business Analyst,Capgemini,Delhi,Karnataka,India,Hybrid,Entry,4,17,7,"Azure,Python",IT Services,1354065,395,Master,Internship,2026-06-05,58,Closed
1499,ML Engineer,Google,Delhi,Tamil Nadu,India,Onsite,Mid,1,26,18,"Azure,Python",IT Services,1649112,472,Master,Full-time,2026-03-18,51,Open
1500,Data Analyst,Amazon,Mumbai,Maharashtra,India,Remote,Entry,4,16,6,"Python,SQL",Healthcare,1095598,434,Bachelor,Full-time,2026-06-11,77,Closed
1501,ML Engineer,Zoho,Delhi,Tamil Nadu,India,Hybrid,Entry,7,10,14,"Excel,SQL",Education,474413,308,Master,Full-time,2026-01-20,73,Open
1502,ML Engineer,TCS,Mumbai,Tamil Nadu,India,Remote,Mid,0,30,12,"Azure,Python",Retail,1355092,185,Master,Contract,2026-01-03,55,Closed
1503,BI Developer,Capgemini,Bengaluru,Maharashtra,India,Onsite,Associate,5,16,6,"Excel,SQL",Education,1479035,51,Bachelor,Full-time,2026-03-21,78,Open
1504,Data Scientist,Zoho,Bengaluru,Maharashtra,India,Onsite,Entry,6,22,12,"Excel,SQL",Healthcare,1077001,54,Master,Contract,2026-05-27,81,Open
1505,Software Engineer,Zoho,Pune,Telangana,India,Onsite,Entry,6,11,14,"Tableau,SQL",Education,1252887,411,Bachelor,Full-time,2026-01-31,69,Closed
1506,BI Developer,Infosys,Hyderabad,Karnataka,India,Onsite,Associate,0,28,13,"Azure,Python",IT Services,1581937,479,Bachelor,Contract,2026-06-29,56,Closed
1507,Data Analyst,Capgemini,Mumbai,Tamil Nadu,India,Remote,Entry,7,15,11,"Azure,Python",Finance,1727875,398,Master,Full-time,2026-03-28,95,Open
1508,BI Developer,Zoho,Bengaluru,Tamil Nadu,India,Remote,Associate,2,16,20,"Python,SQL",IT Services,1396511,182,Bachelor,Contract,2026-03-07,67,Open
1509,ML Engineer,Zoho,Delhi,Telangana,India,Remote,Mid,7,15,20,"Azure,Python",Healthcare,454023,185,Master,Internship,2026-04-13,75,Open
1510,ML Engineer,Capgemini,Bengaluru,Delhi,India,Onsite,Senior,4,30,19,"Python,Pandas",Healthcare,1027057,370,Master,Full-time,2026-02-22,65,Open
1511,Data Scientist,TechNova,Delhi,Delhi,India,Onsite,Senior,8,14,4,"Power BI,SQL",Healthcare,513142,211,Master,Full-time,2026-04-28,62,Open
1512,Data Analyst,TCS,Bengaluru,Telangana,India,Onsite,Entry,1,22,5,"Azure,Python",IT Services,892247,198,Master,Contract,2026-03-26,61,Open
1513,Data Scientist,Wipro,Bengaluru,Telangana,India,Hybrid,Mid,6,3,20,"Tableau,SQL",Education,1018206,17,Master,Contract,2026-04-22,86,Open
1514,ML Engineer,Amazon,Mumbai,Telangana,India,Remote,Associate,5,11,7,"Python,Pandas",Retail,1125701,481,Master,Contract,2026-02-18,87,Closed
1515,Software Engineer,Microsoft,Hyderabad,Tamil Nadu,India,Remote,Senior,8,27,20,"Tableau,SQL",Healthcare,1776933,399,Master,Contract,2026-04-29,60,Closed
1516,ML Engineer,Microsoft,Mumbai,Delhi,India,Hybrid,Entry,3,12,4,"Tableau,SQL",IT Services,1566235,436,Master,Internship,2026-05-05,75,Open
1517,Software Engineer,TCS,Hyderabad,Karnataka,India,Remote,Mid,6,18,14,"Power BI,SQL",Finance,478400,4,Bachelor,Internship,2026-04-28,95,Closed
1518,Data Scientist,Microsoft,Pune,Karnataka,India,Hybrid,Senior,7,20,7,"Python,Pandas",Education,702861,491,Master,Full-time,2026-06-06,78,Open
1519,BI Developer,Zoho,Pune,Delhi,India,Remote,Mid,5,4,5,"Azure,Python",Education,1090721,64,Bachelor,Full-time,2026-06-18,72,Open
1520,Data Scientist,Accenture,Chennai,Karnataka,India,Hybrid,Senior,7,23,19,"Azure,Python",Education,926229,264,Master,Contract,2026-06-15,84,Open
1521,ML Engineer,TechNova,Delhi,Telangana,India,Hybrid,Senior,0,18,17,"Excel,SQL",Finance,557595,104,Master,Contract,2026-04-25,60,Closed
1522,ML Engineer,Infosys,Chennai,Tamil Nadu,India,Remote,Senior,8,25,15,"Power BI,SQL",Education,1739944,90,Bachelor,Full-time,2026-05-29,65,Open
1523,Data Analyst,Zoho,Delhi,Telangana,India,Onsite,Senior,6,5,19,"Tableau,SQL",Retail,1083818,152,Master,Internship,2026-03-12,98,Closed
1524,BI Developer,TechNova,Hyderabad,Tamil Nadu,India,Hybrid,Senior,6,12,15,"Azure,Python",Retail,1371256,46,Bachelor,Internship,2026-04-17,68,Closed
1525,Business Analyst,TCS,Pune,Delhi,India,Hybrid,Mid,7,14,18,"Python,SQL",Healthcare,1224522,79,Master,Full-time,2026-05-21,65,Open
1526,Business Analyst,Zoho,Chennai,Maharashtra,India,Remote,Senior,6,3,8,"Power BI,SQL",Education,1236421,439,Bachelor,Full-time,2026-02-24,74,Open
1527,Software Engineer,Google,Delhi,Tamil Nadu,India,Hybrid,Mid,0,27,4,"Python,SQL",Education,842352,44,Master,Internship,2026-06-07,93,Open
1528,ML Engineer,Infosys,Hyderabad,Maharashtra,India,Hybrid,Entry,4,23,19,"Power BI,SQL",Education,1358185,346,Master,Full-time,2026-03-31,83,Closed
1529,Data Scientist,TCS,Bengaluru,Telangana,India,Onsite,Senior,8,3,4,"Python,SQL",IT Services,491482,168,Master,Full-time,2026-01-01,85,Open
1530,Data Analyst,TCS,Bengaluru,Telangana,India,Onsite,Mid,3,22,6,"Python,SQL",Finance,1086350,146,Bachelor,Contract,2026-02-10,90,Closed
1531,Data Scientist,TechNova,Delhi,Karnataka,India,Remote,Entry,7,10,12,"Python,Pandas",Finance,1370199,4,Master,Full-time,2026-01-26,51,Closed
1532,Data Scientist,Amazon,Chennai,Delhi,India,Hybrid,Mid,1,6,7,"Tableau,SQL",Finance,1459951,125,Bachelor,Full-time,2026-01-19,54,Open
1533,Business Analyst,Infosys,Hyderabad,Karnataka,India,Onsite,Mid,1,24,15,"Azure,Python",Healthcare,320317,170,Master,Internship,2026-02-03,70,Closed
1534,ML Engineer,Capgemini,Mumbai,Karnataka,India,Onsite,Mid,2,18,18,"Tableau,SQL",Healthcare,317148,134,Master,Contract,2026-06-22,76,Closed
1535,Business Analyst,Microsoft,Mumbai,Telangana,India,Remote,Entry,4,9,16,"Excel,SQL",Retail,589648,38,Master,Contract,2026-02-09,77,Closed
1536,Software Engineer,Accenture,Chennai,Delhi,India,Hybrid,Associate,1,20,18,"Power BI,SQL",IT Services,753665,197,Bachelor,Full-time,2026-06-05,52,Closed
1537,Software Engineer,Accenture,Hyderabad,Telangana,India,Hybrid,Entry,8,23,15,"Power BI,SQL",Education,1255609,337,Master,Full-time,2026-05-18,54,Closed
1538,Business Analyst,Capgemini,Hyderabad,Delhi,India,Hybrid,Entry,3,27,8,"Power BI,SQL",Finance,473789,47,Master,Contract,2026-06-20,64,Closed
1539,ML Engineer,Capgemini,Pune,Tamil Nadu,India,Hybrid,Entry,2,15,10,"Azure,Python",IT Services,1066765,6,Master,Full-time,2026-04-10,59,Closed
1540,Data Analyst,TechNova,Delhi,Tamil Nadu,India,Hybrid,Entry,5,25,20,"Excel,SQL",IT Services,695899,331,Bachelor,Full-time,2026-06-29,69,Closed
1541,Data Scientist,TechNova,Bengaluru,Telangana,India,Onsite,Mid,8,17,14,"Tableau,SQL",Education,1052873,336,Bachelor,Internship,2026-02-04,98,Closed
1542,Business Analyst,Google,Delhi,Tamil Nadu,India,Hybrid,Mid,4,4,14,"Azure,Python",Finance,1765494,385,Master,Internship,2026-06-18,70,Closed
1543,Software Engineer,Capgemini,Delhi,Tamil Nadu,India,Hybrid,Mid,4,27,10,"Azure,Python",Retail,1277328,4,Master,Full-time,2026-06-21,98,Closed
1544,Data Analyst,TCS,Mumbai,Maharashtra,India,Hybrid,Senior,3,10,4,"Azure,Python",Retail,1476317,149,Master,Full-time,2026-05-03,60,Open
1545,Data Analyst,Capgemini,Chennai,Maharashtra,India,Remote,Associate,7,24,19,"Azure,Python",Finance,348445,189,Master,Full-time,2026-04-28,53,Open
1546,Data Analyst,Google,Bengaluru,Maharashtra,India,Hybrid,Mid,8,15,11,"Python,Pandas",Education,611202,80,Master,Full-time,2026-04-16,71,Open
1547,Software Engineer,Capgemini,Bengaluru,Maharashtra,India,Hybrid,Mid,7,8,15,"Python,SQL",Education,833889,98,Master,Contract,2026-04-11,54,Open
1548,Data Analyst,Wipro,Hyderabad,Telangana,India,Hybrid,Mid,2,17,17,"Python,Pandas",Education,312802,231,Master,Full-time,2026-05-27,92,Closed
1549,ML Engineer,Microsoft,Delhi,Tamil Nadu,India,Hybrid,Associate,8,12,18,"Excel,SQL",Education,485051,452,Bachelor,Internship,2026-03-09,51,Open
1550,Software Engineer,Google,Pune,Delhi,India,Onsite,Senior,3,12,14,"Python,Pandas",Finance,448915,172,Master,Full-time,2026-03-10,73,Closed
1551,ML Engineer,Microsoft,Pune,Tamil Nadu,India,Hybrid,Mid,3,26,16,"Python,SQL",Healthcare,1229702,467,Bachelor,Internship,2026-01-09,88,Open
1552,Data Analyst,TechNova,Hyderabad,Tamil Nadu,India,Hybrid,Entry,4,10,5,"Tableau,SQL",Healthcare,1259378,279,Bachelor,Internship,2026-03-01,54,Open
1553,Data Analyst,Google,Bengaluru,Tamil Nadu,India,Remote,Associate,3,9,18,"Excel,SQL",Retail,1538739,188,Bachelor,Internship,2026-05-30,70,Closed
1554,Data Analyst,Microsoft,Bengaluru,Tamil Nadu,India,Remote,Senior,1,21,6,"Python,Pandas",Retail,1001636,267,Master,Full-time,2026-05-25,98,Open
1555,ML Engineer,Wipro,Bengaluru,Telangana,India,Onsite,Associate,1,4,12,"Python,Pandas",Healthcare,1544439,62,Bachelor,Full-time,2026-02-20,89,Open
1556,ML Engineer,TechNova,Hyderabad,Delhi,India,Onsite,Mid,3,15,17,"Azure,Python",Retail,620230,405,Master,Internship,2026-01-06,95,Closed
1557,Business Analyst,TechNova,Pune,Tamil Nadu,India,Onsite,Senior,4,8,15,"Azure,Python",IT Services,460264,283,Bachelor,Internship,2026-04-11,50,Open
1558,Data Scientist,Amazon,Hyderabad,Karnataka,India,Hybrid,Entry,2,30,11,"Excel,SQL",Healthcare,310726,282,Bachelor,Contract,2026-01-20,77,Closed
1559,Data Scientist,Infosys,Mumbai,Delhi,India,Hybrid,Entry,7,30,9,"Python,SQL",Education,1692551,384,Bachelor,Full-time,2026-06-26,96,Open
1560,Software Engineer,Accenture,Bengaluru,Telangana,India,Hybrid,Mid,2,7,12,"Excel,SQL",IT Services,418046,227,Bachelor,Full-time,2026-02-08,75,Open
1561,Data Scientist,Google,Mumbai,Tamil Nadu,India,Remote,Mid,4,24,12,"Python,SQL",IT Services,1018451,308,Bachelor,Full-time,2026-06-05,84,Closed
1562,Software Engineer,Zoho,Bengaluru,Telangana,India,Remote,Senior,6,19,8,"Excel,SQL",IT Services,1291058,86,Bachelor,Internship,2026-05-21,67,Open
1563,Software Engineer,TCS,Chennai,Delhi,India,Onsite,Senior,6,8,20,"Python,Pandas",Healthcare,656052,48,Master,Internship,2026-02-24,52,Open
1564,Software Engineer,Amazon,Hyderabad,Tamil Nadu,India,Hybrid,Entry,0,5,14,"Python,Pandas",IT Services,1716738,341,Master,Contract,2026-04-13,59,Closed
1565,ML Engineer,Google,Hyderabad,Maharashtra,India,Remote,Associate,5,9,15,"Azure,Python",Retail,1694363,435,Bachelor,Contract,2026-01-23,80,Open
1566,Software Engineer,Microsoft,Bengaluru,Telangana,India,Onsite,Senior,3,18,5,"Azure,Python",Healthcare,1531516,280,Bachelor,Contract,2026-02-28,71,Closed
1567,ML Engineer,Amazon,Hyderabad,Delhi,India,Remote,Mid,7,20,14,"Power BI,SQL",Healthcare,707743,432,Bachelor,Contract,2026-05-07,87,Open
1568,Data Analyst,Google,Bengaluru,Tamil Nadu,India,Onsite,Mid,8,13,8,"Tableau,SQL",Education,849029,312,Bachelor,Contract,2026-06-27,70,Open
1569,Software Engineer,TechNova,Bengaluru,Telangana,India,Hybrid,Associate,1,13,19,"Tableau,SQL",Retail,1772655,46,Master,Full-time,2026-02-19,93,Closed
1570,Data Scientist,Infosys,Delhi,Telangana,India,Hybrid,Senior,0,13,11,"Excel,SQL",Retail,456791,84,Master,Contract,2026-02-25,55,Open
1571,BI Developer,Accenture,Chennai,Tamil Nadu,India,Remote,Entry,6,29,17,"Tableau,SQL",Retail,1094815,470,Master,Internship,2026-06-01,74,Closed
1572,Business Analyst,Wipro,Chennai,Delhi,India,Hybrid,Entry,5,24,14,"Excel,SQL",Finance,406659,418,Bachelor,Internship,2026-06-06,86,Open
1573,Data Scientist,Accenture,Hyderabad,Tamil Nadu,India,Onsite,Associate,5,7,20,"Python,Pandas",Education,1012712,64,Master,Internship,2026-03-12,69,Closed
1574,ML Engineer,Zoho,Chennai,Maharashtra,India,Hybrid,Senior,1,18,17,"Tableau,SQL",IT Services,867600,235,Master,Full-time,2026-05-01,80,Closed
1575,Software Engineer,Amazon,Mumbai,Maharashtra,India,Remote,Associate,4,7,7,"Python,SQL",Finance,1725283,451,Master,Contract,2026-04-11,92,Closed
1576,BI Developer,TechNova,Chennai,Karnataka,India,Remote,Senior,3,8,9,"Python,SQL",Finance,1035864,245,Master,Internship,2026-06-27,95,Closed
1577,BI Developer,Capgemini,Chennai,Maharashtra,India,Hybrid,Senior,3,16,11,"Power BI,SQL",IT Services,998747,5,Master,Full-time,2026-06-24,84,Closed
1578,ML Engineer,Zoho,Hyderabad,Maharashtra,India,Onsite,Mid,8,3,4,"Python,Pandas",Healthcare,1092691,420,Bachelor,Internship,2026-05-14,63,Open
1579,Data Analyst,TCS,Bengaluru,Delhi,India,Remote,Mid,5,13,16,"Azure,Python",Finance,325561,466,Bachelor,Full-time,2026-03-16,84,Closed
1580,BI Developer,Amazon,Delhi,Tamil Nadu,India,Remote,Mid,0,27,18,"Python,SQL",Finance,1428312,126,Bachelor,Full-time,2026-05-18,93,Open
1581,Software Engineer,Capgemini,Mumbai,Telangana,India,Onsite,Associate,1,4,12,"Azure,Python",Healthcare,1212246,260,Master,Internship,2026-03-19,88,Open
1582,Business Analyst,Zoho,Bengaluru,Telangana,India,Remote,Associate,1,3,8,"Python,Pandas",Retail,1251679,332,Bachelor,Internship,2026-02-24,56,Closed
1583,Software Engineer,Zoho,Chennai,Delhi,India,Remote,Associate,6,11,5,"Python,Pandas",Healthcare,781201,254,Master,Internship,2026-01-03,84,Closed
1584,Data Scientist,Accenture,Pune,Maharashtra,India,Onsite,Associate,0,26,19,"Python,SQL",Retail,1051131,258,Bachelor,Full-time,2026-04-21,63,Open
1585,BI Developer,Google,Bengaluru,Tamil Nadu,India,Onsite,Mid,6,4,18,"Azure,Python",IT Services,709319,469,Bachelor,Internship,2026-01-01,78,Closed
1586,ML Engineer,Infosys,Mumbai,Tamil Nadu,India,Onsite,Associate,0,26,18,"Power BI,SQL",IT Services,581548,383,Master,Internship,2026-03-13,96,Closed
1587,Data Analyst,TCS,Pune,Maharashtra,India,Remote,Entry,8,27,16,"Python,Pandas",Education,492503,42,Bachelor,Contract,2026-02-13,65,Closed
1588,ML Engineer,Accenture,Hyderabad,Maharashtra,India,Remote,Senior,4,4,9,"Azure,Python",IT Services,1557115,359,Bachelor,Internship,2026-01-07,77,Open
1589,Data Analyst,Amazon,Delhi,Karnataka,India,Onsite,Mid,3,14,13,"Tableau,SQL",Retail,951071,98,Master,Full-time,2026-03-28,80,Closed
1590,BI Developer,Amazon,Mumbai,Delhi,India,Hybrid,Mid,5,12,7,"Azure,Python",IT Services,911848,93,Bachelor,Internship,2026-05-01,71,Closed
1591,BI Developer,TechNova,Hyderabad,Tamil Nadu,India,Hybrid,Entry,1,6,20,"Python,SQL",Education,903040,72,Bachelor,Full-time,2026-03-15,93,Open
1592,Data Analyst,Accenture,Delhi,Maharashtra,India,Hybrid,Mid,4,23,5,"Azure,Python",Education,384148,50,Bachelor,Full-time,2026-03-09,77,Open
1593,BI Developer,Microsoft,Chennai,Maharashtra,India,Remote,Entry,6,13,9,"Tableau,SQL",Finance,1628706,90,Master,Internship,2026-01-29,68,Open
1594,ML Engineer,Microsoft,Bengaluru,Karnataka,India,Hybrid,Entry,7,6,10,"Excel,SQL",Retail,1267056,257,Bachelor,Contract,2026-01-14,84,Closed
1595,Data Scientist,Wipro,Mumbai,Karnataka,India,Onsite,Associate,8,16,19,"Excel,SQL",Healthcare,485447,328,Master,Internship,2026-04-22,83,Open
1596,Data Analyst,Amazon,Bengaluru,Maharashtra,India,Hybrid,Mid,5,21,5,"Python,Pandas",Retail,1376606,298,Master,Contract,2026-05-04,75,Closed
1597,ML Engineer,Capgemini,Hyderabad,Maharashtra,India,Onsite,Senior,2,18,18,"Tableau,SQL",Finance,1375104,443,Master,Contract,2026-02-17,79,Closed
1598,Business Analyst,Google,Bengaluru,Maharashtra,India,Onsite,Mid,2,4,18,"Excel,SQL",Healthcare,1031527,111,Master,Contract,2026-05-21,51,Closed
1599,Business Analyst,Google,Pune,Karnataka,India,Remote,Mid,1,14,14,"Tableau,SQL",IT Services,828031,165,Bachelor,Internship,2026-06-10,73,Open
1600,Business Analyst,Accenture,Hyderabad,Delhi,India,Hybrid,Mid,8,3,15,"Azure,Python",Healthcare,1570830,325,Master,Full-time,2026-04-01,88,Open
1601,Data Scientist,TCS,Delhi,Delhi,India,Remote,Associate,3,24,10,"Power BI,SQL",Retail,1590059,35,Bachelor,Full-time,2026-05-02,90,Open
1602,Data Analyst,Google,Delhi,Delhi,India,Remote,Senior,8,12,15,"Python,SQL",Finance,1480247,17,Bachelor,Internship,2026-04-20,73,Closed
1603,ML Engineer,Google,Chennai,Karnataka,India,Onsite,Entry,6,15,19,"Power BI,SQL",Retail,1529680,51,Master,Full-time,2026-01-27,87,Open
1604,Data Analyst,Wipro,Chennai,Maharashtra,India,Remote,Entry,4,21,19,"Tableau,SQL",Finance,1219689,13,Master,Internship,2026-05-10,97,Open
1605,Data Analyst,Wipro,Pune,Delhi,India,Remote,Entry,3,5,9,"Power BI,SQL",Finance,992190,249,Master,Contract,2026-02-02,82,Closed
1606,ML Engineer,Capgemini,Pune,Delhi,India,Hybrid,Mid,2,25,18,"Azure,Python",Healthcare,1470281,190,Master,Internship,2026-02-27,72,Closed
1607,ML Engineer,Microsoft,Chennai,Telangana,India,Remote,Senior,1,7,9,"Azure,Python",Finance,1127904,347,Bachelor,Internship,2026-02-06,74,Open
1608,Software Engineer,Microsoft,Bengaluru,Karnataka,India,Remote,Senior,0,28,16,"Azure,Python",IT Services,703746,472,Master,Contract,2026-03-17,57,Closed
1609,ML Engineer,TCS,Delhi,Telangana,India,Onsite,Associate,4,20,20,"Python,Pandas",Healthcare,935626,106,Master,Internship,2026-06-09,83,Closed
1610,ML Engineer,Wipro,Bengaluru,Karnataka,India,Remote,Associate,2,24,8,"Power BI,SQL",IT Services,589228,346,Master,Contract,2026-03-09,98,Open
1611,ML Engineer,Amazon,Delhi,Tamil Nadu,India,Remote,Senior,7,6,18,"Azure,Python",Retail,1522120,228,Master,Contract,2026-04-14,52,Open
1612,Data Scientist,Amazon,Hyderabad,Tamil Nadu,India,Hybrid,Mid,3,14,11,"Python,Pandas",Finance,644176,50,Bachelor,Internship,2026-01-22,93,Closed
1613,Data Analyst,TCS,Delhi,Tamil Nadu,India,Hybrid,Entry,0,17,20,"Azure,Python",Education,823194,123,Master,Contract,2026-02-15,76,Open
1614,Data Scientist,Microsoft,Pune,Telangana,India,Remote,Mid,3,15,9,"Power BI,SQL",IT Services,533908,32,Master,Contract,2026-01-06,96,Open
1615,BI Developer,Accenture,Bengaluru,Delhi,India,Hybrid,Senior,4,21,15,"Python,SQL",Finance,1114615,312,Master,Internship,2026-04-20,63,Open
1616,Data Scientist,Accenture,Hyderabad,Tamil Nadu,India,Onsite,Mid,1,24,5,"Python,Pandas",Education,929093,167,Bachelor,Internship,2026-06-18,57,Closed
1617,ML Engineer,Amazon,Mumbai,Delhi,India,Hybrid,Associate,4,23,17,"Power BI,SQL",Finance,1795089,367,Master,Contract,2026-04-20,94,Open
1618,ML Engineer,Microsoft,Hyderabad,Delhi,India,Hybrid,Mid,2,22,12,"Excel,SQL",Retail,687946,260,Bachelor,Full-time,2026-06-27,86,Open
1619,Data Analyst,Google,Hyderabad,Telangana,India,Remote,Entry,7,7,12,"Python,SQL",IT Services,492143,171,Master,Internship,2026-01-07,87,Closed
1620,BI Developer,Infosys,Chennai,Telangana,India,Remote,Senior,5,14,18,"Python,SQL",Healthcare,1722500,455,Master,Contract,2026-06-03,81,Open
1621,Business Analyst,Wipro,Pune,Tamil Nadu,India,Remote,Associate,7,29,19,"Python,SQL",IT Services,696397,142,Master,Contract,2026-03-09,64,Open
1622,Business Analyst,Infosys,Chennai,Delhi,India,Onsite,Senior,6,12,6,"Python,SQL",Retail,1045125,368,Bachelor,Contract,2026-05-06,64,Closed
1623,Software Engineer,Zoho,Delhi,Tamil Nadu,India,Remote,Mid,5,6,4,"Tableau,SQL",Finance,1309811,70,Master,Contract,2026-03-29,85,Open
1624,BI Developer,Google,Pune,Maharashtra,India,Hybrid,Associate,6,8,17,"Excel,SQL",Healthcare,599460,173,Bachelor,Internship,2026-03-27,51,Open
1625,Data Scientist,TechNova,Mumbai,Delhi,India,Hybrid,Mid,3,9,4,"Power BI,SQL",Healthcare,1447601,375,Master,Internship,2026-04-19,65,Open
1626,Data Scientist,Zoho,Chennai,Karnataka,India,Onsite,Senior,6,7,20,"Azure,Python",Retail,1662844,2,Bachelor,Contract,2026-03-10,72,Closed
1627,ML Engineer,Wipro,Chennai,Karnataka,India,Hybrid,Associate,2,24,14,"Power BI,SQL",Healthcare,1536865,462,Master,Contract,2026-05-27,74,Closed
1628,Data Analyst,Google,Delhi,Telangana,India,Onsite,Mid,2,30,17,"Azure,Python",Education,972733,402,Master,Contract,2026-03-07,61,Closed
1629,Data Scientist,Wipro,Hyderabad,Telangana,India,Remote,Senior,8,29,14,"Excel,SQL",IT Services,454058,128,Bachelor,Contract,2026-03-12,89,Open
1630,Software Engineer,Google,Pune,Maharashtra,India,Remote,Associate,0,27,17,"Tableau,SQL",Retail,1187970,237,Master,Contract,2026-04-10,70,Closed
1631,Software Engineer,Accenture,Pune,Tamil Nadu,India,Remote,Associate,8,4,9,"Power BI,SQL",IT Services,717432,72,Master,Internship,2026-04-29,72,Closed
1632,ML Engineer,Accenture,Delhi,Maharashtra,India,Remote,Associate,3,12,11,"Power BI,SQL",IT Services,1411296,343,Master,Contract,2026-04-01,90,Open
1633,Data Analyst,Zoho,Delhi,Karnataka,India,Hybrid,Entry,0,3,20,"Power BI,SQL",IT Services,1434489,440,Master,Full-time,2026-02-03,69,Closed
1634,ML Engineer,Accenture,Hyderabad,Karnataka,India,Onsite,Mid,1,6,18,"Excel,SQL",Retail,1024062,186,Master,Full-time,2026-02-20,68,Closed
1635,ML Engineer,Microsoft,Delhi,Karnataka,India,Remote,Senior,6,6,12,"Azure,Python",Finance,1052559,158,Master,Internship,2026-04-18,80,Open
1636,Data Analyst,Google,Hyderabad,Maharashtra,India,Remote,Senior,7,28,8,"Azure,Python",Healthcare,620871,44,Master,Contract,2026-03-20,58,Closed
1637,Software Engineer,Wipro,Delhi,Telangana,India,Remote,Entry,4,13,5,"Python,Pandas",Education,874979,438,Master,Full-time,2026-05-30,75,Open
1638,ML Engineer,Microsoft,Mumbai,Maharashtra,India,Onsite,Entry,5,17,14,"Python,Pandas",Finance,1245863,392,Bachelor,Internship,2026-03-22,61,Closed
1639,ML Engineer,Amazon,Delhi,Tamil Nadu,India,Hybrid,Entry,3,18,16,"Tableau,SQL",Retail,570138,295,Master,Contract,2026-02-01,75,Closed
1640,Data Scientist,Zoho,Hyderabad,Karnataka,India,Hybrid,Associate,8,19,12,"Python,SQL",Retail,1053000,287,Master,Internship,2026-01-02,93,Open
1641,BI Developer,TechNova,Pune,Maharashtra,India,Onsite,Mid,2,16,7,"Python,SQL",Healthcare,449793,30,Bachelor,Full-time,2026-02-21,66,Open
1642,Data Scientist,TechNova,Bengaluru,Delhi,India,Remote,Entry,3,27,11,"Azure,Python",Retail,1261900,396,Master,Contract,2026-05-18,75,Open
1643,Data Scientist,Google,Chennai,Tamil Nadu,India,Onsite,Mid,6,16,14,"Python,Pandas",Retail,531447,253,Master,Internship,2026-06-07,78,Closed
1644,Data Analyst,Accenture,Delhi,Telangana,India,Hybrid,Senior,3,17,13,"Python,Pandas",Finance,509358,424,Bachelor,Full-time,2026-05-08,53,Closed
1645,Business Analyst,Google,Pune,Telangana,India,Remote,Entry,5,4,18,"Azure,Python",Healthcare,365931,256,Bachelor,Full-time,2026-04-26,63,Closed
1646,Business Analyst,Zoho,Hyderabad,Tamil Nadu,India,Onsite,Entry,7,23,18,"Tableau,SQL",IT Services,835657,25,Master,Full-time,2026-04-22,50,Closed
1647,Business Analyst,Accenture,Mumbai,Karnataka,India,Hybrid,Associate,3,16,13,"Excel,SQL",Healthcare,1253032,307,Bachelor,Internship,2026-06-24,58,Open
1648,ML Engineer,Zoho,Bengaluru,Maharashtra,India,Onsite,Mid,2,22,4,"Python,SQL",Retail,1622941,385,Bachelor,Contract,2026-04-08,71,Closed
1649,BI Developer,Accenture,Bengaluru,Maharashtra,India,Remote,Associate,5,21,4,"Python,SQL",IT Services,1705300,7,Master,Internship,2026-04-04,86,Open
1650,BI Developer,Amazon,Mumbai,Maharashtra,India,Onsite,Senior,7,8,5,"Power BI,SQL",IT Services,1719456,341,Master,Contract,2026-04-08,62,Open
1651,BI Developer,Accenture,Pune,Karnataka,India,Remote,Senior,8,23,4,"Python,SQL",Finance,1653420,470,Bachelor,Contract,2026-06-10,53,Closed
1652,Business Analyst,Zoho,Pune,Maharashtra,India,Onsite,Mid,3,30,19,"Python,Pandas",Education,800798,343,Master,Full-time,2026-02-13,69,Open
1653,Business Analyst,TechNova,Delhi,Maharashtra,India,Remote,Senior,2,15,9,"Python,Pandas",Education,825369,169,Bachelor,Contract,2026-03-11,84,Closed
1654,Business Analyst,Accenture,Delhi,Maharashtra,India,Onsite,Entry,7,20,15,"Python,Pandas",Healthcare,734070,82,Bachelor,Full-time,2026-05-19,92,Open
1655,Data Analyst,Capgemini,Pune,Karnataka,India,Hybrid,Mid,4,7,12,"Tableau,SQL",IT Services,918920,157,Bachelor,Internship,2026-01-14,91,Open
1656,ML Engineer,Wipro,Delhi,Telangana,India,Onsite,Senior,1,8,12,"Excel,SQL",Healthcare,841940,194,Bachelor,Full-time,2026-06-30,85,Open
1657,Data Scientist,Google,Delhi,Delhi,India,Remote,Senior,2,26,7,"Excel,SQL",Education,408673,395,Bachelor,Internship,2026-05-27,96,Open
1658,Business Analyst,Accenture,Chennai,Delhi,India,Remote,Mid,4,14,18,"Tableau,SQL",Retail,1013545,131,Master,Full-time,2026-01-22,54,Closed
1659,Data Analyst,TechNova,Bengaluru,Delhi,India,Remote,Mid,5,8,19,"Azure,Python",Healthcare,1462518,117,Bachelor,Contract,2026-05-04,97,Open
1660,Data Analyst,Google,Chennai,Telangana,India,Hybrid,Associate,0,23,6,"Python,SQL",Healthcare,943585,328,Bachelor,Contract,2026-06-05,53,Closed
1661,BI Developer,Wipro,Bengaluru,Maharashtra,India,Remote,Entry,3,11,10,"Azure,Python",Education,316610,323,Master,Contract,2026-03-09,74,Closed
1662,ML Engineer,Microsoft,Hyderabad,Delhi,India,Remote,Entry,0,7,6,"Excel,SQL",Finance,333211,258,Master,Contract,2026-01-17,84,Closed
1663,Software Engineer,Wipro,Hyderabad,Karnataka,India,Hybrid,Entry,5,5,4,"Python,Pandas",Education,1179879,324,Bachelor,Contract,2026-01-08,73,Closed
1664,ML Engineer,Wipro,Mumbai,Telangana,India,Onsite,Mid,7,5,12,"Python,SQL",Finance,1625738,124,Bachelor,Internship,2026-01-21,82,Open
1665,Data Analyst,Google,Mumbai,Delhi,India,Hybrid,Senior,0,23,12,"Python,SQL",Finance,710673,426,Bachelor,Full-time,2026-01-13,63,Closed
1666,Business Analyst,Accenture,Pune,Telangana,India,Remote,Senior,1,21,20,"Excel,SQL",IT Services,1104669,420,Master,Full-time,2026-04-08,58,Open
1667,Data Analyst,Wipro,Hyderabad,Maharashtra,India,Onsite,Mid,8,26,19,"Power BI,SQL",Finance,1456914,11,Master,Internship,2026-03-06,79,Open
1668,Software Engineer,Zoho,Pune,Karnataka,India,Onsite,Mid,2,4,5,"Power BI,SQL",IT Services,1320008,450,Bachelor,Internship,2026-06-02,77,Closed
1669,Data Analyst,TechNova,Hyderabad,Tamil Nadu,India,Onsite,Associate,0,30,19,"Tableau,SQL",IT Services,1593681,262,Bachelor,Full-time,2026-01-05,59,Closed
1670,BI Developer,Accenture,Mumbai,Karnataka,India,Onsite,Mid,2,21,14,"Power BI,SQL",Education,1339946,311,Bachelor,Full-time,2026-01-13,60,Closed
1671,BI Developer,TechNova,Hyderabad,Karnataka,India,Hybrid,Mid,8,21,9,"Excel,SQL",Retail,782612,117,Bachelor,Full-time,2026-03-31,97,Closed
1672,Data Scientist,Accenture,Pune,Tamil Nadu,India,Remote,Entry,3,5,17,"Tableau,SQL",Education,1278461,111,Master,Internship,2026-02-19,84,Open
1673,Software Engineer,Capgemini,Hyderabad,Maharashtra,India,Remote,Entry,2,21,17,"Power BI,SQL",Retail,467476,410,Bachelor,Internship,2026-05-11,50,Open
1674,ML Engineer,Wipro,Bengaluru,Maharashtra,India,Onsite,Entry,0,4,8,"Python,Pandas",Education,302516,51,Master,Internship,2026-02-10,65,Closed
1675,ML Engineer,Infosys,Bengaluru,Maharashtra,India,Onsite,Mid,7,28,19,"Python,SQL",Healthcare,1646607,295,Master,Internship,2026-04-29,93,Open
1676,Software Engineer,Amazon,Pune,Maharashtra,India,Onsite,Entry,1,27,7,"Python,Pandas",Finance,1089654,222,Bachelor,Contract,2026-01-01,68,Open
1677,Data Scientist,Zoho,Pune,Delhi,India,Remote,Associate,6,4,10,"Excel,SQL",IT Services,1116143,95,Master,Contract,2026-03-05,85,Closed
1678,Data Analyst,Wipro,Bengaluru,Maharashtra,India,Remote,Associate,4,6,17,"Python,Pandas",IT Services,462908,459,Bachelor,Full-time,2026-01-04,66,Open
1679,Data Scientist,Amazon,Bengaluru,Maharashtra,India,Hybrid,Entry,7,19,14,"Power BI,SQL",Education,1383386,238,Bachelor,Contract,2026-05-10,86,Open
1680,Data Analyst,Microsoft,Delhi,Tamil Nadu,India,Remote,Senior,3,10,10,"Python,SQL",Retail,683415,444,Bachelor,Contract,2026-01-14,68,Closed
1681,Software Engineer,Amazon,Chennai,Telangana,India,Hybrid,Senior,0,11,7,"Excel,SQL",Retail,1211636,266,Master,Internship,2026-02-20,82,Closed
1682,ML Engineer,Capgemini,Delhi,Maharashtra,India,Hybrid,Mid,3,29,14,"Python,SQL",IT Services,1190709,73,Bachelor,Contract,2026-02-23,81,Closed
1683,ML Engineer,TechNova,Delhi,Delhi,India,Remote,Mid,5,29,15,"Azure,Python",Retail,340296,81,Master,Full-time,2026-04-12,86,Closed
1684,Business Analyst,Accenture,Mumbai,Delhi,India,Onsite,Senior,0,20,16,"Tableau,SQL",IT Services,1524658,360,Bachelor,Internship,2026-05-25,95,Closed
1685,Data Analyst,Wipro,Delhi,Maharashtra,India,Hybrid,Entry,1,24,4,"Azure,Python",Healthcare,1741386,454,Master,Full-time,2026-02-18,97,Open
1686,BI Developer,Microsoft,Bengaluru,Karnataka,India,Remote,Senior,3,28,14,"Excel,SQL",Healthcare,1099483,108,Bachelor,Full-time,2026-05-16,71,Closed
1687,ML Engineer,Accenture,Bengaluru,Telangana,India,Remote,Senior,1,19,6,"Python,Pandas",Finance,965493,437,Bachelor,Contract,2026-04-15,96,Closed
1688,ML Engineer,Infosys,Chennai,Delhi,India,Onsite,Senior,8,4,17,"Python,SQL",Finance,1113980,323,Master,Full-time,2026-06-05,81,Closed
1689,Data Scientist,Zoho,Chennai,Karnataka,India,Hybrid,Associate,4,3,11,"Excel,SQL",IT Services,786705,241,Bachelor,Internship,2026-03-19,73,Open
1690,Business Analyst,Wipro,Bengaluru,Tamil Nadu,India,Onsite,Associate,3,15,18,"Python,Pandas",Finance,1000299,361,Master,Internship,2026-05-25,68,Open
1691,Data Scientist,Wipro,Mumbai,Karnataka,India,Remote,Senior,2,5,7,"Tableau,SQL",Education,1468998,3,Master,Internship,2026-03-13,72,Open
1692,Data Analyst,TCS,Bengaluru,Telangana,India,Onsite,Mid,6,5,8,"Azure,Python",Healthcare,462803,188,Master,Internship,2026-01-06,85,Open
1693,Software Engineer,Microsoft,Chennai,Tamil Nadu,India,Remote,Senior,3,4,8,"Tableau,SQL",Retail,1096991,332,Bachelor,Contract,2026-03-04,86,Open
1694,Business Analyst,TechNova,Mumbai,Tamil Nadu,India,Onsite,Entry,8,22,4,"Excel,SQL",Finance,1797906,34,Bachelor,Contract,2026-01-31,88,Open
1695,Business Analyst,Amazon,Hyderabad,Tamil Nadu,India,Remote,Mid,1,26,11,"Excel,SQL",Education,1688765,434,Master,Internship,2026-03-10,72,Closed
1696,Software Engineer,TCS,Chennai,Delhi,India,Onsite,Mid,8,19,12,"Tableau,SQL",Finance,1574509,191,Bachelor,Contract,2026-06-09,63,Closed
1697,BI Developer,Amazon,Delhi,Telangana,India,Hybrid,Mid,1,16,10,"Python,SQL",Finance,814248,10,Master,Full-time,2026-06-05,62,Closed
1698,BI Developer,Infosys,Hyderabad,Tamil Nadu,India,Remote,Senior,5,24,18,"Azure,Python",Healthcare,334367,380,Master,Contract,2026-02-06,74,Closed
1699,Business Analyst,Wipro,Pune,Karnataka,India,Remote,Entry,6,22,18,"Power BI,SQL",Finance,353531,0,Master,Full-time,2026-05-18,86,Open
1700,Business Analyst,Microsoft,Hyderabad,Tamil Nadu,India,Hybrid,Associate,0,16,20,"Azure,Python",IT Services,1789422,73,Bachelor,Full-time,2026-01-08,90,Closed
1701,BI Developer,Wipro,Mumbai,Delhi,India,Hybrid,Associate,7,9,17,"Excel,SQL",Education,928412,324,Bachelor,Contract,2026-03-25,53,Open
1702,Software Engineer,Wipro,Bengaluru,Tamil Nadu,India,Remote,Entry,3,16,20,"Python,SQL",IT Services,1105696,54,Master,Full-time,2026-04-04,52,Open
1703,BI Developer,Accenture,Bengaluru,Telangana,India,Hybrid,Associate,0,20,12,"Python,Pandas",Healthcare,1523339,270,Bachelor,Contract,2026-02-25,94,Closed
1704,Business Analyst,Wipro,Hyderabad,Telangana,India,Hybrid,Associate,2,9,5,"Tableau,SQL",IT Services,922491,36,Master,Full-time,2026-06-02,54,Open
1705,Business Analyst,Amazon,Bengaluru,Karnataka,India,Onsite,Mid,8,26,15,"Python,Pandas",Education,1789935,449,Master,Contract,2026-06-23,62,Open
1706,BI Developer,TechNova,Mumbai,Tamil Nadu,India,Remote,Senior,7,28,9,"Azure,Python",Healthcare,1094728,353,Master,Internship,2026-01-05,64,Open
1707,BI Developer,Capgemini,Hyderabad,Delhi,India,Onsite,Entry,1,22,12,"Python,SQL",Education,1308248,26,Bachelor,Contract,2026-05-24,65,Open
1708,ML Engineer,Zoho,Delhi,Tamil Nadu,India,Onsite,Mid,0,8,7,"Excel,SQL",Finance,331791,192,Bachelor,Contract,2026-02-26,87,Open
1709,Data Analyst,Infosys,Chennai,Tamil Nadu,India,Hybrid,Entry,5,9,14,"Tableau,SQL",Finance,458987,294,Master,Full-time,2026-01-15,59,Open
1710,BI Developer,TCS,Hyderabad,Maharashtra,India,Onsite,Associate,4,7,17,"Python,Pandas",Retail,381545,234,Bachelor,Contract,2026-06-29,66,Closed
1711,Business Analyst,Microsoft,Chennai,Telangana,India,Hybrid,Senior,3,5,5,"Python,Pandas",Retail,470412,331,Master,Contract,2026-03-05,88,Open
1712,Software Engineer,Google,Bengaluru,Maharashtra,India,Remote,Associate,6,20,5,"Power BI,SQL",Retail,1716881,246,Bachelor,Contract,2026-03-26,55,Closed
1713,Software Engineer,Microsoft,Chennai,Karnataka,India,Onsite,Mid,7,16,6,"Excel,SQL",Finance,301345,414,Master,Contract,2026-02-24,69,Closed
1714,Software Engineer,TechNova,Mumbai,Tamil Nadu,India,Remote,Mid,4,23,15,"Azure,Python",Healthcare,654956,146,Bachelor,Full-time,2026-04-05,70,Open
1715,ML Engineer,TCS,Chennai,Maharashtra,India,Onsite,Entry,6,3,15,"Python,SQL",Retail,1715282,500,Bachelor,Contract,2026-06-13,96,Closed
1716,Data Analyst,Infosys,Bengaluru,Telangana,India,Onsite,Mid,5,30,16,"Python,Pandas",Finance,1551115,115,Bachelor,Full-time,2026-04-20,60,Closed
1717,BI Developer,Wipro,Hyderabad,Karnataka,India,Hybrid,Senior,4,10,19,"Power BI,SQL",Education,1779282,214,Master,Contract,2026-01-06,70,Closed
1718,Data Analyst,Wipro,Chennai,Telangana,India,Remote,Senior,1,16,9,"Excel,SQL",Retail,1522302,253,Master,Contract,2026-01-24,85,Closed
1719,ML Engineer,TCS,Mumbai,Telangana,India,Onsite,Associate,0,22,4,"Azure,Python",IT Services,1436649,100,Master,Internship,2026-04-10,65,Closed
1720,BI Developer,Capgemini,Mumbai,Maharashtra,India,Onsite,Senior,1,7,11,"Excel,SQL",Finance,1423302,23,Bachelor,Internship,2026-03-10,57,Open
1721,Business Analyst,Amazon,Mumbai,Karnataka,India,Remote,Senior,5,20,18,"Azure,Python",Education,1481743,137,Master,Full-time,2026-03-31,67,Open
1722,Data Analyst,Amazon,Chennai,Delhi,India,Hybrid,Entry,8,3,18,"Tableau,SQL",Retail,958300,418,Master,Internship,2026-03-29,72,Open
1723,ML Engineer,TechNova,Mumbai,Telangana,India,Hybrid,Entry,4,27,14,"Excel,SQL",Education,733962,336,Master,Contract,2026-04-14,56,Closed
1724,Software Engineer,Accenture,Delhi,Tamil Nadu,India,Hybrid,Senior,7,14,9,"Power BI,SQL",Healthcare,608436,25,Bachelor,Contract,2026-05-07,67,Closed
1725,ML Engineer,Capgemini,Hyderabad,Maharashtra,India,Remote,Senior,8,29,14,"Excel,SQL",Education,1310297,500,Master,Internship,2026-05-02,54,Closed
1726,Data Scientist,TCS,Delhi,Karnataka,India,Onsite,Mid,1,22,18,"Tableau,SQL",Retail,1541229,418,Bachelor,Full-time,2026-04-25,94,Closed
1727,BI Developer,Amazon,Pune,Maharashtra,India,Hybrid,Entry,2,17,8,"Azure,Python",Education,1025385,75,Master,Full-time,2026-02-07,51,Open
1728,ML Engineer,Accenture,Delhi,Maharashtra,India,Hybrid,Mid,0,9,13,"Excel,SQL",Retail,746144,93,Bachelor,Contract,2026-04-08,82,Open
1729,ML Engineer,Zoho,Hyderabad,Tamil Nadu,India,Remote,Senior,4,10,9,"Azure,Python",Education,316321,345,Bachelor,Internship,2026-02-08,57,Open
1730,ML Engineer,TechNova,Bengaluru,Telangana,India,Onsite,Mid,6,22,10,"Azure,Python",Education,1444118,18,Bachelor,Full-time,2026-06-02,94,Open
1731,ML Engineer,Infosys,Mumbai,Telangana,India,Onsite,Mid,0,20,10,"Power BI,SQL",IT Services,711887,243,Bachelor,Contract,2026-01-03,62,Open
1732,ML Engineer,Amazon,Mumbai,Karnataka,India,Hybrid,Senior,1,20,15,"Power BI,SQL",Finance,1079412,247,Bachelor,Internship,2026-01-14,73,Open
1733,Data Scientist,Google,Chennai,Tamil Nadu,India,Remote,Associate,5,21,20,"Python,SQL",Education,892463,94,Bachelor,Full-time,2026-04-28,78,Closed
1734,Business Analyst,Wipro,Delhi,Maharashtra,India,Hybrid,Entry,4,15,14,"Excel,SQL",Healthcare,521271,206,Master,Internship,2026-06-09,97,Closed
1735,Software Engineer,Infosys,Delhi,Karnataka,India,Onsite,Mid,3,25,8,"Azure,Python",Education,1094571,3,Bachelor,Internship,2026-01-05,50,Closed
1736,BI Developer,Accenture,Bengaluru,Tamil Nadu,India,Onsite,Mid,6,8,18,"Excel,SQL",Retail,1628265,494,Bachelor,Contract,2026-01-02,65,Closed
1737,Data Analyst,Amazon,Chennai,Delhi,India,Remote,Senior,6,5,8,"Power BI,SQL",Education,1524740,72,Bachelor,Full-time,2026-04-18,86,Closed
1738,Data Scientist,Capgemini,Chennai,Telangana,India,Remote,Associate,3,8,19,"Azure,Python",Retail,1275192,11,Bachelor,Full-time,2026-06-29,97,Closed
1739,Business Analyst,TechNova,Delhi,Karnataka,India,Onsite,Mid,8,18,11,"Tableau,SQL",Education,1785847,77,Bachelor,Contract,2026-01-15,81,Closed
1740,ML Engineer,Infosys,Bengaluru,Tamil Nadu,India,Hybrid,Senior,6,11,7,"Power BI,SQL",Finance,868601,11,Master,Contract,2026-03-10,61,Open
1741,Business Analyst,TCS,Pune,Delhi,India,Hybrid,Associate,1,14,8,"Excel,SQL",Healthcare,1278917,446,Bachelor,Internship,2026-01-11,82,Closed
1742,Data Analyst,Capgemini,Chennai,Tamil Nadu,India,Remote,Entry,1,15,11,"Python,Pandas",IT Services,1628062,18,Master,Internship,2026-02-07,63,Open
1743,Data Analyst,Capgemini,Hyderabad,Delhi,India,Remote,Associate,7,16,13,"Python,SQL",Education,1048226,167,Bachelor,Contract,2026-05-27,80,Open
1744,BI Developer,Amazon,Mumbai,Maharashtra,India,Remote,Entry,5,21,16,"Azure,Python",IT Services,1704392,42,Bachelor,Full-time,2026-01-19,53,Closed
1745,Software Engineer,Google,Pune,Maharashtra,India,Hybrid,Entry,3,26,4,"Python,SQL",Healthcare,1410955,78,Bachelor,Full-time,2026-02-26,91,Closed
1746,Business Analyst,Microsoft,Pune,Karnataka,India,Hybrid,Mid,4,26,8,"Python,Pandas",Healthcare,1602849,172,Bachelor,Contract,2026-05-16,80,Open
1747,ML Engineer,Amazon,Delhi,Delhi,India,Remote,Senior,1,21,10,"Tableau,SQL",IT Services,1057687,179,Master,Internship,2026-06-17,91,Open
1748,Data Analyst,Capgemini,Hyderabad,Delhi,India,Remote,Senior,1,13,14,"Python,Pandas",IT Services,1388059,436,Master,Internship,2026-06-07,64,Closed
1749,Software Engineer,TechNova,Mumbai,Telangana,India,Hybrid,Mid,6,13,15,"Tableau,SQL",Finance,760721,304,Master,Full-time,2026-05-17,59,Closed
1750,Software Engineer,Infosys,Bengaluru,Karnataka,India,Hybrid,Entry,0,18,19,"Azure,Python",Healthcare,647771,242,Master,Contract,2026-05-27,79,Open
1751,Data Scientist,Wipro,Hyderabad,Karnataka,India,Hybrid,Associate,5,23,9,"Python,SQL",IT Services,699528,370,Bachelor,Contract,2026-06-17,92,Open
1752,Business Analyst,TCS,Chennai,Telangana,India,Onsite,Mid,2,19,18,"Power BI,SQL",Finance,1106007,59,Bachelor,Internship,2026-01-18,57,Open
1753,Software Engineer,Wipro,Hyderabad,Tamil Nadu,India,Remote,Senior,6,8,14,"Azure,Python",IT Services,1560785,198,Bachelor,Internship,2026-02-19,75,Closed
1754,Data Analyst,TCS,Hyderabad,Delhi,India,Remote,Associate,1,20,20,"Power BI,SQL",Finance,964042,353,Bachelor,Contract,2026-04-16,88,Closed
1755,Data Scientist,TechNova,Hyderabad,Karnataka,India,Remote,Entry,5,25,17,"Power BI,SQL",Finance,804525,496,Bachelor,Internship,2026-06-23,95,Open
1756,Data Scientist,Capgemini,Bengaluru,Telangana,India,Hybrid,Associate,3,27,8,"Python,SQL",Finance,1359919,248,Bachelor,Contract,2026-01-22,94,Closed
1757,Business Analyst,TCS,Mumbai,Maharashtra,India,Onsite,Entry,2,17,13,"Azure,Python",IT Services,377666,154,Master,Internship,2026-06-19,93,Closed
1758,Data Scientist,Google,Delhi,Tamil Nadu,India,Remote,Senior,5,10,14,"Python,Pandas",Education,524877,356,Master,Internship,2026-02-13,88,Closed
1759,Software Engineer,Google,Delhi,Karnataka,India,Remote,Entry,0,24,12,"Python,Pandas",Education,626733,154,Master,Contract,2026-05-20,67,Open
1760,ML Engineer,Zoho,Pune,Delhi,India,Hybrid,Associate,2,25,10,"Excel,SQL",Retail,1182851,455,Master,Full-time,2026-01-29,77,Closed
1761,Business Analyst,TechNova,Delhi,Delhi,India,Onsite,Mid,8,18,13,"Power BI,SQL",Healthcare,382207,440,Bachelor,Contract,2026-03-31,68,Open
1762,ML Engineer,Infosys,Hyderabad,Telangana,India,Onsite,Entry,5,7,12,"Excel,SQL",Healthcare,611768,347,Bachelor,Full-time,2026-02-14,77,Open
1763,Data Scientist,Wipro,Delhi,Tamil Nadu,India,Hybrid,Associate,5,19,15,"Python,Pandas",Education,840384,54,Master,Internship,2026-02-09,56,Closed
1764,BI Developer,Amazon,Pune,Telangana,India,Hybrid,Senior,8,12,5,"Python,Pandas",IT Services,687967,91,Bachelor,Full-time,2026-01-20,56,Closed
1765,ML Engineer,Capgemini,Hyderabad,Karnataka,India,Hybrid,Mid,3,16,16,"Excel,SQL",Retail,515475,202,Bachelor,Contract,2026-02-01,91,Open
1766,Data Analyst,Google,Delhi,Tamil Nadu,India,Onsite,Entry,2,6,8,"Python,SQL",Education,896549,27,Master,Full-time,2026-04-17,62,Open
1767,Data Analyst,TechNova,Chennai,Delhi,India,Remote,Senior,2,24,9,"Power BI,SQL",Education,1417650,40,Bachelor,Contract,2026-01-14,64,Closed
1768,BI Developer,Infosys,Bengaluru,Tamil Nadu,India,Remote,Senior,0,6,19,"Excel,SQL",Healthcare,851307,223,Master,Internship,2026-01-06,71,Open
1769,Business Analyst,Capgemini,Delhi,Maharashtra,India,Onsite,Entry,0,18,13,"Tableau,SQL",IT Services,619343,339,Master,Internship,2026-05-30,55,Closed
1770,Data Analyst,Infosys,Hyderabad,Delhi,India,Remote,Associate,7,18,12,"Power BI,SQL",Education,1055185,44,Master,Full-time,2026-06-10,98,Open
1771,Data Scientist,Infosys,Mumbai,Karnataka,India,Onsite,Senior,0,24,4,"Python,SQL",Retail,1545101,194,Master,Full-time,2026-02-14,74,Closed
1772,Software Engineer,TCS,Mumbai,Delhi,India,Hybrid,Mid,4,14,10,"Excel,SQL",Retail,1207529,32,Master,Full-time,2026-01-11,87,Open
1773,Data Analyst,Accenture,Pune,Tamil Nadu,India,Hybrid,Associate,5,30,10,"Python,Pandas",IT Services,1789667,348,Master,Full-time,2026-01-14,61,Closed
1774,ML Engineer,Microsoft,Mumbai,Karnataka,India,Remote,Mid,8,17,17,"Azure,Python",Education,621306,268,Master,Full-time,2026-05-20,82,Open
1775,ML Engineer,TechNova,Chennai,Karnataka,India,Hybrid,Mid,6,16,9,"Tableau,SQL",Education,880273,224,Bachelor,Full-time,2026-05-20,64,Closed
1776,Business Analyst,Infosys,Hyderabad,Tamil Nadu,India,Onsite,Senior,4,11,17,"Azure,Python",IT Services,1254290,113,Master,Contract,2026-05-13,90,Open
1777,Data Scientist,Google,Pune,Tamil Nadu,India,Onsite,Senior,7,20,20,"Tableau,SQL",Retail,313837,376,Bachelor,Internship,2026-04-16,87,Closed
1778,ML Engineer,TechNova,Mumbai,Delhi,India,Remote,Associate,0,14,16,"Azure,Python",IT Services,503341,47,Bachelor,Contract,2026-05-11,51,Open
1779,Data Analyst,TCS,Chennai,Telangana,India,Onsite,Senior,8,19,16,"Python,Pandas",IT Services,1519605,474,Master,Internship,2026-03-31,63,Closed
1780,Data Scientist,Infosys,Delhi,Telangana,India,Onsite,Senior,0,23,12,"Tableau,SQL",IT Services,752170,9,Master,Contract,2026-05-31,60,Open
1781,ML Engineer,TCS,Delhi,Karnataka,India,Hybrid,Associate,2,18,20,"Tableau,SQL",Retail,1762567,168,Bachelor,Contract,2026-01-04,82,Open
1782,Data Analyst,Google,Mumbai,Karnataka,India,Onsite,Entry,4,16,15,"Tableau,SQL",Healthcare,623916,290,Master,Full-time,2026-05-24,55,Closed
1783,Data Scientist,Infosys,Delhi,Delhi,India,Hybrid,Senior,4,23,10,"Python,SQL",Finance,364868,299,Master,Contract,2026-06-01,78,Closed
1784,Data Scientist,Wipro,Mumbai,Karnataka,India,Onsite,Mid,8,24,6,"Tableau,SQL",Education,483724,53,Bachelor,Contract,2026-03-04,53,Open
1785,Data Scientist,TCS,Delhi,Maharashtra,India,Hybrid,Mid,1,15,19,"Azure,Python",Healthcare,762115,491,Bachelor,Contract,2026-01-10,90,Open
1786,BI Developer,Accenture,Delhi,Delhi,India,Hybrid,Senior,3,19,18,"Tableau,SQL",Healthcare,969372,41,Bachelor,Full-time,2026-01-13,59,Closed
1787,Data Analyst,Microsoft,Delhi,Delhi,India,Onsite,Senior,7,26,12,"Python,Pandas",Education,361233,209,Master,Full-time,2026-05-06,96,Closed
1788,Software Engineer,Google,Mumbai,Telangana,India,Onsite,Entry,4,29,6,"Azure,Python",Healthcare,1265222,420,Master,Internship,2026-03-25,89,Closed
1789,ML Engineer,Capgemini,Mumbai,Telangana,India,Remote,Senior,4,17,4,"Tableau,SQL",IT Services,442507,444,Master,Internship,2026-02-23,68,Open
1790,Business Analyst,Infosys,Hyderabad,Telangana,India,Onsite,Senior,7,21,17,"Excel,SQL",IT Services,1642344,191,Bachelor,Contract,2026-02-27,72,Open
1791,Software Engineer,Wipro,Mumbai,Telangana,India,Hybrid,Mid,6,26,13,"Excel,SQL",Healthcare,831625,371,Bachelor,Internship,2026-03-23,75,Open
1792,Data Analyst,Amazon,Pune,Karnataka,India,Onsite,Senior,3,26,14,"Power BI,SQL",Finance,852789,13,Bachelor,Internship,2026-05-08,92,Open
1793,Business Analyst,Microsoft,Delhi,Maharashtra,India,Onsite,Associate,8,4,20,"Azure,Python",Retail,619252,386,Master,Full-time,2026-06-28,79,Open
1794,ML Engineer,Zoho,Hyderabad,Delhi,India,Onsite,Mid,0,3,7,"Excel,SQL",IT Services,761188,76,Master,Internship,2026-05-24,69,Open
1795,ML Engineer,TCS,Mumbai,Delhi,India,Onsite,Associate,3,15,10,"Power BI,SQL",IT Services,1726439,198,Master,Contract,2026-01-26,83,Closed
1796,Software Engineer,TechNova,Bengaluru,Telangana,India,Remote,Entry,7,19,13,"Power BI,SQL",Retail,1512933,14,Master,Contract,2026-04-16,62,Closed
1797,Business Analyst,Google,Chennai,Telangana,India,Onsite,Associate,0,3,18,"Python,SQL",Finance,582440,260,Master,Internship,2026-05-17,56,Closed
1798,ML Engineer,Google,Delhi,Delhi,India,Onsite,Mid,1,21,12,"Power BI,SQL",Healthcare,1259234,13,Bachelor,Full-time,2026-02-17,60,Closed
1799,ML Engineer,Wipro,Bengaluru,Telangana,India,Remote,Associate,0,17,7,"Excel,SQL",Healthcare,1098011,404,Master,Internship,2026-06-30,74,Open
1800,Data Analyst,TCS,Bengaluru,Telangana,India,Hybrid,Associate,5,10,20,"Python,SQL",Healthcare,964246,11,Master,Internship,2026-02-28,89,Open
1801,Data Analyst,Accenture,Mumbai,Maharashtra,India,Remote,Associate,5,17,6,"Python,SQL",Retail,539093,203,Master,Contract,2026-01-14,67,Closed
1802,ML Engineer,Microsoft,Pune,Telangana,India,Onsite,Associate,5,11,10,"Python,SQL",Finance,1766244,63,Bachelor,Full-time,2026-01-31,91,Open
1803,Software Engineer,Zoho,Delhi,Maharashtra,India,Remote,Senior,3,28,6,"Python,Pandas",IT Services,746872,173,Bachelor,Internship,2026-03-26,75,Open
1804,BI Developer,TechNova,Chennai,Karnataka,India,Remote,Senior,2,26,18,"Azure,Python",Healthcare,1066969,139,Master,Internship,2026-04-28,61,Closed
1805,Data Analyst,Infosys,Bengaluru,Delhi,India,Hybrid,Associate,6,17,13,"Tableau,SQL",Finance,905046,1,Bachelor,Full-time,2026-01-20,63,Closed
1806,Software Engineer,Capgemini,Hyderabad,Telangana,India,Remote,Mid,7,20,9,"Azure,Python",Finance,1415158,213,Master,Full-time,2026-03-03,69,Open
1807,Software Engineer,Wipro,Chennai,Maharashtra,India,Onsite,Associate,2,6,19,"Python,Pandas",Retail,488319,464,Master,Full-time,2026-02-10,69,Closed
1808,Software Engineer,Google,Hyderabad,Telangana,India,Hybrid,Associate,2,21,14,"Power BI,SQL",Retail,416520,257,Bachelor,Internship,2026-03-17,63,Open
1809,ML Engineer,TCS,Delhi,Karnataka,India,Hybrid,Entry,4,18,16,"Azure,Python",Education,950091,315,Bachelor,Full-time,2026-04-04,93,Closed
1810,Data Analyst,Microsoft,Mumbai,Karnataka,India,Hybrid,Senior,8,14,13,"Azure,Python",IT Services,1409451,205,Bachelor,Internship,2026-02-18,69,Closed
1811,BI Developer,TechNova,Chennai,Tamil Nadu,India,Remote,Mid,4,16,13,"Azure,Python",IT Services,729217,139,Bachelor,Internship,2026-06-18,64,Closed
1812,Business Analyst,TCS,Hyderabad,Tamil Nadu,India,Remote,Mid,2,18,20,"Azure,Python",Education,892001,104,Bachelor,Contract,2026-05-21,50,Closed
1813,Data Scientist,TCS,Mumbai,Delhi,India,Remote,Senior,4,21,6,"Azure,Python",Healthcare,1672065,75,Master,Full-time,2026-06-12,53,Open
1814,Software Engineer,Wipro,Bengaluru,Tamil Nadu,India,Remote,Associate,2,9,9,"Python,Pandas",IT Services,1263130,136,Bachelor,Contract,2026-02-06,66,Closed
1815,Business Analyst,Microsoft,Hyderabad,Tamil Nadu,India,Onsite,Entry,0,20,16,"Python,Pandas",Retail,1183242,173,Master,Internship,2026-04-23,70,Open
1816,BI Developer,TCS,Mumbai,Delhi,India,Onsite,Associate,0,23,16,"Python,Pandas",IT Services,1326940,243,Master,Internship,2026-05-22,77,Open
1817,BI Developer,TCS,Chennai,Delhi,India,Onsite,Mid,8,12,7,"Azure,Python",Retail,796649,449,Bachelor,Internship,2026-02-05,70,Closed
1818,ML Engineer,Google,Pune,Telangana,India,Hybrid,Mid,1,12,5,"Python,Pandas",IT Services,434373,120,Bachelor,Full-time,2026-05-08,84,Open
1819,Data Analyst,Microsoft,Hyderabad,Maharashtra,India,Hybrid,Entry,3,26,14,"Azure,Python",Education,1066716,2,Bachelor,Full-time,2026-06-02,86,Closed
1820,BI Developer,Amazon,Pune,Maharashtra,India,Remote,Senior,6,13,4,"Power BI,SQL",IT Services,1300738,454,Master,Internship,2026-01-03,59,Closed
1821,Data Analyst,Zoho,Bengaluru,Maharashtra,India,Hybrid,Senior,4,4,11,"Tableau,SQL",Education,1183305,162,Master,Contract,2026-04-05,59,Open
1822,Data Analyst,Accenture,Mumbai,Karnataka,India,Remote,Senior,2,29,5,"Python,SQL",Healthcare,479151,18,Master,Full-time,2026-01-02,69,Closed
1823,Software Engineer,Amazon,Chennai,Karnataka,India,Onsite,Entry,4,13,4,"Python,Pandas",IT Services,1389161,413,Master,Full-time,2026-01-04,89,Open
1824,Business Analyst,Zoho,Delhi,Telangana,India,Onsite,Senior,2,10,17,"Azure,Python",Education,919701,119,Bachelor,Full-time,2026-01-27,75,Open
1825,Data Scientist,Amazon,Pune,Maharashtra,India,Onsite,Senior,6,13,11,"Tableau,SQL",Finance,516154,374,Bachelor,Contract,2026-05-26,50,Closed
1826,Business Analyst,Google,Hyderabad,Karnataka,India,Remote,Associate,5,22,20,"Tableau,SQL",Finance,341512,239,Bachelor,Internship,2026-03-13,97,Open
1827,BI Developer,TechNova,Delhi,Delhi,India,Hybrid,Entry,6,22,12,"Tableau,SQL",Retail,1306034,367,Master,Contract,2026-03-07,67,Closed
1828,Business Analyst,Zoho,Mumbai,Karnataka,India,Hybrid,Associate,3,11,6,"Excel,SQL",IT Services,1605900,239,Master,Internship,2026-01-01,75,Closed
1829,ML Engineer,Wipro,Chennai,Tamil Nadu,India,Hybrid,Associate,7,27,12,"Excel,SQL",IT Services,301670,318,Master,Contract,2026-06-05,60,Open
1830,Software Engineer,Google,Pune,Tamil Nadu,India,Hybrid,Associate,2,27,13,"Python,SQL",Retail,340707,265,Bachelor,Internship,2026-02-09,73,Closed
1831,Software Engineer,Accenture,Hyderabad,Tamil Nadu,India,Remote,Mid,3,5,9,"Power BI,SQL",Education,748687,140,Master,Full-time,2026-06-03,90,Closed
1832,ML Engineer,Wipro,Delhi,Maharashtra,India,Remote,Mid,8,30,16,"Excel,SQL",Retail,840121,291,Master,Full-time,2026-05-15,56,Open
1833,BI Developer,Zoho,Delhi,Karnataka,India,Remote,Entry,2,27,7,"Power BI,SQL",IT Services,848700,317,Master,Internship,2026-03-11,81,Closed
1834,ML Engineer,Google,Hyderabad,Karnataka,India,Remote,Associate,4,26,8,"Azure,Python",IT Services,1572492,407,Bachelor,Internship,2026-04-24,78,Open
1835,Business Analyst,Zoho,Delhi,Telangana,India,Hybrid,Associate,3,11,16,"Tableau,SQL",Healthcare,1743616,189,Master,Internship,2026-04-05,51,Open
1836,ML Engineer,TechNova,Delhi,Tamil Nadu,India,Hybrid,Associate,7,14,7,"Python,SQL",IT Services,1768990,438,Master,Contract,2026-01-05,59,Open
1837,Software Engineer,Microsoft,Bengaluru,Telangana,India,Hybrid,Associate,8,10,18,"Power BI,SQL",IT Services,1689693,417,Bachelor,Internship,2026-02-12,65,Open
1838,ML Engineer,Google,Pune,Telangana,India,Onsite,Mid,2,16,16,"Tableau,SQL",Retail,666946,295,Bachelor,Internship,2026-02-28,85,Open
1839,Data Analyst,Google,Delhi,Karnataka,India,Onsite,Entry,5,25,17,"Excel,SQL",Retail,763939,46,Bachelor,Contract,2026-02-10,75,Open
1840,Data Analyst,TCS,Pune,Telangana,India,Onsite,Mid,2,28,14,"Azure,Python",Finance,1299430,55,Bachelor,Contract,2026-04-13,63,Open
1841,ML Engineer,Accenture,Mumbai,Maharashtra,India,Hybrid,Senior,2,5,18,"Power BI,SQL",Retail,1297805,105,Master,Full-time,2026-05-11,84,Open
1842,Software Engineer,TCS,Delhi,Maharashtra,India,Onsite,Mid,2,26,9,"Tableau,SQL",Retail,1133262,323,Bachelor,Full-time,2026-03-14,85,Open
1843,Business Analyst,Amazon,Hyderabad,Telangana,India,Hybrid,Mid,2,12,15,"Python,SQL",Finance,1499118,38,Master,Contract,2026-05-06,56,Open
1844,ML Engineer,Zoho,Mumbai,Delhi,India,Onsite,Senior,7,25,15,"Python,Pandas",IT Services,614917,126,Master,Contract,2026-04-09,55,Closed
1845,BI Developer,Microsoft,Bengaluru,Tamil Nadu,India,Hybrid,Senior,1,29,14,"Excel,SQL",Healthcare,701999,70,Master,Full-time,2026-06-04,79,Open
1846,ML Engineer,Zoho,Hyderabad,Delhi,India,Hybrid,Mid,8,28,15,"Azure,Python",IT Services,1465713,47,Master,Internship,2026-04-29,71,Closed
1847,BI Developer,Wipro,Bengaluru,Tamil Nadu,India,Hybrid,Senior,6,25,6,"Azure,Python",Education,640327,113,Bachelor,Full-time,2026-01-08,66,Closed
1848,Software Engineer,Infosys,Chennai,Delhi,India,Remote,Senior,5,17,9,"Python,SQL",Finance,1174929,474,Master,Internship,2026-01-23,75,Closed
1849,Business Analyst,Accenture,Pune,Tamil Nadu,India,Hybrid,Entry,4,25,18,"Excel,SQL",Retail,434289,253,Master,Internship,2026-06-01,74,Closed
1850,Data Scientist,TechNova,Mumbai,Telangana,India,Remote,Entry,1,18,8,"Azure,Python",Education,889008,381,Bachelor,Internship,2026-05-13,79,Open
1851,BI Developer,Accenture,Bengaluru,Delhi,India,Hybrid,Mid,7,15,15,"Azure,Python",Retail,1387492,458,Master,Internship,2026-01-05,76,Open
1852,Software Engineer,Zoho,Chennai,Karnataka,India,Remote,Senior,2,24,6,"Power BI,SQL",Retail,987811,417,Bachelor,Contract,2026-01-26,94,Open
1853,ML Engineer,Wipro,Bengaluru,Maharashtra,India,Hybrid,Mid,4,30,7,"Python,SQL",IT Services,1303794,188,Bachelor,Full-time,2026-05-17,79,Open
1854,ML Engineer,Infosys,Hyderabad,Delhi,India,Hybrid,Senior,8,11,13,"Tableau,SQL",IT Services,953237,4,Bachelor,Contract,2026-05-02,98,Closed
1855,Data Scientist,Zoho,Pune,Karnataka,India,Remote,Associate,1,16,14,"Tableau,SQL",Finance,1087349,187,Bachelor,Full-time,2026-04-15,72,Closed
1856,Data Analyst,Accenture,Hyderabad,Delhi,India,Onsite,Mid,1,30,16,"Power BI,SQL",Retail,1073120,270,Bachelor,Contract,2026-03-12,70,Open
1857,Business Analyst,Infosys,Bengaluru,Maharashtra,India,Remote,Entry,6,20,14,"Python,SQL",Retail,1611333,248,Bachelor,Contract,2026-04-07,69,Closed
1858,BI Developer,Infosys,Delhi,Delhi,India,Onsite,Associate,7,23,15,"Python,Pandas",IT Services,705056,99,Master,Internship,2026-01-06,57,Open
1859,Data Analyst,Amazon,Mumbai,Maharashtra,India,Hybrid,Senior,7,30,12,"Python,SQL",Retail,428712,35,Master,Contract,2026-05-06,52,Open
1860,Software Engineer,Zoho,Mumbai,Delhi,India,Hybrid,Senior,6,20,4,"Azure,Python",Healthcare,302241,141,Master,Full-time,2026-05-31,53,Closed
1861,Business Analyst,Accenture,Chennai,Tamil Nadu,India,Onsite,Associate,1,16,18,"Power BI,SQL",Healthcare,1589114,316,Master,Full-time,2026-01-22,86,Closed
1862,BI Developer,Capgemini,Mumbai,Maharashtra,India,Hybrid,Entry,3,9,11,"Azure,Python",IT Services,833372,53,Master,Internship,2026-02-26,76,Closed
1863,ML Engineer,Infosys,Bengaluru,Tamil Nadu,India,Remote,Associate,3,28,17,"Python,SQL",IT Services,1161796,494,Bachelor,Full-time,2026-06-09,52,Closed
1864,ML Engineer,Zoho,Chennai,Karnataka,India,Hybrid,Mid,1,11,18,"Python,Pandas",Healthcare,919632,68,Master,Contract,2026-06-04,74,Closed
1865,Software Engineer,Microsoft,Hyderabad,Maharashtra,India,Onsite,Mid,5,27,4,"Azure,Python",Healthcare,989276,68,Bachelor,Contract,2026-03-05,88,Open
1866,Data Analyst,Microsoft,Mumbai,Maharashtra,India,Onsite,Mid,4,9,20,"Power BI,SQL",Finance,527241,163,Master,Contract,2026-05-08,54,Open
1867,Data Scientist,TCS,Delhi,Delhi,India,Remote,Mid,2,12,9,"Python,SQL",IT Services,1301694,407,Master,Full-time,2026-03-02,88,Open
1868,ML Engineer,Capgemini,Bengaluru,Delhi,India,Hybrid,Senior,3,25,9,"Excel,SQL",Finance,1707703,357,Master,Internship,2026-01-20,51,Closed
1869,Business Analyst,Wipro,Chennai,Delhi,India,Hybrid,Mid,6,29,17,"Excel,SQL",Education,464390,197,Bachelor,Full-time,2026-04-28,66,Open
1870,ML Engineer,Zoho,Pune,Maharashtra,India,Hybrid,Entry,3,16,14,"Tableau,SQL",Healthcare,754936,420,Bachelor,Contract,2026-05-31,93,Open
1871,Data Scientist,Microsoft,Pune,Telangana,India,Remote,Associate,3,25,15,"Python,SQL",Retail,1328722,163,Master,Full-time,2026-06-22,63,Closed
1872,Business Analyst,Accenture,Chennai,Maharashtra,India,Onsite,Senior,2,23,8,"Excel,SQL",Finance,874407,394,Bachelor,Contract,2026-04-02,67,Closed
1873,Software Engineer,TCS,Mumbai,Maharashtra,India,Hybrid,Associate,6,18,19,"Tableau,SQL",Healthcare,1169571,11,Master,Internship,2026-06-04,67,Open
1874,ML Engineer,TechNova,Hyderabad,Maharashtra,India,Remote,Associate,5,19,19,"Excel,SQL",Education,1002810,146,Bachelor,Full-time,2026-04-18,88,Closed
1875,Software Engineer,Accenture,Bengaluru,Tamil Nadu,India,Hybrid,Senior,2,20,7,"Excel,SQL",IT Services,717531,10,Master,Contract,2026-01-08,58,Closed
1876,Software Engineer,TechNova,Pune,Delhi,India,Onsite,Associate,6,27,18,"Power BI,SQL",Healthcare,1308860,497,Bachelor,Internship,2026-05-16,88,Closed
1877,ML Engineer,TechNova,Bengaluru,Tamil Nadu,India,Onsite,Senior,1,23,8,"Python,SQL",Retail,1299235,340,Bachelor,Full-time,2026-03-06,65,Open
1878,Data Scientist,Accenture,Delhi,Maharashtra,India,Hybrid,Senior,1,15,8,"Azure,Python",Education,1166115,206,Master,Full-time,2026-06-04,96,Open
1879,ML Engineer,Microsoft,Hyderabad,Maharashtra,India,Onsite,Associate,5,29,9,"Python,SQL",Education,1583915,115,Master,Contract,2026-06-26,74,Closed
1880,Business Analyst,Accenture,Delhi,Karnataka,India,Hybrid,Entry,1,15,17,"Python,SQL",Finance,647954,491,Master,Internship,2026-06-22,89,Closed
1881,BI Developer,Amazon,Pune,Maharashtra,India,Remote,Entry,0,14,6,"Python,Pandas",Education,1075174,200,Bachelor,Internship,2026-01-29,84,Open
1882,Business Analyst,Accenture,Mumbai,Delhi,India,Hybrid,Mid,5,24,10,"Python,SQL",Healthcare,1523629,410,Master,Full-time,2026-04-18,60,Open
1883,Data Analyst,TCS,Delhi,Telangana,India,Remote,Associate,5,25,20,"Power BI,SQL",IT Services,375399,12,Master,Internship,2026-02-06,59,Closed
1884,BI Developer,Wipro,Delhi,Delhi,India,Hybrid,Associate,7,20,6,"Azure,Python",Education,919293,73,Bachelor,Internship,2026-05-12,63,Closed
1885,Software Engineer,Microsoft,Hyderabad,Delhi,India,Hybrid,Associate,0,20,5,"Python,SQL",IT Services,1233614,410,Master,Full-time,2026-04-03,50,Closed
1886,Business Analyst,TCS,Bengaluru,Karnataka,India,Onsite,Mid,2,6,19,"Tableau,SQL",Finance,1374210,381,Master,Full-time,2026-02-16,61,Closed
1887,Business Analyst,Accenture,Delhi,Karnataka,India,Hybrid,Associate,4,24,10,"Azure,Python",Healthcare,889088,434,Master,Full-time,2026-02-28,85,Open
1888,Data Scientist,Microsoft,Delhi,Delhi,India,Remote,Senior,4,13,20,"Python,Pandas",Finance,1321419,225,Bachelor,Internship,2026-01-06,75,Closed
1889,Data Analyst,Capgemini,Hyderabad,Tamil Nadu,India,Onsite,Associate,1,22,17,"Tableau,SQL",Healthcare,595432,43,Bachelor,Internship,2026-01-01,72,Open
1890,ML Engineer,Google,Hyderabad,Maharashtra,India,Hybrid,Associate,2,26,20,"Python,Pandas",Finance,1422421,256,Bachelor,Contract,2026-06-11,59,Closed
1891,ML Engineer,Wipro,Hyderabad,Delhi,India,Hybrid,Mid,5,10,6,"Python,SQL",Healthcare,1156304,485,Master,Contract,2026-01-12,89,Open
1892,Business Analyst,Capgemini,Pune,Maharashtra,India,Onsite,Mid,2,9,16,"Power BI,SQL",IT Services,553613,210,Bachelor,Full-time,2026-03-10,88,Open
1893,Business Analyst,Capgemini,Mumbai,Delhi,India,Onsite,Associate,7,25,5,"Azure,Python",IT Services,799264,276,Master,Contract,2026-01-13,95,Open
1894,BI Developer,Google,Hyderabad,Maharashtra,India,Hybrid,Senior,7,23,12,"Tableau,SQL",IT Services,487884,305,Master,Internship,2026-01-31,53,Open
1895,Data Scientist,TCS,Bengaluru,Delhi,India,Onsite,Associate,2,17,10,"Python,Pandas",Healthcare,804100,279,Master,Internship,2026-06-26,66,Open
1896,Data Analyst,Zoho,Pune,Karnataka,India,Onsite,Mid,3,10,18,"Python,Pandas",IT Services,789981,82,Master,Full-time,2026-02-17,52,Closed
1897,Data Scientist,TechNova,Delhi,Tamil Nadu,India,Onsite,Senior,8,16,7,"Tableau,SQL",IT Services,472513,480,Master,Internship,2026-03-12,60,Closed
1898,BI Developer,Google,Delhi,Tamil Nadu,India,Remote,Mid,8,3,16,"Power BI,SQL",Finance,1177452,287,Bachelor,Internship,2026-03-13,55,Open
1899,Business Analyst,Wipro,Bengaluru,Telangana,India,Remote,Entry,3,14,6,"Power BI,SQL",Healthcare,1798521,478,Bachelor,Contract,2026-05-30,53,Closed
1900,Software Engineer,Wipro,Chennai,Telangana,India,Remote,Mid,1,20,9,"Python,Pandas",Retail,1283692,394,Master,Internship,2026-05-02,95,Open
1901,Business Analyst,Microsoft,Mumbai,Maharashtra,India,Onsite,Entry,5,21,9,"Python,SQL",Retail,1191007,347,Master,Full-time,2026-05-23,62,Open
1902,Business Analyst,Zoho,Pune,Delhi,India,Remote,Entry,3,13,12,"Tableau,SQL",IT Services,1436738,293,Bachelor,Contract,2026-03-31,71,Closed
1903,Data Scientist,TCS,Delhi,Maharashtra,India,Hybrid,Mid,2,27,8,"Power BI,SQL",Education,881957,455,Master,Full-time,2026-05-03,84,Open
1904,Data Analyst,Accenture,Hyderabad,Telangana,India,Onsite,Mid,3,3,18,"Power BI,SQL",Education,318208,6,Master,Contract,2026-03-22,75,Closed
1905,Data Scientist,Infosys,Hyderabad,Maharashtra,India,Hybrid,Associate,2,29,14,"Excel,SQL",Retail,1754349,470,Master,Full-time,2026-03-13,74,Closed
1906,Software Engineer,Wipro,Hyderabad,Maharashtra,India,Hybrid,Mid,6,9,14,"Python,Pandas",Healthcare,654119,304,Master,Internship,2026-05-16,60,Closed
1907,Business Analyst,TCS,Bengaluru,Telangana,India,Hybrid,Associate,4,18,5,"Power BI,SQL",Education,1099936,372,Bachelor,Contract,2026-01-29,93,Open
1908,Data Scientist,Wipro,Chennai,Delhi,India,Hybrid,Entry,7,25,11,"Power BI,SQL",Education,1761475,472,Master,Full-time,2026-06-04,67,Closed
1909,BI Developer,Zoho,Pune,Maharashtra,India,Remote,Mid,8,4,14,"Python,SQL",Healthcare,1319291,461,Bachelor,Full-time,2026-03-30,88,Open
1910,Business Analyst,TechNova,Delhi,Karnataka,India,Onsite,Senior,5,13,11,"Azure,Python",Education,389390,436,Master,Contract,2026-02-06,77,Closed
1911,Software Engineer,Capgemini,Chennai,Tamil Nadu,India,Onsite,Entry,8,27,18,"Python,SQL",Retail,1112008,303,Master,Full-time,2026-04-02,80,Closed
1912,Data Scientist,Accenture,Mumbai,Tamil Nadu,India,Remote,Associate,4,27,12,"Python,Pandas",Education,998408,422,Bachelor,Contract,2026-03-20,77,Closed
1913,Data Scientist,Google,Bengaluru,Telangana,India,Onsite,Associate,8,4,11,"Azure,Python",IT Services,398130,442,Master,Contract,2026-01-12,87,Closed
1914,Data Scientist,Amazon,Delhi,Maharashtra,India,Remote,Entry,4,9,4,"Power BI,SQL",IT Services,1479837,60,Bachelor,Full-time,2026-03-04,98,Open
1915,BI Developer,Infosys,Pune,Tamil Nadu,India,Onsite,Entry,4,8,7,"Azure,Python",Retail,669060,261,Master,Contract,2026-06-14,89,Closed
1916,BI Developer,Zoho,Pune,Maharashtra,India,Remote,Associate,6,29,14,"Azure,Python",Education,872939,339,Master,Internship,2026-04-30,76,Open
1917,Business Analyst,TechNova,Bengaluru,Maharashtra,India,Onsite,Mid,6,9,8,"Python,SQL",Finance,1618202,162,Master,Contract,2026-03-18,55,Open
1918,Software Engineer,TechNova,Mumbai,Telangana,India,Remote,Senior,2,29,12,"Azure,Python",Retail,682995,102,Master,Full-time,2026-06-10,91,Open
1919,Data Scientist,Google,Mumbai,Maharashtra,India,Remote,Associate,4,30,17,"Power BI,SQL",IT Services,1189782,491,Master,Full-time,2026-06-12,65,Closed
1920,Business Analyst,Amazon,Chennai,Karnataka,India,Remote,Entry,7,20,5,"Azure,Python",Healthcare,556849,40,Bachelor,Full-time,2026-04-10,92,Open
1921,Data Scientist,Zoho,Chennai,Karnataka,India,Onsite,Senior,5,17,8,"Python,SQL",Healthcare,1482060,355,Master,Contract,2026-01-13,81,Closed
1922,Business Analyst,Zoho,Pune,Tamil Nadu,India,Onsite,Entry,2,8,19,"Tableau,SQL",Education,1028271,266,Master,Full-time,2026-06-03,71,Closed
1923,Software Engineer,Amazon,Pune,Telangana,India,Hybrid,Senior,3,6,11,"Tableau,SQL",IT Services,760871,371,Bachelor,Internship,2026-03-02,95,Open
1924,ML Engineer,Microsoft,Hyderabad,Karnataka,India,Remote,Associate,0,4,11,"Power BI,SQL",Healthcare,342649,241,Master,Full-time,2026-03-26,80,Closed
1925,ML Engineer,Zoho,Bengaluru,Telangana,India,Hybrid,Associate,7,30,16,"Power BI,SQL",Retail,1331726,402,Bachelor,Full-time,2026-04-09,68,Open
1926,BI Developer,Accenture,Chennai,Karnataka,India,Onsite,Mid,3,30,9,"Tableau,SQL",Retail,1342069,404,Bachelor,Contract,2026-03-14,65,Closed
1927,Data Scientist,TechNova,Hyderabad,Telangana,India,Remote,Senior,4,17,18,"Python,Pandas",Finance,1541716,392,Bachelor,Full-time,2026-04-15,92,Closed
1928,Data Analyst,Microsoft,Bengaluru,Karnataka,India,Onsite,Mid,5,8,18,"Python,Pandas",Education,1185520,447,Bachelor,Contract,2026-03-05,95,Open
1929,Business Analyst,Accenture,Chennai,Maharashtra,India,Hybrid,Mid,6,15,17,"Tableau,SQL",Education,700302,166,Master,Full-time,2026-02-09,91,Open
1930,Software Engineer,Zoho,Delhi,Telangana,India,Onsite,Associate,8,4,18,"Python,SQL",Finance,478650,147,Bachelor,Contract,2026-01-04,80,Closed
1931,Data Scientist,Google,Mumbai,Telangana,India,Remote,Associate,8,24,8,"Python,Pandas",Education,663118,103,Master,Contract,2026-02-11,51,Open
1932,ML Engineer,Zoho,Pune,Telangana,India,Remote,Mid,0,22,15,"Python,SQL",Healthcare,688880,108,Master,Internship,2026-05-27,72,Open
1933,Data Scientist,TCS,Chennai,Karnataka,India,Hybrid,Associate,8,24,17,"Azure,Python",IT Services,1466431,479,Bachelor,Full-time,2026-03-24,65,Closed
1934,ML Engineer,Accenture,Pune,Delhi,India,Onsite,Associate,5,18,4,"Python,Pandas",Education,1226821,456,Bachelor,Full-time,2026-04-17,78,Open
1935,Data Scientist,Wipro,Delhi,Karnataka,India,Hybrid,Senior,0,11,5,"Excel,SQL",Retail,1100313,472,Master,Full-time,2026-04-10,98,Closed
1936,ML Engineer,Google,Bengaluru,Maharashtra,India,Hybrid,Senior,3,21,6,"Python,SQL",Education,333199,298,Bachelor,Full-time,2026-03-10,79,Open
1937,Software Engineer,Google,Mumbai,Maharashtra,India,Hybrid,Associate,6,25,12,"Tableau,SQL",IT Services,503790,487,Master,Contract,2026-06-27,80,Closed
1938,BI Developer,Infosys,Hyderabad,Maharashtra,India,Hybrid,Mid,6,9,12,"Python,Pandas",Education,1138985,225,Bachelor,Contract,2026-06-18,84,Open
1939,Software Engineer,Infosys,Chennai,Maharashtra,India,Remote,Associate,8,9,14,"Excel,SQL",Healthcare,798635,134,Bachelor,Contract,2026-03-19,68,Open
1940,Business Analyst,Wipro,Mumbai,Tamil Nadu,India,Hybrid,Mid,5,7,17,"Python,Pandas",Education,410208,239,Bachelor,Full-time,2026-05-08,78,Open
1941,ML Engineer,Wipro,Bengaluru,Tamil Nadu,India,Remote,Entry,7,19,9,"Power BI,SQL",Education,943938,424,Bachelor,Internship,2026-03-05,72,Closed
1942,Business Analyst,TechNova,Pune,Maharashtra,India,Onsite,Associate,6,26,10,"Tableau,SQL",Education,552509,258,Master,Contract,2026-03-28,97,Open
1943,ML Engineer,Amazon,Pune,Telangana,India,Remote,Entry,4,8,4,"Azure,Python",Education,578376,352,Master,Full-time,2026-01-01,57,Closed
1944,Software Engineer,Zoho,Pune,Karnataka,India,Hybrid,Mid,8,22,17,"Python,Pandas",Finance,777012,391,Master,Full-time,2026-05-31,54,Closed
1945,Data Analyst,Accenture,Bengaluru,Delhi,India,Remote,Senior,4,29,14,"Azure,Python",Education,787253,102,Bachelor,Full-time,2026-01-10,97,Closed
1946,Software Engineer,TCS,Mumbai,Delhi,India,Remote,Associate,0,16,5,"Power BI,SQL",Education,536805,172,Bachelor,Full-time,2026-06-08,90,Open
1947,ML Engineer,Infosys,Chennai,Delhi,India,Onsite,Mid,3,13,12,"Python,Pandas",Retail,1553275,128,Bachelor,Contract,2026-05-04,59,Closed
1948,Business Analyst,TCS,Pune,Delhi,India,Onsite,Mid,4,17,16,"Power BI,SQL",Retail,738351,459,Bachelor,Contract,2026-05-07,68,Open
1949,Business Analyst,Amazon,Hyderabad,Karnataka,India,Remote,Associate,3,18,19,"Python,Pandas",Education,1492225,360,Master,Internship,2026-06-14,98,Closed
1950,Data Scientist,Google,Delhi,Karnataka,India,Onsite,Senior,8,9,19,"Power BI,SQL",IT Services,1227575,366,Bachelor,Internship,2026-01-24,70,Open
1951,Data Scientist,TechNova,Chennai,Telangana,India,Hybrid,Entry,5,14,17,"Azure,Python",Education,1618362,210,Bachelor,Contract,2026-03-04,60,Closed
1952,Business Analyst,Zoho,Pune,Karnataka,India,Hybrid,Associate,5,28,14,"Azure,Python",Retail,919946,274,Master,Internship,2026-06-10,70,Open
1953,ML Engineer,Google,Chennai,Maharashtra,India,Remote,Associate,2,29,5,"Excel,SQL",Retail,1087589,64,Bachelor,Full-time,2026-03-12,62,Closed
1954,BI Developer,TechNova,Delhi,Maharashtra,India,Hybrid,Associate,1,11,16,"Python,Pandas",Finance,887917,6,Master,Contract,2026-01-28,75,Closed
1955,Data Analyst,Capgemini,Chennai,Karnataka,India,Remote,Mid,1,21,16,"Power BI,SQL",Retail,1539356,183,Bachelor,Internship,2026-05-02,85,Open
1956,Data Analyst,TCS,Delhi,Telangana,India,Hybrid,Entry,1,20,18,"Python,Pandas",Retail,1320441,358,Master,Contract,2026-02-07,91,Closed
1957,Data Scientist,TCS,Pune,Maharashtra,India,Remote,Associate,2,19,16,"Power BI,SQL",IT Services,1455796,260,Bachelor,Internship,2026-02-20,56,Open
1958,BI Developer,Wipro,Bengaluru,Maharashtra,India,Remote,Senior,2,7,17,"Azure,Python",IT Services,895143,165,Master,Contract,2026-01-28,52,Open
1959,BI Developer,Wipro,Mumbai,Tamil Nadu,India,Onsite,Associate,8,9,6,"Python,Pandas",Finance,440545,368,Master,Contract,2026-05-04,68,Closed
1960,ML Engineer,Capgemini,Chennai,Delhi,India,Onsite,Associate,7,7,20,"Python,Pandas",Education,898254,395,Master,Full-time,2026-02-06,75,Closed
1961,ML Engineer,Capgemini,Chennai,Tamil Nadu,India,Hybrid,Associate,2,13,12,"Azure,Python",IT Services,586028,84,Master,Contract,2026-06-30,84,Open
1962,ML Engineer,Capgemini,Pune,Telangana,India,Hybrid,Entry,7,23,9,"Azure,Python",Retail,1630113,128,Bachelor,Full-time,2026-06-18,90,Closed
1963,BI Developer,Zoho,Delhi,Karnataka,India,Hybrid,Mid,1,17,13,"Azure,Python",Finance,1087340,140,Master,Contract,2026-02-03,79,Open
1964,Data Scientist,TechNova,Bengaluru,Maharashtra,India,Onsite,Senior,8,30,8,"Python,SQL",Finance,427873,221,Master,Full-time,2026-06-01,94,Closed
1965,Data Scientist,Microsoft,Hyderabad,Tamil Nadu,India,Hybrid,Associate,0,13,8,"Azure,Python",Retail,306967,381,Bachelor,Full-time,2026-05-02,71,Closed
1966,Data Scientist,Wipro,Chennai,Telangana,India,Remote,Senior,4,9,16,"Python,SQL",Education,385127,181,Bachelor,Contract,2026-02-04,90,Closed
1967,Data Analyst,Google,Pune,Tamil Nadu,India,Onsite,Associate,0,11,5,"Excel,SQL",Finance,405076,251,Master,Contract,2026-02-08,59,Closed
1968,BI Developer,Google,Bengaluru,Delhi,India,Onsite,Associate,1,7,17,"Tableau,SQL",Healthcare,1276999,82,Master,Internship,2026-04-29,68,Closed
1969,Data Analyst,Microsoft,Mumbai,Tamil Nadu,India,Remote,Mid,7,3,11,"Tableau,SQL",IT Services,1286885,265,Bachelor,Contract,2026-02-28,71,Open
1970,ML Engineer,TechNova,Chennai,Maharashtra,India,Remote,Associate,4,3,7,"Tableau,SQL",Education,386023,267,Bachelor,Internship,2026-04-01,92,Closed
1971,Data Analyst,Infosys,Delhi,Karnataka,India,Remote,Mid,8,11,17,"Azure,Python",Healthcare,696097,434,Bachelor,Internship,2026-06-23,56,Closed
1972,BI Developer,Microsoft,Chennai,Telangana,India,Remote,Senior,1,22,11,"Azure,Python",Healthcare,1444984,327,Bachelor,Full-time,2026-02-11,70,Closed
1973,Business Analyst,Google,Mumbai,Telangana,India,Onsite,Associate,1,14,6,"Azure,Python",Finance,1485637,203,Master,Full-time,2026-03-05,53,Closed
1974,Data Analyst,Capgemini,Pune,Tamil Nadu,India,Hybrid,Associate,5,13,5,"Excel,SQL",IT Services,948007,380,Bachelor,Full-time,2026-04-19,79,Closed
1975,ML Engineer,TCS,Pune,Delhi,India,Onsite,Associate,1,6,7,"Python,SQL",Retail,1270139,348,Bachelor,Full-time,2026-06-05,87,Open
1976,Data Scientist,TechNova,Delhi,Karnataka,India,Hybrid,Entry,2,28,9,"Azure,Python",IT Services,1238033,425,Bachelor,Full-time,2026-01-17,59,Closed
1977,Software Engineer,TCS,Delhi,Tamil Nadu,India,Hybrid,Entry,0,4,11,"Python,Pandas",Education,1346361,410,Bachelor,Full-time,2026-01-13,56,Open
1978,Business Analyst,Infosys,Delhi,Delhi,India,Hybrid,Mid,6,17,9,"Tableau,SQL",Retail,1701580,91,Master,Internship,2026-02-19,51,Closed
1979,ML Engineer,Infosys,Bengaluru,Telangana,India,Onsite,Associate,6,3,4,"Python,Pandas",Education,896858,326,Master,Contract,2026-02-06,80,Closed
1980,Data Scientist,Wipro,Hyderabad,Maharashtra,India,Hybrid,Senior,2,16,9,"Azure,Python",Education,593827,28,Bachelor,Contract,2026-06-14,82,Open
1981,ML Engineer,Amazon,Chennai,Telangana,India,Onsite,Entry,8,25,7,"Python,Pandas",Healthcare,1442963,463,Bachelor,Full-time,2026-06-02,50,Open
1982,Data Scientist,Zoho,Chennai,Tamil Nadu,India,Onsite,Senior,8,24,9,"Python,Pandas",Healthcare,1510161,202,Bachelor,Contract,2026-03-13,58,Open
1983,Software Engineer,Wipro,Hyderabad,Maharashtra,India,Hybrid,Associate,3,6,17,"Power BI,SQL",IT Services,1558167,111,Master,Contract,2026-05-26,76,Open
1984,Data Analyst,Infosys,Mumbai,Telangana,India,Onsite,Entry,7,24,16,"Python,SQL",Healthcare,882121,6,Bachelor,Contract,2026-06-18,96,Open
1985,Data Scientist,Amazon,Bengaluru,Delhi,India,Hybrid,Senior,2,10,19,"Python,Pandas",IT Services,1399732,472,Master,Full-time,2026-05-25,54,Closed
1986,Data Scientist,Google,Bengaluru,Telangana,India,Onsite,Mid,8,9,19,"Power BI,SQL",Education,1554449,396,Master,Contract,2026-01-11,80,Closed
1987,ML Engineer,Capgemini,Mumbai,Telangana,India,Remote,Senior,3,6,4,"Tableau,SQL",Finance,1276576,195,Bachelor,Internship,2026-02-07,54,Open
1988,ML Engineer,Infosys,Hyderabad,Maharashtra,India,Remote,Entry,1,30,20,"Excel,SQL",Education,1391633,56,Master,Full-time,2026-01-13,56,Closed
1989,Software Engineer,TCS,Delhi,Delhi,India,Remote,Mid,5,16,17,"Power BI,SQL",Retail,858242,416,Master,Full-time,2026-05-08,69,Open
1990,Software Engineer,Accenture,Delhi,Tamil Nadu,India,Onsite,Mid,0,30,7,"Power BI,SQL",Finance,1182378,424,Bachelor,Contract,2026-01-16,64,Closed
1991,ML Engineer,Amazon,Delhi,Maharashtra,India,Onsite,Mid,4,18,4,"Python,Pandas",Finance,703483,120,Bachelor,Contract,2026-03-24,57,Closed
1992,ML Engineer,Infosys,Hyderabad,Karnataka,India,Remote,Associate,4,12,15,"Azure,Python",Retail,331201,435,Master,Full-time,2026-02-26,97,Open
1993,Business Analyst,Capgemini,Chennai,Karnataka,India,Remote,Senior,4,15,5,"Excel,SQL",Education,1290868,102,Master,Contract,2026-01-22,55,Closed
1994,Business Analyst,Infosys,Chennai,Delhi,India,Onsite,Senior,3,7,13,"Tableau,SQL",Finance,1591969,193,Bachelor,Contract,2026-02-11,87,Closed
1995,Data Scientist,Accenture,Delhi,Tamil Nadu,India,Remote,Entry,3,15,12,"Power BI,SQL",Retail,1632160,417,Bachelor,Full-time,2026-05-11,72,Open
1996,Software Engineer,Capgemini,Pune,Delhi,India,Remote,Senior,8,3,11,"Power BI,SQL",IT Services,714263,390,Master,Contract,2026-05-06,53,Open
1997,Software Engineer,Google,Bengaluru,Karnataka,India,Onsite,Mid,4,20,18,"Python,Pandas",Education,1462798,110,Master,Full-time,2026-01-15,65,Open
1998,Data Scientist,Zoho,Delhi,Delhi,India,Remote,Mid,8,24,9,"Power BI,SQL",Education,1507393,144,Bachelor,Internship,2026-04-26,81,Open
1999,Data Scientist,TechNova,Pune,Maharashtra,India,Hybrid,Entry,6,20,18,"Azure,Python",Retail,1699603,96,Bachelor,Contract,2026-04-01,64,Open
2000,Software Engineer,TCS,Mumbai,Karnataka,India,Remote,Associate,8,26,6,"Python,SQL",Education,1639507,436,Bachelor,Internship,2026-02-23,54,Open
2001,BI Developer,TechNova,Hyderabad,Karnataka,India,Hybrid,Entry,1,20,20,"Python,Pandas",Finance,355668,376,Master,Internship,2026-03-12,63,Open
2002,Business Analyst,TCS,Hyderabad,Karnataka,India,Remote,Senior,0,27,9,"Python,Pandas",IT Services,927778,238,Master,Contract,2026-05-29,95,Open
2003,Business Analyst,Capgemini,Delhi,Telangana,India,Hybrid,Associate,8,14,8,"Azure,Python",Retail,1237238,289,Bachelor,Full-time,2026-02-23,97,Closed
2004,Software Engineer,Amazon,Pune,Maharashtra,India,Remote,Mid,1,8,6,"Excel,SQL",Finance,864739,418,Bachelor,Internship,2026-05-14,55,Closed
2005,Data Scientist,Microsoft,Mumbai,Karnataka,India,Onsite,Entry,2,17,4,"Power BI,SQL",IT Services,1106859,44,Master,Contract,2026-01-13,85,Closed
2006,BI Developer,Zoho,Pune,Tamil Nadu,India,Remote,Associate,8,5,16,"Python,Pandas",IT Services,304112,267,Master,Internship,2026-01-21,81,Closed
2007,Software Engineer,Capgemini,Pune,Tamil Nadu,India,Onsite,Associate,1,18,5,"Excel,SQL",Education,894879,142,Bachelor,Full-time,2026-01-08,54,Closed
2008,Software Engineer,Zoho,Delhi,Tamil Nadu,India,Hybrid,Mid,5,24,19,"Excel,SQL",Finance,764902,457,Master,Internship,2026-06-22,79,Closed
2009,Business Analyst,Capgemini,Pune,Telangana,India,Hybrid,Mid,4,8,18,"Tableau,SQL",Education,1437210,27,Master,Internship,2026-03-10,69,Open
2010,Software Engineer,Zoho,Hyderabad,Tamil Nadu,India,Onsite,Associate,2,9,20,"Tableau,SQL",Education,1188272,134,Master,Full-time,2026-02-22,73,Open
2011,Data Analyst,Accenture,Chennai,Delhi,India,Hybrid,Entry,1,13,15,"Python,SQL",Education,931059,26,Master,Full-time,2026-01-29,81,Open
2012,Software Engineer,Zoho,Delhi,Delhi,India,Remote,Senior,5,14,7,"Python,Pandas",Retail,389993,228,Bachelor,Contract,2026-05-13,66,Closed
2013,Data Scientist,TCS,Delhi,Telangana,India,Onsite,Entry,1,29,14,"Python,Pandas",Retail,1010888,12,Master,Internship,2026-03-31,77,Closed
2014,ML Engineer,Wipro,Hyderabad,Tamil Nadu,India,Remote,Entry,3,24,20,"Tableau,SQL",Retail,810366,69,Master,Internship,2026-04-30,65,Closed
2015,Software Engineer,TechNova,Delhi,Karnataka,India,Hybrid,Mid,2,6,6,"Python,SQL",Retail,1415648,95,Bachelor,Full-time,2026-06-13,71,Closed
2016,BI Developer,Wipro,Pune,Telangana,India,Remote,Entry,7,3,16,"Azure,Python",Education,1595230,487,Bachelor,Full-time,2026-05-07,77,Closed
2017,Software Engineer,Capgemini,Hyderabad,Maharashtra,India,Remote,Entry,2,9,5,"Azure,Python",Finance,392399,245,Bachelor,Contract,2026-04-20,85,Open
2018,ML Engineer,Wipro,Chennai,Tamil Nadu,India,Onsite,Senior,5,16,5,"Tableau,SQL",Education,1385900,387,Bachelor,Internship,2026-02-27,68,Closed
2019,BI Developer,TechNova,Chennai,Karnataka,India,Remote,Associate,1,27,11,"Tableau,SQL",Finance,1215755,275,Bachelor,Contract,2026-01-17,90,Open
2020,ML Engineer,Zoho,Delhi,Maharashtra,India,Onsite,Entry,5,14,15,"Tableau,SQL",IT Services,1203487,87,Master,Internship,2026-05-03,62,Closed
2021,ML Engineer,TechNova,Bengaluru,Karnataka,India,Remote,Associate,3,28,13,"Python,SQL",Finance,1261121,222,Bachelor,Internship,2026-01-01,58,Closed
2022,Business Analyst,Google,Delhi,Tamil Nadu,India,Remote,Mid,6,5,4,"Azure,Python",Finance,1012728,277,Bachelor,Internship,2026-04-24,51,Open
2023,Business Analyst,TCS,Bengaluru,Maharashtra,India,Remote,Entry,2,3,19,"Python,SQL",Retail,408642,452,Master,Internship,2026-04-21,81,Open
2024,Business Analyst,TCS,Hyderabad,Delhi,India,Hybrid,Senior,0,27,19,"Python,Pandas",IT Services,653236,218,Bachelor,Internship,2026-06-13,94,Closed
2025,Software Engineer,TCS,Mumbai,Karnataka,India,Remote,Senior,5,19,18,"Tableau,SQL",Finance,1232488,10,Master,Full-time,2026-03-23,65,Closed
2026,Business Analyst,TCS,Hyderabad,Telangana,India,Remote,Associate,6,23,8,"Python,SQL",Healthcare,1274830,36,Bachelor,Internship,2026-06-28,54,Open
2027,ML Engineer,Zoho,Delhi,Tamil Nadu,India,Remote,Mid,0,8,6,"Excel,SQL",Healthcare,1697815,384,Master,Internship,2026-05-10,84,Closed
2028,Software Engineer,Wipro,Mumbai,Telangana,India,Remote,Entry,0,5,4,"Power BI,SQL",Education,860839,454,Master,Internship,2026-01-01,81,Closed
2029,ML Engineer,Wipro,Mumbai,Maharashtra,India,Remote,Associate,5,28,5,"Power BI,SQL",Retail,486906,76,Master,Internship,2026-01-29,75,Open
2030,Software Engineer,Infosys,Pune,Tamil Nadu,India,Onsite,Associate,1,26,6,"Tableau,SQL",Retail,558166,31,Bachelor,Internship,2026-06-12,57,Open
2031,Business Analyst,Zoho,Chennai,Karnataka,India,Onsite,Senior,6,8,19,"Python,Pandas",Finance,425951,281,Master,Contract,2026-03-02,66,Open
2032,BI Developer,Accenture,Pune,Tamil Nadu,India,Hybrid,Senior,6,4,9,"Excel,SQL",Retail,863169,240,Bachelor,Contract,2026-04-15,61,Open
2033,ML Engineer,Wipro,Hyderabad,Telangana,India,Hybrid,Mid,2,8,5,"Azure,Python",Education,1123085,212,Master,Contract,2026-02-06,69,Open
2034,Software Engineer,Zoho,Chennai,Karnataka,India,Remote,Associate,0,16,7,"Tableau,SQL",Education,1771224,422,Master,Internship,2026-06-16,57,Open
2035,ML Engineer,Accenture,Chennai,Tamil Nadu,India,Onsite,Senior,8,6,14,"Excel,SQL",Education,1485338,395,Bachelor,Internship,2026-05-20,70,Closed
2036,Data Scientist,Accenture,Hyderabad,Tamil Nadu,India,Hybrid,Associate,2,12,4,"Tableau,SQL",IT Services,603520,246,Bachelor,Contract,2026-02-05,95,Closed
2037,Software Engineer,Infosys,Bengaluru,Maharashtra,India,Remote,Entry,3,11,19,"Azure,Python",Healthcare,1266479,255,Bachelor,Contract,2026-06-04,84,Open
2038,Data Scientist,Zoho,Pune,Maharashtra,India,Hybrid,Mid,0,10,8,"Tableau,SQL",Retail,804261,347,Master,Contract,2026-05-31,76,Closed
2039,ML Engineer,Capgemini,Hyderabad,Delhi,India,Hybrid,Entry,2,22,4,"Python,SQL",IT Services,676131,68,Bachelor,Internship,2026-01-30,55,Open
2040,Software Engineer,Capgemini,Bengaluru,Karnataka,India,Onsite,Entry,8,4,5,"Power BI,SQL",Education,815877,396,Master,Internship,2026-03-16,72,Closed
2041,Software Engineer,Microsoft,Delhi,Maharashtra,India,Remote,Mid,4,12,12,"Power BI,SQL",Education,1690174,74,Bachelor,Internship,2026-06-03,85,Open
2042,Data Scientist,Microsoft,Pune,Maharashtra,India,Hybrid,Associate,6,7,10,"Python,SQL",IT Services,1117586,451,Master,Full-time,2026-02-10,51,Closed
2043,ML Engineer,Google,Mumbai,Telangana,India,Hybrid,Mid,7,11,14,"Excel,SQL",Retail,418681,286,Bachelor,Full-time,2026-06-05,69,Open
2044,ML Engineer,Capgemini,Bengaluru,Maharashtra,India,Remote,Entry,4,18,4,"Python,SQL",Finance,459265,281,Bachelor,Contract,2026-01-05,75,Open
2045,Business Analyst,Amazon,Mumbai,Karnataka,India,Onsite,Mid,3,6,10,"Python,Pandas",IT Services,581391,451,Bachelor,Full-time,2026-02-25,65,Open
2046,Data Analyst,Wipro,Mumbai,Maharashtra,India,Hybrid,Senior,1,11,20,"Azure,Python",Healthcare,1148729,270,Bachelor,Full-time,2026-03-15,81,Closed
2047,ML Engineer,Accenture,Mumbai,Maharashtra,India,Hybrid,Senior,6,26,20,"Tableau,SQL",Finance,927976,448,Bachelor,Contract,2026-01-22,52,Closed
2048,Software Engineer,Wipro,Pune,Maharashtra,India,Onsite,Senior,2,3,7,"Python,Pandas",Finance,1251303,142,Bachelor,Full-time,2026-03-27,79,Closed
2049,Business Analyst,Microsoft,Hyderabad,Delhi,India,Hybrid,Associate,2,26,6,"Excel,SQL",IT Services,1069036,179,Bachelor,Full-time,2026-06-03,61,Closed
2050,Data Scientist,Wipro,Bengaluru,Maharashtra,India,Remote,Mid,4,25,14,"Excel,SQL",Finance,871629,420,Master,Internship,2026-01-30,90,Closed
2051,Business Analyst,TCS,Delhi,Karnataka,India,Remote,Associate,2,17,9,"Excel,SQL",Education,314645,209,Bachelor,Full-time,2026-05-07,83,Closed
2052,BI Developer,TCS,Mumbai,Delhi,India,Onsite,Entry,6,30,11,"Python,SQL",Retail,1065241,347,Master,Internship,2026-01-25,78,Closed
2053,ML Engineer,Zoho,Chennai,Maharashtra,India,Onsite,Entry,7,12,15,"Python,Pandas",Healthcare,331793,310,Bachelor,Internship,2026-01-18,62,Closed
2054,Software Engineer,Wipro,Pune,Karnataka,India,Onsite,Associate,4,29,5,"Excel,SQL",Retail,1250783,379,Bachelor,Full-time,2026-04-17,56,Open
2055,Software Engineer,Infosys,Chennai,Maharashtra,India,Remote,Associate,1,23,15,"Tableau,SQL",Finance,1302500,278,Bachelor,Full-time,2026-01-06,94,Closed
2056,Data Analyst,Zoho,Mumbai,Tamil Nadu,India,Onsite,Entry,3,14,19,"Tableau,SQL",Education,1583191,122,Bachelor,Contract,2026-03-28,78,Closed
2057,Data Analyst,Zoho,Hyderabad,Tamil Nadu,India,Remote,Senior,0,15,4,"Tableau,SQL",Finance,932156,254,Master,Full-time,2026-04-19,90,Open
2058,BI Developer,Wipro,Chennai,Karnataka,India,Remote,Associate,5,4,11,"Tableau,SQL",IT Services,1599653,369,Master,Internship,2026-02-01,94,Open
2059,Data Analyst,TCS,Hyderabad,Maharashtra,India,Onsite,Mid,1,17,8,"Excel,SQL",IT Services,1172140,316,Bachelor,Internship,2026-03-01,57,Closed
2060,BI Developer,Capgemini,Delhi,Telangana,India,Remote,Mid,3,26,15,"Azure,Python",Education,1707245,387,Master,Full-time,2026-06-19,63,Open
2061,Software Engineer,Accenture,Pune,Delhi,India,Onsite,Associate,4,29,8,"Python,Pandas",Healthcare,671928,100,Bachelor,Contract,2026-05-13,65,Open
2062,Data Analyst,Amazon,Chennai,Tamil Nadu,India,Hybrid,Entry,5,30,15,"Python,SQL",Finance,1088651,352,Bachelor,Full-time,2026-05-16,87,Open
2063,Business Analyst,Microsoft,Hyderabad,Telangana,India,Onsite,Mid,1,29,18,"Power BI,SQL",Retail,1361354,23,Master,Contract,2026-02-18,54,Open
2064,Software Engineer,Accenture,Pune,Tamil Nadu,India,Hybrid,Senior,1,9,17,"Python,Pandas",Finance,762326,482,Master,Internship,2026-05-16,74,Open
2065,Data Scientist,Capgemini,Mumbai,Delhi,India,Remote,Mid,2,19,9,"Tableau,SQL",Retail,1254088,146,Master,Full-time,2026-06-01,64,Open
2066,Data Analyst,Wipro,Pune,Maharashtra,India,Onsite,Associate,7,23,20,"Python,Pandas",IT Services,1707728,114,Master,Contract,2026-03-08,54,Closed
2067,BI Developer,Zoho,Chennai,Tamil Nadu,India,Remote,Mid,8,29,6,"Power BI,SQL",Education,1720583,65,Master,Contract,2026-03-20,54,Open
2068,Business Analyst,Capgemini,Chennai,Karnataka,India,Remote,Mid,5,30,19,"Python,Pandas",Finance,630455,461,Master,Internship,2026-03-14,67,Open
2069,Data Analyst,Infosys,Chennai,Maharashtra,India,Remote,Mid,1,5,12,"Azure,Python",IT Services,953054,264,Master,Internship,2026-01-29,59,Closed
2070,ML Engineer,Google,Pune,Telangana,India,Onsite,Senior,1,27,12,"Excel,SQL",Healthcare,844504,444,Master,Full-time,2026-01-17,85,Open
2071,Software Engineer,TechNova,Bengaluru,Delhi,India,Remote,Mid,2,7,7,"Tableau,SQL",Finance,1496775,83,Master,Internship,2026-01-24,55,Closed
2072,Data Scientist,Amazon,Bengaluru,Karnataka,India,Onsite,Associate,5,27,10,"Python,Pandas",Finance,699810,257,Bachelor,Contract,2026-05-07,76,Open
2073,BI Developer,Amazon,Mumbai,Maharashtra,India,Remote,Mid,3,16,6,"Python,Pandas",Education,347169,377,Master,Full-time,2026-02-19,94,Closed
2074,Data Analyst,TCS,Chennai,Maharashtra,India,Hybrid,Mid,6,7,8,"Excel,SQL",Finance,1444439,486,Bachelor,Contract,2026-05-08,55,Open
2075,BI Developer,Accenture,Pune,Delhi,India,Hybrid,Entry,1,17,17,"Excel,SQL",Healthcare,1226233,35,Bachelor,Full-time,2026-04-02,69,Open
2076,Software Engineer,TCS,Mumbai,Maharashtra,India,Hybrid,Entry,5,12,16,"Azure,Python",Finance,580161,20,Master,Full-time,2026-05-13,88,Closed
2077,Software Engineer,Google,Pune,Karnataka,India,Hybrid,Senior,8,19,19,"Azure,Python",Education,353541,315,Master,Full-time,2026-04-04,97,Open
2078,Business Analyst,Wipro,Bengaluru,Maharashtra,India,Remote,Associate,4,25,18,"Azure,Python",Education,1795221,458,Bachelor,Full-time,2026-06-13,72,Open
2079,Data Analyst,Google,Bengaluru,Tamil Nadu,India,Hybrid,Senior,6,11,17,"Excel,SQL",IT Services,1785259,375,Master,Contract,2026-05-11,89,Open
2080,Data Scientist,Microsoft,Bengaluru,Telangana,India,Hybrid,Associate,7,4,11,"Power BI,SQL",Finance,1246235,443,Bachelor,Full-time,2026-01-01,65,Open
2081,ML Engineer,TCS,Hyderabad,Telangana,India,Hybrid,Associate,6,17,12,"Tableau,SQL",Healthcare,1425418,246,Bachelor,Contract,2026-04-13,94,Open
2082,Data Analyst,Zoho,Pune,Karnataka,India,Hybrid,Entry,0,9,19,"Excel,SQL",Finance,731393,7,Master,Internship,2026-06-08,73,Closed
2083,Data Analyst,Google,Chennai,Maharashtra,India,Remote,Associate,7,13,9,"Azure,Python",Education,985760,279,Bachelor,Contract,2026-06-02,90,Open
2084,Data Analyst,Capgemini,Hyderabad,Telangana,India,Hybrid,Associate,8,13,17,"Tableau,SQL",Finance,579537,80,Master,Internship,2026-02-08,53,Open
2085,Software Engineer,Infosys,Pune,Telangana,India,Hybrid,Mid,1,26,6,"Python,Pandas",Education,1553764,441,Bachelor,Contract,2026-05-17,54,Closed
2086,Data Scientist,Google,Pune,Telangana,India,Onsite,Mid,0,28,16,"Python,Pandas",IT Services,1459901,304,Bachelor,Internship,2026-01-12,67,Closed
2087,Business Analyst,Google,Hyderabad,Telangana,India,Hybrid,Mid,2,17,17,"Python,SQL",IT Services,1358184,459,Bachelor,Full-time,2026-06-13,58,Closed
2088,Software Engineer,Wipro,Pune,Tamil Nadu,India,Hybrid,Entry,2,27,4,"Azure,Python",Finance,1284256,328,Master,Internship,2026-01-11,94,Closed
2089,Software Engineer,Google,Mumbai,Maharashtra,India,Hybrid,Entry,1,29,15,"Azure,Python",Finance,313610,476,Master,Internship,2026-06-25,70,Closed
2090,Software Engineer,Infosys,Pune,Maharashtra,India,Remote,Entry,0,23,12,"Excel,SQL",Retail,1745189,267,Master,Internship,2026-05-29,95,Open
2091,Software Engineer,TCS,Hyderabad,Telangana,India,Onsite,Entry,8,26,7,"Excel,SQL",Finance,790287,181,Master,Internship,2026-03-18,86,Open
2092,Data Analyst,TCS,Mumbai,Tamil Nadu,India,Hybrid,Entry,4,13,5,"Excel,SQL",Retail,667592,402,Master,Full-time,2026-03-17,74,Closed
2093,Business Analyst,Zoho,Hyderabad,Karnataka,India,Onsite,Entry,2,9,8,"Excel,SQL",Education,511356,256,Bachelor,Full-time,2026-01-13,71,Open
2094,Business Analyst,Amazon,Delhi,Tamil Nadu,India,Hybrid,Associate,3,27,6,"Python,SQL",Healthcare,1199978,239,Master,Internship,2026-01-21,79,Open
2095,Data Analyst,TechNova,Pune,Telangana,India,Remote,Entry,1,8,12,"Excel,SQL",Retail,1743587,468,Bachelor,Internship,2026-06-26,75,Open
2096,BI Developer,Zoho,Pune,Telangana,India,Hybrid,Mid,8,21,18,"Azure,Python",Retail,1160127,231,Master,Internship,2026-06-23,73,Closed
2097,BI Developer,Capgemini,Hyderabad,Telangana,India,Remote,Mid,3,28,13,"Python,Pandas",IT Services,1053364,468,Master,Internship,2026-01-07,98,Closed
2098,ML Engineer,Amazon,Mumbai,Delhi,India,Remote,Associate,1,25,17,"Power BI,SQL",Finance,1230610,449,Bachelor,Internship,2026-04-05,74,Open
2099,Software Engineer,Microsoft,Pune,Delhi,India,Remote,Senior,1,12,17,"Python,SQL",Retail,411659,281,Master,Internship,2026-04-15,88,Open
2100,ML Engineer,Wipro,Mumbai,Karnataka,India,Hybrid,Associate,7,9,20,"Python,SQL",IT Services,648265,378,Master,Internship,2026-02-14,59,Open
2101,Business Analyst,Capgemini,Chennai,Tamil Nadu,India,Hybrid,Entry,3,8,16,"Azure,Python",IT Services,448023,333,Bachelor,Full-time,2026-02-25,54,Closed
2102,Data Scientist,TCS,Chennai,Tamil Nadu,India,Remote,Mid,5,14,10,"Power BI,SQL",IT Services,951098,5,Bachelor,Contract,2026-06-07,87,Open
2103,Business Analyst,TechNova,Pune,Telangana,India,Remote,Senior,2,6,11,"Python,SQL",Retail,1606293,263,Bachelor,Contract,2026-05-29,63,Closed
2104,Data Analyst,TCS,Hyderabad,Tamil Nadu,India,Remote,Entry,6,5,18,"Power BI,SQL",Healthcare,866795,31,Bachelor,Full-time,2026-06-03,91,Closed
2105,Data Analyst,Infosys,Delhi,Delhi,India,Onsite,Associate,8,8,5,"Excel,SQL",Healthcare,393933,302,Master,Internship,2026-02-25,98,Closed
2106,BI Developer,TCS,Bengaluru,Tamil Nadu,India,Hybrid,Associate,6,3,19,"Azure,Python",IT Services,497021,421,Master,Contract,2026-06-24,55,Closed
2107,Data Analyst,Infosys,Hyderabad,Telangana,India,Onsite,Associate,1,28,7,"Python,Pandas",Finance,1309363,148,Master,Full-time,2026-06-14,78,Closed
2108,BI Developer,TechNova,Mumbai,Delhi,India,Remote,Mid,5,25,15,"Excel,SQL",Healthcare,1063026,166,Master,Full-time,2026-01-09,89,Open
2109,Data Scientist,Zoho,Mumbai,Delhi,India,Remote,Senior,5,21,10,"Python,SQL",Healthcare,1704365,293,Bachelor,Internship,2026-02-04,67,Open
2110,Data Analyst,Google,Pune,Tamil Nadu,India,Remote,Entry,5,18,6,"Python,SQL",Education,1065557,394,Master,Contract,2026-01-14,92,Closed
2111,Business Analyst,Amazon,Delhi,Tamil Nadu,India,Remote,Senior,0,22,7,"Python,SQL",Retail,502864,15,Bachelor,Internship,2026-03-29,98,Open
2112,Data Analyst,Google,Hyderabad,Karnataka,India,Remote,Senior,1,10,20,"Azure,Python",Education,387916,438,Master,Internship,2026-06-04,89,Open
2113,BI Developer,Accenture,Bengaluru,Maharashtra,India,Remote,Mid,8,8,11,"Excel,SQL",Education,697521,202,Master,Internship,2026-01-12,97,Closed
2114,ML Engineer,TCS,Bengaluru,Maharashtra,India,Hybrid,Senior,3,12,14,"Excel,SQL",Retail,1657337,236,Bachelor,Full-time,2026-05-04,85,Open
2115,Software Engineer,Microsoft,Pune,Delhi,India,Remote,Entry,3,24,19,"Python,SQL",IT Services,1393355,164,Bachelor,Full-time,2026-02-11,50,Open
2116,Data Analyst,Accenture,Mumbai,Tamil Nadu,India,Hybrid,Mid,3,24,19,"Power BI,SQL",Retail,1008265,262,Bachelor,Full-time,2026-06-15,94,Closed
2117,ML Engineer,Zoho,Hyderabad,Karnataka,India,Onsite,Associate,8,27,13,"Power BI,SQL",Education,1540290,237,Bachelor,Full-time,2026-05-28,62,Open
2118,Software Engineer,Wipro,Bengaluru,Karnataka,India,Remote,Mid,8,12,15,"Power BI,SQL",Finance,1161467,373,Bachelor,Full-time,2026-03-08,95,Open
2119,BI Developer,Microsoft,Mumbai,Karnataka,India,Onsite,Senior,5,18,19,"Tableau,SQL",Finance,1626592,416,Master,Internship,2026-06-11,63,Open
2120,Software Engineer,Capgemini,Delhi,Telangana,India,Hybrid,Entry,2,22,17,"Python,SQL",Retail,999742,180,Bachelor,Contract,2026-05-25,91,Open
2121,BI Developer,Microsoft,Pune,Maharashtra,India,Hybrid,Senior,4,8,10,"Python,SQL",Retail,1067189,351,Master,Internship,2026-02-13,69,Closed
2122,Business Analyst,TCS,Mumbai,Maharashtra,India,Hybrid,Associate,7,11,4,"Azure,Python",Finance,366054,147,Master,Internship,2026-02-11,98,Open
2123,ML Engineer,Google,Chennai,Telangana,India,Onsite,Entry,6,8,5,"Power BI,SQL",Healthcare,474275,382,Master,Internship,2026-01-04,61,Open
2124,BI Developer,Accenture,Mumbai,Tamil Nadu,India,Remote,Associate,2,19,15,"Python,SQL",Finance,932231,4,Master,Internship,2026-03-05,54,Closed
2125,ML Engineer,Amazon,Delhi,Maharashtra,India,Remote,Associate,3,18,12,"Python,Pandas",Finance,635864,341,Bachelor,Contract,2026-06-30,75,Open
2126,Business Analyst,Google,Mumbai,Delhi,India,Remote,Senior,7,25,14,"Power BI,SQL",Education,1776860,245,Bachelor,Contract,2026-01-10,85,Closed
2127,Data Scientist,Capgemini,Mumbai,Tamil Nadu,India,Onsite,Mid,6,29,5,"Tableau,SQL",Finance,1151370,433,Master,Contract,2026-06-06,58,Closed
2128,ML Engineer,Infosys,Chennai,Telangana,India,Remote,Mid,8,20,13,"Excel,SQL",Finance,1166831,344,Master,Full-time,2026-04-14,64,Open
2129,Data Scientist,Capgemini,Mumbai,Maharashtra,India,Hybrid,Entry,6,4,6,"Tableau,SQL",Education,1675386,493,Master,Contract,2026-06-03,53,Open
2130,BI Developer,Google,Hyderabad,Tamil Nadu,India,Onsite,Entry,7,29,16,"Tableau,SQL",Retail,1656401,195,Master,Internship,2026-06-02,92,Closed
2131,Data Analyst,TechNova,Delhi,Karnataka,India,Remote,Associate,5,12,12,"Azure,Python",Healthcare,620959,451,Master,Contract,2026-04-08,80,Closed
2132,BI Developer,Infosys,Hyderabad,Delhi,India,Hybrid,Associate,1,12,12,"Tableau,SQL",Education,323402,132,Bachelor,Full-time,2026-01-14,55,Open
2133,Business Analyst,Wipro,Mumbai,Tamil Nadu,India,Hybrid,Mid,1,12,10,"Excel,SQL",Finance,1467844,435,Bachelor,Contract,2026-04-20,72,Open
2134,Data Scientist,Infosys,Bengaluru,Telangana,India,Remote,Associate,0,17,17,"Azure,Python",Education,1119712,416,Bachelor,Internship,2026-04-06,51,Open
2135,BI Developer,Infosys,Pune,Telangana,India,Remote,Associate,7,7,20,"Python,SQL",Finance,1270189,145,Bachelor,Contract,2026-03-31,66,Open
2136,BI Developer,Google,Bengaluru,Maharashtra,India,Remote,Mid,1,23,20,"Tableau,SQL",Healthcare,1676941,26,Master,Internship,2026-01-07,84,Closed
2137,Business Analyst,Wipro,Bengaluru,Tamil Nadu,India,Hybrid,Mid,4,5,10,"Python,SQL",Finance,400941,214,Master,Internship,2026-04-19,98,Open
2138,BI Developer,Microsoft,Pune,Karnataka,India,Remote,Mid,2,26,17,"Python,SQL",IT Services,516469,77,Master,Contract,2026-03-02,52,Open
2139,Software Engineer,Infosys,Delhi,Maharashtra,India,Onsite,Senior,5,11,8,"Tableau,SQL",Education,1070140,374,Master,Internship,2026-01-14,87,Closed
2140,Business Analyst,TechNova,Bengaluru,Karnataka,India,Remote,Senior,6,28,16,"Excel,SQL",Finance,439020,39,Master,Contract,2026-05-08,70,Open
2141,Software Engineer,Zoho,Pune,Telangana,India,Remote,Mid,3,12,16,"Power BI,SQL",Education,1417865,51,Bachelor,Full-time,2026-03-17,86,Closed
2142,Software Engineer,Zoho,Mumbai,Delhi,India,Hybrid,Mid,2,28,4,"Python,Pandas",Retail,887351,63,Master,Internship,2026-03-19,79,Open
2143,BI Developer,Accenture,Bengaluru,Tamil Nadu,India,Remote,Entry,4,17,5,"Excel,SQL",Retail,1621896,294,Master,Full-time,2026-02-19,77,Open
2144,Data Scientist,Microsoft,Bengaluru,Delhi,India,Remote,Associate,7,19,4,"Tableau,SQL",Healthcare,1116993,400,Bachelor,Contract,2026-05-28,64,Closed
2145,Data Analyst,Accenture,Hyderabad,Maharashtra,India,Remote,Associate,3,16,11,"Python,Pandas",Finance,444335,232,Master,Contract,2026-01-20,72,Closed
2146,ML Engineer,Google,Mumbai,Tamil Nadu,India,Remote,Senior,2,6,19,"Power BI,SQL",IT Services,1576626,173,Master,Internship,2026-04-01,80,Open
2147,Business Analyst,Amazon,Chennai,Maharashtra,India,Hybrid,Senior,3,8,14,"Tableau,SQL",Healthcare,1620110,312,Master,Contract,2026-06-07,55,Open
2148,Data Scientist,Wipro,Mumbai,Delhi,India,Remote,Entry,3,15,14,"Azure,Python",Finance,929079,29,Bachelor,Internship,2026-01-06,94,Open
2149,Business Analyst,Zoho,Hyderabad,Telangana,India,Onsite,Associate,0,17,17,"Python,SQL",Healthcare,1767944,363,Bachelor,Contract,2026-03-14,97,Open
2150,BI Developer,Microsoft,Mumbai,Karnataka,India,Remote,Associate,3,19,18,"Tableau,SQL",Healthcare,1136302,348,Master,Internship,2026-03-25,66,Open
2151,BI Developer,Capgemini,Mumbai,Maharashtra,India,Onsite,Mid,6,21,9,"Python,Pandas",Healthcare,1047441,275,Bachelor,Internship,2026-02-25,66,Open
2152,BI Developer,Infosys,Delhi,Karnataka,India,Onsite,Mid,5,24,20,"Power BI,SQL",Healthcare,1533235,313,Bachelor,Full-time,2026-01-10,50,Closed
2153,Business Analyst,Accenture,Bengaluru,Maharashtra,India,Remote,Mid,6,9,16,"Azure,Python",Finance,681280,405,Bachelor,Internship,2026-03-01,74,Open
2154,ML Engineer,Amazon,Mumbai,Delhi,India,Remote,Entry,4,7,18,"Python,SQL",Retail,1416453,243,Master,Contract,2026-04-06,64,Closed
2155,BI Developer,Zoho,Pune,Telangana,India,Hybrid,Senior,5,13,16,"Power BI,SQL",Education,999146,338,Bachelor,Full-time,2026-04-22,76,Closed
2156,Business Analyst,Zoho,Hyderabad,Tamil Nadu,India,Hybrid,Associate,0,3,7,"Azure,Python",Healthcare,1250574,180,Master,Full-time,2026-04-08,65,Closed
2157,Software Engineer,TCS,Delhi,Delhi,India,Onsite,Senior,8,10,20,"Tableau,SQL",Healthcare,854583,140,Bachelor,Full-time,2026-03-14,63,Closed
2158,Business Analyst,Accenture,Chennai,Delhi,India,Onsite,Senior,4,30,13,"Python,SQL",Education,676086,135,Bachelor,Internship,2026-06-27,57,Open
2159,BI Developer,Amazon,Hyderabad,Tamil Nadu,India,Remote,Mid,3,3,4,"Azure,Python",Healthcare,1151710,371,Master,Contract,2026-01-10,73,Open
2160,Data Scientist,TCS,Bengaluru,Tamil Nadu,India,Hybrid,Entry,7,4,9,"Azure,Python",Healthcare,1162934,331,Master,Full-time,2026-01-25,84,Open
2161,BI Developer,Capgemini,Pune,Telangana,India,Hybrid,Mid,7,26,7,"Excel,SQL",Healthcare,631400,305,Master,Full-time,2026-03-01,61,Closed
2162,Business Analyst,Wipro,Hyderabad,Karnataka,India,Hybrid,Associate,6,3,7,"Excel,SQL",IT Services,882060,189,Master,Full-time,2026-01-20,89,Open
2163,Data Scientist,Infosys,Bengaluru,Maharashtra,India,Hybrid,Mid,1,11,15,"Power BI,SQL",Healthcare,961394,211,Master,Contract,2026-03-03,65,Closed
2164,Software Engineer,Zoho,Hyderabad,Delhi,India,Hybrid,Mid,1,22,16,"Excel,SQL",Healthcare,305132,122,Master,Full-time,2026-06-26,76,Closed
2165,BI Developer,Zoho,Pune,Telangana,India,Remote,Senior,3,17,8,"Python,SQL",Healthcare,1253208,11,Bachelor,Full-time,2026-04-30,61,Closed
2166,Software Engineer,Amazon,Pune,Karnataka,India,Remote,Associate,1,4,15,"Python,Pandas",Education,789174,390,Master,Contract,2026-01-03,84,Open
2167,BI Developer,Wipro,Delhi,Tamil Nadu,India,Onsite,Senior,2,28,7,"Excel,SQL",Education,1342532,93,Bachelor,Internship,2026-01-10,96,Closed
2168,Software Engineer,Microsoft,Pune,Karnataka,India,Onsite,Mid,2,26,20,"Python,SQL",Education,1245080,146,Bachelor,Contract,2026-01-04,84,Open
2169,Software Engineer,Wipro,Bengaluru,Tamil Nadu,India,Hybrid,Entry,1,24,15,"Excel,SQL",Education,753968,177,Master,Contract,2026-03-21,85,Open
2170,Business Analyst,Accenture,Hyderabad,Telangana,India,Remote,Mid,1,22,6,"Power BI,SQL",Healthcare,1271019,396,Master,Contract,2026-01-03,53,Closed
2171,Business Analyst,Zoho,Chennai,Maharashtra,India,Onsite,Associate,2,16,5,"Python,Pandas",Education,625221,168,Bachelor,Full-time,2026-06-24,85,Closed
2172,Data Scientist,TechNova,Hyderabad,Karnataka,India,Onsite,Entry,7,6,11,"Power BI,SQL",Finance,767505,44,Bachelor,Full-time,2026-04-14,56,Open
2173,BI Developer,TechNova,Chennai,Maharashtra,India,Hybrid,Entry,3,4,15,"Azure,Python",IT Services,742427,491,Bachelor,Internship,2026-04-11,53,Open
2174,Data Scientist,Zoho,Hyderabad,Karnataka,India,Remote,Senior,3,11,20,"Python,Pandas",Education,386793,323,Bachelor,Internship,2026-06-08,66,Open
2175,Business Analyst,TCS,Chennai,Karnataka,India,Hybrid,Mid,3,29,14,"Python,Pandas",Healthcare,1099808,309,Master,Full-time,2026-04-30,62,Open
2176,Data Scientist,Accenture,Bengaluru,Telangana,India,Remote,Senior,7,26,18,"Tableau,SQL",Healthcare,704910,165,Bachelor,Full-time,2026-05-24,77,Closed
2177,Software Engineer,TechNova,Chennai,Maharashtra,India,Remote,Senior,4,20,19,"Python,SQL",Healthcare,1791680,37,Bachelor,Full-time,2026-06-27,77,Open
2178,Data Analyst,Zoho,Bengaluru,Tamil Nadu,India,Hybrid,Associate,2,4,15,"Azure,Python",Finance,1545521,61,Bachelor,Full-time,2026-06-05,57,Open
2179,Data Analyst,Amazon,Bengaluru,Maharashtra,India,Onsite,Associate,6,11,13,"Tableau,SQL",Education,1206448,124,Bachelor,Full-time,2026-06-21,66,Closed
2180,Data Analyst,Amazon,Mumbai,Karnataka,India,Remote,Mid,4,7,17,"Tableau,SQL",Healthcare,1199180,354,Master,Full-time,2026-05-21,94,Closed
2181,Data Scientist,Capgemini,Bengaluru,Telangana,India,Onsite,Entry,0,20,19,"Python,Pandas",Finance,940050,384,Master,Contract,2026-01-25,51,Closed
2182,Data Analyst,Google,Pune,Delhi,India,Onsite,Entry,0,8,14,"Excel,SQL",Education,1199562,13,Bachelor,Contract,2026-01-18,50,Closed
2183,Data Scientist,Wipro,Chennai,Karnataka,India,Hybrid,Senior,4,30,11,"Excel,SQL",Finance,973908,246,Master,Internship,2026-01-12,75,Open
2184,Business Analyst,Capgemini,Mumbai,Tamil Nadu,India,Hybrid,Entry,0,19,8,"Excel,SQL",IT Services,654113,23,Master,Full-time,2026-04-30,54,Open
2185,BI Developer,TCS,Hyderabad,Tamil Nadu,India,Hybrid,Entry,7,21,12,"Power BI,SQL",Healthcare,864760,21,Master,Internship,2026-06-24,58,Closed
2186,ML Engineer,Capgemini,Hyderabad,Maharashtra,India,Remote,Associate,4,4,13,"Azure,Python",Retail,1310604,68,Bachelor,Full-time,2026-05-15,82,Open
2187,BI Developer,Google,Chennai,Tamil Nadu,India,Onsite,Senior,8,3,19,"Azure,Python",Finance,445143,219,Master,Contract,2026-05-19,80,Closed
2188,Software Engineer,TCS,Hyderabad,Karnataka,India,Onsite,Senior,6,18,20,"Power BI,SQL",Healthcare,421005,224,Bachelor,Contract,2026-05-11,78,Closed
2189,Software Engineer,Amazon,Mumbai,Maharashtra,India,Onsite,Associate,5,26,18,"Python,Pandas",Education,663354,201,Master,Internship,2026-04-01,80,Closed
2190,ML Engineer,Accenture,Chennai,Karnataka,India,Hybrid,Entry,7,17,12,"Azure,Python",Healthcare,1707656,174,Bachelor,Contract,2026-05-11,51,Open
2191,Data Scientist,Zoho,Pune,Tamil Nadu,India,Onsite,Associate,1,4,19,"Python,SQL",Healthcare,954568,174,Master,Internship,2026-06-09,86,Closed
2192,Software Engineer,TCS,Delhi,Maharashtra,India,Onsite,Entry,8,27,10,"Excel,SQL",Education,1765707,257,Master,Full-time,2026-04-21,74,Open
2193,Software Engineer,TCS,Mumbai,Telangana,India,Remote,Entry,6,17,9,"Python,SQL",IT Services,1251087,59,Master,Internship,2026-06-17,80,Open
2194,Business Analyst,Accenture,Mumbai,Maharashtra,India,Onsite,Mid,6,7,10,"Excel,SQL",IT Services,1432490,269,Master,Internship,2026-04-03,64,Closed
2195,Business Analyst,Infosys,Hyderabad,Tamil Nadu,India,Onsite,Senior,3,9,8,"Excel,SQL",Finance,1417316,356,Master,Contract,2026-02-18,63,Closed
2196,Business Analyst,Accenture,Mumbai,Telangana,India,Onsite,Mid,7,13,12,"Python,SQL",Finance,1086991,299,Bachelor,Internship,2026-02-08,98,Open
2197,Data Scientist,Accenture,Mumbai,Maharashtra,India,Onsite,Associate,5,6,15,"Python,Pandas",Healthcare,959272,249,Master,Full-time,2026-01-13,77,Closed
2198,Data Analyst,Zoho,Hyderabad,Maharashtra,India,Onsite,Associate,3,9,10,"Tableau,SQL",Education,1414555,149,Bachelor,Full-time,2026-04-05,80,Closed
2199,Data Scientist,Amazon,Hyderabad,Maharashtra,India,Onsite,Entry,1,20,20,"Python,Pandas",Retail,564565,380,Bachelor,Full-time,2026-04-04,80,Open
2200,Data Analyst,Microsoft,Delhi,Tamil Nadu,India,Remote,Mid,1,24,15,"Azure,Python",Finance,1073263,428,Master,Contract,2026-02-19,84,Open
2201,Software Engineer,Microsoft,Chennai,Telangana,India,Remote,Associate,0,3,17,"Excel,SQL",Education,344085,235,Bachelor,Contract,2026-04-03,55,Closed
2202,ML Engineer,Capgemini,Chennai,Tamil Nadu,India,Remote,Senior,4,10,9,"Python,SQL",Retail,988341,128,Bachelor,Contract,2026-04-20,73,Open
2203,ML Engineer,TCS,Pune,Karnataka,India,Hybrid,Associate,4,15,16,"Python,Pandas",Healthcare,1057153,108,Bachelor,Contract,2026-01-04,70,Open
2204,Business Analyst,Infosys,Delhi,Telangana,India,Hybrid,Senior,4,30,9,"Power BI,SQL",Education,1123275,342,Bachelor,Full-time,2026-04-09,68,Open
2205,Business Analyst,Microsoft,Chennai,Tamil Nadu,India,Onsite,Mid,3,10,10,"Python,SQL",Healthcare,922760,303,Master,Full-time,2026-05-21,69,Open
2206,BI Developer,Wipro,Chennai,Telangana,India,Hybrid,Associate,8,11,12,"Azure,Python",Education,485497,118,Bachelor,Contract,2026-06-27,58,Open
2207,Data Scientist,Amazon,Mumbai,Delhi,India,Remote,Entry,1,29,17,"Power BI,SQL",IT Services,1210418,237,Bachelor,Internship,2026-04-28,71,Closed
2208,Software Engineer,Infosys,Chennai,Telangana,India,Hybrid,Mid,6,8,13,"Excel,SQL",Healthcare,1137097,206,Bachelor,Internship,2026-01-03,69,Closed
2209,Business Analyst,Amazon,Mumbai,Delhi,India,Remote,Associate,3,26,18,"Tableau,SQL",Education,832199,471,Bachelor,Internship,2026-01-16,83,Open
2210,Data Scientist,Microsoft,Hyderabad,Maharashtra,India,Onsite,Senior,4,4,18,"Python,Pandas",Finance,1453415,167,Master,Internship,2026-03-13,68,Closed
2211,Business Analyst,Microsoft,Delhi,Telangana,India,Onsite,Entry,1,3,16,"Python,SQL",Retail,895075,131,Master,Full-time,2026-01-25,59,Open
2212,BI Developer,Accenture,Pune,Telangana,India,Hybrid,Mid,7,3,14,"Power BI,SQL",Retail,711761,338,Bachelor,Contract,2026-01-16,95,Closed
2213,ML Engineer,Infosys,Hyderabad,Tamil Nadu,India,Remote,Entry,7,15,10,"Python,SQL",Retail,1427004,296,Bachelor,Contract,2026-02-26,72,Open
2214,BI Developer,Microsoft,Mumbai,Maharashtra,India,Hybrid,Mid,7,14,4,"Power BI,SQL",Education,1169265,76,Bachelor,Internship,2026-02-17,87,Closed
2215,ML Engineer,Accenture,Bengaluru,Telangana,India,Onsite,Entry,1,7,18,"Power BI,SQL",Finance,900117,183,Master,Internship,2026-06-29,95,Open
2216,Business Analyst,Zoho,Chennai,Tamil Nadu,India,Remote,Senior,3,12,15,"Azure,Python",Retail,1063312,435,Master,Contract,2026-05-31,66,Closed
2217,Software Engineer,Zoho,Delhi,Karnataka,India,Remote,Mid,7,14,8,"Python,Pandas",Education,1237256,316,Master,Full-time,2026-01-09,57,Closed
2218,Business Analyst,Accenture,Delhi,Maharashtra,India,Hybrid,Mid,7,8,13,"Excel,SQL",Healthcare,1453650,431,Master,Full-time,2026-04-21,50,Open
2219,ML Engineer,Capgemini,Hyderabad,Tamil Nadu,India,Hybrid,Mid,3,29,11,"Python,Pandas",IT Services,882319,441,Bachelor,Internship,2026-05-29,81,Closed
2220,ML Engineer,Capgemini,Bengaluru,Tamil Nadu,India,Onsite,Mid,0,24,12,"Power BI,SQL",Finance,1162132,402,Master,Internship,2026-01-22,83,Closed
2221,Data Scientist,Zoho,Chennai,Maharashtra,India,Hybrid,Associate,2,5,7,"Excel,SQL",Finance,881603,377,Bachelor,Contract,2026-05-27,81,Closed
2222,Data Scientist,TCS,Bengaluru,Karnataka,India,Hybrid,Mid,0,11,18,"Python,Pandas",Healthcare,354386,486,Master,Internship,2026-05-12,65,Open
2223,ML Engineer,Zoho,Chennai,Maharashtra,India,Remote,Senior,1,29,13,"Tableau,SQL",Education,636377,453,Master,Full-time,2026-05-27,98,Closed
2224,Data Scientist,Google,Pune,Delhi,India,Hybrid,Senior,7,18,18,"Python,SQL",Education,424507,62,Bachelor,Contract,2026-02-08,61,Closed
2225,BI Developer,Infosys,Delhi,Delhi,India,Remote,Mid,2,30,10,"Power BI,SQL",IT Services,579802,132,Master,Contract,2026-05-25,80,Open
2226,Business Analyst,Capgemini,Delhi,Karnataka,India,Onsite,Entry,3,20,7,"Azure,Python",Healthcare,1147410,107,Bachelor,Contract,2026-06-17,92,Open
2227,BI Developer,Microsoft,Pune,Telangana,India,Hybrid,Associate,5,8,14,"Tableau,SQL",Retail,728189,108,Bachelor,Full-time,2026-06-19,86,Open
2228,BI Developer,Amazon,Chennai,Delhi,India,Hybrid,Associate,1,4,9,"Tableau,SQL",Finance,309092,380,Master,Contract,2026-06-09,52,Open
2229,Data Scientist,Amazon,Mumbai,Delhi,India,Hybrid,Entry,1,27,9,"Tableau,SQL",IT Services,791958,280,Master,Full-time,2026-02-26,91,Closed
2230,Software Engineer,Amazon,Pune,Maharashtra,India,Onsite,Senior,5,19,11,"Excel,SQL",Education,828449,25,Bachelor,Contract,2026-01-21,65,Open
2231,BI Developer,Infosys,Bengaluru,Telangana,India,Hybrid,Entry,7,21,14,"Excel,SQL",Finance,525805,109,Master,Full-time,2026-03-05,58,Closed
2232,Business Analyst,Microsoft,Hyderabad,Maharashtra,India,Remote,Senior,4,4,16,"Power BI,SQL",Education,1649375,109,Master,Contract,2026-04-20,97,Closed
2233,Data Scientist,Capgemini,Mumbai,Maharashtra,India,Hybrid,Associate,1,6,6,"Azure,Python",IT Services,332190,49,Bachelor,Internship,2026-03-30,56,Open
2234,ML Engineer,TCS,Delhi,Karnataka,India,Onsite,Senior,1,25,16,"Power BI,SQL",Healthcare,1656118,34,Master,Contract,2026-05-25,98,Open
2235,ML Engineer,Amazon,Bengaluru,Tamil Nadu,India,Remote,Associate,1,23,20,"Python,SQL",Healthcare,1530967,485,Bachelor,Full-time,2026-05-13,85,Open
2236,Software Engineer,Infosys,Chennai,Tamil Nadu,India,Remote,Entry,6,5,7,"Python,Pandas",Retail,1065648,326,Master,Full-time,2026-06-30,81,Closed
2237,Software Engineer,Google,Pune,Telangana,India,Hybrid,Associate,6,11,8,"Python,SQL",Finance,511172,450,Master,Contract,2026-05-02,84,Open
2238,Data Scientist,Google,Bengaluru,Tamil Nadu,India,Remote,Senior,3,10,8,"Tableau,SQL",Finance,1650506,468,Bachelor,Full-time,2026-03-13,84,Open
2239,BI Developer,Infosys,Bengaluru,Delhi,India,Remote,Associate,6,11,11,"Python,Pandas",Retail,720477,410,Bachelor,Contract,2026-03-31,73,Closed
2240,Software Engineer,TCS,Bengaluru,Delhi,India,Remote,Associate,0,20,17,"Python,SQL",Retail,319490,18,Master,Internship,2026-01-22,76,Open
2241,Business Analyst,Google,Mumbai,Tamil Nadu,India,Onsite,Senior,8,28,13,"Python,Pandas",IT Services,1264667,486,Master,Contract,2026-04-24,63,Open
2242,ML Engineer,Google,Bengaluru,Tamil Nadu,India,Remote,Senior,0,4,15,"Python,Pandas",Retail,676375,404,Bachelor,Internship,2026-04-13,79,Open
2243,ML Engineer,Infosys,Chennai,Delhi,India,Onsite,Senior,4,15,5,"Python,Pandas",Finance,1222286,331,Bachelor,Contract,2026-01-31,57,Open
2244,Software Engineer,TCS,Chennai,Maharashtra,India,Hybrid,Associate,7,19,4,"Tableau,SQL",IT Services,488562,216,Bachelor,Internship,2026-02-23,82,Open
2245,ML Engineer,Accenture,Mumbai,Maharashtra,India,Hybrid,Associate,2,12,20,"Azure,Python",IT Services,1041941,397,Master,Contract,2026-05-30,85,Closed
2246,Data Analyst,Microsoft,Pune,Tamil Nadu,India,Remote,Senior,3,4,7,"Azure,Python",Education,1126518,289,Bachelor,Internship,2026-05-26,69,Open
2247,Data Analyst,Google,Mumbai,Tamil Nadu,India,Remote,Senior,4,24,9,"Python,SQL",IT Services,769134,133,Bachelor,Contract,2026-01-17,95,Closed
2248,Business Analyst,Accenture,Delhi,Maharashtra,India,Hybrid,Associate,1,12,5,"Azure,Python",Retail,448254,194,Bachelor,Full-time,2026-04-01,61,Closed
2249,BI Developer,Microsoft,Chennai,Tamil Nadu,India,Onsite,Mid,5,19,16,"Power BI,SQL",Finance,933061,451,Bachelor,Full-time,2026-05-14,67,Open
2250,Business Analyst,Google,Mumbai,Tamil Nadu,India,Hybrid,Entry,7,18,10,"Power BI,SQL",IT Services,513042,31,Bachelor,Contract,2026-06-24,55,Closed
2251,ML Engineer,Zoho,Bengaluru,Karnataka,India,Hybrid,Entry,6,10,16,"Python,SQL",Healthcare,1010129,391,Master,Full-time,2026-06-09,51,Closed
2252,Data Scientist,Microsoft,Mumbai,Delhi,India,Remote,Associate,1,16,15,"Python,SQL",Education,1745718,205,Bachelor,Contract,2026-02-07,74,Closed
2253,Business Analyst,Wipro,Mumbai,Tamil Nadu,India,Onsite,Mid,0,24,10,"Power BI,SQL",Education,675576,4,Bachelor,Contract,2026-05-22,96,Open
2254,BI Developer,Accenture,Mumbai,Delhi,India,Hybrid,Entry,7,17,18,"Python,Pandas",Finance,632016,304,Bachelor,Internship,2026-01-08,68,Closed
2255,ML Engineer,Capgemini,Chennai,Karnataka,India,Remote,Entry,3,29,5,"Azure,Python",Healthcare,769157,292,Bachelor,Full-time,2026-04-04,57,Open
2256,Business Analyst,TechNova,Mumbai,Karnataka,India,Remote,Senior,1,9,19,"Azure,Python",IT Services,673612,378,Bachelor,Contract,2026-02-15,57,Open
2257,BI Developer,TCS,Hyderabad,Delhi,India,Onsite,Senior,0,28,15,"Azure,Python",Education,1779214,235,Master,Contract,2026-06-21,53,Closed
2258,Software Engineer,Capgemini,Hyderabad,Tamil Nadu,India,Onsite,Senior,4,29,13,"Python,SQL",IT Services,1673390,370,Bachelor,Contract,2026-05-14,67,Open
2259,BI Developer,Capgemini,Hyderabad,Telangana,India,Remote,Entry,3,5,16,"Azure,Python",Finance,1130521,479,Bachelor,Full-time,2026-04-28,71,Closed
2260,ML Engineer,TCS,Delhi,Telangana,India,Hybrid,Mid,0,14,17,"Azure,Python",Healthcare,1348174,372,Bachelor,Contract,2026-05-11,66,Open
2261,Data Scientist,Zoho,Bengaluru,Telangana,India,Hybrid,Senior,4,29,6,"Azure,Python",Retail,1799335,434,Master,Contract,2026-04-03,98,Closed
2262,Business Analyst,TCS,Chennai,Delhi,India,Hybrid,Associate,0,27,17,"Azure,Python",Retail,364807,475,Master,Full-time,2026-01-21,70,Closed
2263,Data Scientist,TechNova,Delhi,Karnataka,India,Hybrid,Entry,4,28,5,"Excel,SQL",Healthcare,515305,421,Master,Internship,2026-06-12,98,Open
2264,Data Analyst,TechNova,Delhi,Telangana,India,Remote,Entry,0,24,20,"Tableau,SQL",Retail,616608,97,Bachelor,Full-time,2026-04-10,72,Closed
2265,Data Analyst,Wipro,Hyderabad,Telangana,India,Onsite,Entry,7,21,11,"Python,SQL",Retail,1033695,261,Master,Contract,2026-06-02,50,Closed
2266,BI Developer,Infosys,Mumbai,Telangana,India,Hybrid,Entry,8,19,4,"Excel,SQL",IT Services,459059,39,Bachelor,Internship,2026-05-23,83,Closed
2267,BI Developer,Google,Delhi,Delhi,India,Hybrid,Senior,4,3,6,"Python,SQL",Healthcare,895634,490,Bachelor,Full-time,2026-03-01,92,Open
2268,BI Developer,Wipro,Bengaluru,Telangana,India,Hybrid,Senior,4,3,16,"Python,Pandas",Finance,360659,490,Master,Internship,2026-04-25,51,Open
2269,ML Engineer,Amazon,Pune,Karnataka,India,Onsite,Associate,5,11,20,"Power BI,SQL",Retail,1545138,372,Bachelor,Contract,2026-05-29,89,Closed
2270,Software Engineer,TechNova,Bengaluru,Telangana,India,Onsite,Entry,4,26,5,"Azure,Python",Education,500763,215,Master,Contract,2026-01-12,88,Open
2271,Business Analyst,TCS,Chennai,Delhi,India,Remote,Associate,3,18,18,"Python,SQL",Retail,528194,473,Master,Internship,2026-01-18,66,Open
2272,ML Engineer,Microsoft,Chennai,Karnataka,India,Hybrid,Entry,5,17,11,"Azure,Python",IT Services,719291,300,Bachelor,Full-time,2026-01-18,57,Open
2273,Data Scientist,TechNova,Chennai,Karnataka,India,Hybrid,Entry,3,14,17,"Power BI,SQL",Healthcare,1476611,3,Bachelor,Contract,2026-06-16,79,Open
2274,BI Developer,Google,Chennai,Telangana,India,Hybrid,Mid,0,7,18,"Python,Pandas",Finance,1664438,418,Master,Contract,2026-02-06,90,Closed
2275,Software Engineer,TCS,Mumbai,Telangana,India,Remote,Mid,7,24,11,"Power BI,SQL",Education,389529,43,Bachelor,Internship,2026-04-20,50,Closed
2276,ML Engineer,TechNova,Hyderabad,Tamil Nadu,India,Onsite,Senior,8,23,12,"Azure,Python",Education,595435,257,Bachelor,Internship,2026-02-12,82,Open
2277,ML Engineer,Capgemini,Pune,Delhi,India,Onsite,Senior,3,20,18,"Power BI,SQL",Education,444909,232,Master,Contract,2026-06-07,72,Closed
2278,Data Scientist,Wipro,Chennai,Telangana,India,Remote,Mid,0,9,17,"Python,Pandas",Healthcare,1071636,412,Bachelor,Internship,2026-05-29,82,Closed
2279,Business Analyst,Accenture,Chennai,Delhi,India,Remote,Senior,2,11,10,"Python,SQL",IT Services,1169680,392,Bachelor,Contract,2026-06-08,89,Open
2280,Data Scientist,TechNova,Hyderabad,Karnataka,India,Hybrid,Entry,4,30,7,"Azure,Python",IT Services,1228224,395,Master,Contract,2026-05-11,87,Open
2281,Business Analyst,TCS,Chennai,Maharashtra,India,Onsite,Entry,6,26,16,"Azure,Python",Healthcare,1354757,261,Master,Contract,2026-04-03,90,Closed
2282,Data Analyst,TechNova,Bengaluru,Karnataka,India,Hybrid,Senior,1,23,5,"Python,Pandas",IT Services,610220,149,Master,Internship,2026-02-18,68,Open
2283,ML Engineer,TCS,Hyderabad,Karnataka,India,Remote,Mid,7,9,13,"Python,Pandas",Education,1493532,410,Master,Contract,2026-04-18,92,Closed
2284,ML Engineer,Infosys,Mumbai,Maharashtra,India,Remote,Entry,3,25,12,"Python,SQL",Retail,303112,400,Bachelor,Internship,2026-04-02,78,Closed
2285,BI Developer,Wipro,Mumbai,Delhi,India,Onsite,Senior,4,15,20,"Python,Pandas",IT Services,977254,110,Bachelor,Contract,2026-01-01,78,Open
2286,Data Scientist,Infosys,Pune,Tamil Nadu,India,Onsite,Associate,2,11,20,"Python,SQL",IT Services,1339446,43,Bachelor,Internship,2026-01-11,81,Closed
2287,Data Analyst,TechNova,Bengaluru,Tamil Nadu,India,Onsite,Associate,6,18,12,"Azure,Python",Retail,522592,491,Master,Internship,2026-06-13,80,Open
2288,Software Engineer,TechNova,Mumbai,Tamil Nadu,India,Onsite,Senior,2,14,6,"Power BI,SQL",Finance,1194060,35,Bachelor,Contract,2026-03-27,65,Open
2289,Data Scientist,Zoho,Pune,Delhi,India,Onsite,Entry,1,19,8,"Tableau,SQL",Healthcare,1440666,294,Master,Full-time,2026-05-31,97,Open
2290,Business Analyst,Google,Chennai,Karnataka,India,Remote,Senior,6,29,17,"Tableau,SQL",Education,1507631,456,Bachelor,Full-time,2026-04-25,67,Open
2291,Software Engineer,Wipro,Bengaluru,Tamil Nadu,India,Onsite,Associate,7,21,11,"Excel,SQL",Retail,1494628,142,Bachelor,Internship,2026-06-14,86,Closed
2292,Data Analyst,Wipro,Pune,Tamil Nadu,India,Hybrid,Mid,1,18,14,"Power BI,SQL",Education,396562,34,Master,Contract,2026-02-17,58,Closed
2293,Data Analyst,TechNova,Hyderabad,Maharashtra,India,Hybrid,Associate,4,22,17,"Python,SQL",IT Services,914009,481,Master,Contract,2026-04-20,54,Closed
2294,Data Analyst,Wipro,Delhi,Telangana,India,Onsite,Senior,2,6,7,"Tableau,SQL",Retail,1287790,297,Master,Full-time,2026-06-08,69,Open
2295,BI Developer,Accenture,Chennai,Telangana,India,Remote,Senior,1,4,17,"Azure,Python",Finance,457328,60,Bachelor,Contract,2026-01-19,96,Closed
2296,Software Engineer,Amazon,Delhi,Delhi,India,Hybrid,Associate,0,4,12,"Excel,SQL",Finance,511550,442,Master,Full-time,2026-03-09,82,Closed
2297,Data Scientist,Google,Chennai,Telangana,India,Hybrid,Senior,0,26,12,"Tableau,SQL",Healthcare,1096404,137,Bachelor,Contract,2026-04-26,67,Open
2298,Data Scientist,Capgemini,Mumbai,Telangana,India,Hybrid,Entry,2,29,10,"Python,SQL",Education,1617242,170,Bachelor,Contract,2026-05-23,71,Closed
2299,Data Analyst,TCS,Delhi,Delhi,India,Hybrid,Mid,8,6,19,"Excel,SQL",Education,1317879,351,Bachelor,Full-time,2026-03-04,71,Closed
2300,BI Developer,Zoho,Bengaluru,Telangana,India,Onsite,Mid,5,18,8,"Python,SQL",Finance,1783663,392,Bachelor,Internship,2026-04-26,86,Open
2301,Data Scientist,TCS,Pune,Telangana,India,Remote,Senior,4,16,20,"Azure,Python",IT Services,1413696,471,Bachelor,Full-time,2026-02-01,97,Open
2302,ML Engineer,Capgemini,Bengaluru,Delhi,India,Hybrid,Mid,7,13,10,"Azure,Python",Education,1000479,366,Master,Internship,2026-06-30,80,Open
2303,Data Scientist,Wipro,Pune,Tamil Nadu,India,Onsite,Entry,4,26,8,"Python,SQL",Retail,1539369,78,Master,Contract,2026-06-27,64,Open
2304,Business Analyst,Zoho,Mumbai,Tamil Nadu,India,Hybrid,Senior,0,8,16,"Excel,SQL",Finance,1496237,78,Master,Full-time,2026-05-06,97,Open
2305,Business Analyst,Infosys,Mumbai,Maharashtra,India,Remote,Senior,1,23,6,"Python,Pandas",IT Services,1346762,80,Master,Contract,2026-04-13,89,Closed
2306,Business Analyst,Capgemini,Pune,Karnataka,India,Hybrid,Entry,3,8,14,"Tableau,SQL",Education,1562722,318,Bachelor,Contract,2026-05-11,51,Open
2307,Data Analyst,Accenture,Mumbai,Maharashtra,India,Remote,Senior,2,25,5,"Python,Pandas",Retail,1038878,119,Master,Contract,2026-05-30,93,Closed
2308,Business Analyst,Amazon,Mumbai,Telangana,India,Remote,Entry,1,15,17,"Tableau,SQL",Finance,336621,273,Master,Internship,2026-06-05,56,Open
2309,Software Engineer,Google,Hyderabad,Telangana,India,Onsite,Senior,5,28,12,"Python,SQL",Finance,434415,412,Master,Internship,2026-01-28,94,Open
2310,Data Analyst,Capgemini,Bengaluru,Delhi,India,Onsite,Entry,6,29,4,"Python,SQL",Retail,834311,158,Bachelor,Full-time,2026-05-03,66,Closed
2311,BI Developer,Amazon,Bengaluru,Tamil Nadu,India,Onsite,Senior,3,20,18,"Python,SQL",Finance,1552240,120,Bachelor,Contract,2026-04-30,62,Open
2312,Business Analyst,Accenture,Mumbai,Maharashtra,India,Hybrid,Mid,2,7,9,"Python,SQL",Finance,872623,491,Bachelor,Full-time,2026-06-30,91,Closed
2313,BI Developer,Zoho,Pune,Karnataka,India,Hybrid,Associate,0,14,12,"Azure,Python",IT Services,1386002,303,Master,Contract,2026-05-28,66,Open
2314,Software Engineer,TechNova,Mumbai,Telangana,India,Onsite,Senior,5,14,16,"Python,Pandas",IT Services,412108,61,Bachelor,Full-time,2026-01-10,63,Open
2315,ML Engineer,Capgemini,Mumbai,Telangana,India,Onsite,Associate,2,6,11,"Power BI,SQL",Retail,1276536,300,Bachelor,Internship,2026-04-09,62,Open
2316,Software Engineer,Capgemini,Pune,Delhi,India,Hybrid,Associate,6,18,6,"Tableau,SQL",Education,1159259,445,Master,Internship,2026-06-29,71,Closed
2317,Data Scientist,Infosys,Chennai,Tamil Nadu,India,Remote,Senior,8,26,6,"Power BI,SQL",Finance,1149198,141,Bachelor,Internship,2026-04-28,58,Open
2318,Data Analyst,TechNova,Hyderabad,Telangana,India,Hybrid,Senior,7,25,7,"Tableau,SQL",Finance,1413938,93,Master,Full-time,2026-04-08,50,Open
2319,Software Engineer,Capgemini,Bengaluru,Maharashtra,India,Onsite,Mid,2,28,4,"Power BI,SQL",Finance,687363,239,Master,Contract,2026-04-22,71,Closed
2320,ML Engineer,Amazon,Bengaluru,Telangana,India,Hybrid,Mid,6,30,17,"Tableau,SQL",IT Services,1076453,48,Master,Full-time,2026-06-19,94,Open
2321,ML Engineer,TechNova,Chennai,Karnataka,India,Hybrid,Mid,4,6,16,"Azure,Python",IT Services,1657482,330,Master,Full-time,2026-02-21,51,Closed
2322,Software Engineer,Infosys,Mumbai,Karnataka,India,Hybrid,Associate,3,26,5,"Azure,Python",IT Services,641406,313,Master,Internship,2026-03-06,76,Closed
2323,Software Engineer,TechNova,Mumbai,Maharashtra,India,Hybrid,Entry,1,18,19,"Azure,Python",IT Services,1412578,14,Bachelor,Contract,2026-01-20,89,Open
2324,Data Scientist,Microsoft,Delhi,Delhi,India,Hybrid,Associate,5,29,14,"Azure,Python",Retail,1673438,349,Bachelor,Contract,2026-02-04,93,Closed
2325,ML Engineer,Wipro,Chennai,Telangana,India,Remote,Senior,3,12,15,"Tableau,SQL",Healthcare,1193924,281,Bachelor,Contract,2026-04-07,85,Open
2326,Business Analyst,Zoho,Chennai,Delhi,India,Remote,Entry,0,20,7,"Python,Pandas",Retail,1440226,71,Bachelor,Contract,2026-06-07,72,Closed
2327,Data Scientist,Accenture,Pune,Maharashtra,India,Onsite,Entry,0,28,7,"Excel,SQL",Education,918076,58,Master,Full-time,2026-05-27,94,Open
2328,Data Scientist,Infosys,Hyderabad,Maharashtra,India,Onsite,Senior,8,9,4,"Power BI,SQL",Healthcare,1130207,224,Master,Full-time,2026-02-21,59,Closed
2329,Software Engineer,Microsoft,Hyderabad,Karnataka,India,Hybrid,Entry,2,18,16,"Python,Pandas",Healthcare,366319,72,Bachelor,Full-time,2026-05-04,72,Open
2330,BI Developer,Google,Mumbai,Tamil Nadu,India,Onsite,Entry,2,8,9,"Python,SQL",Finance,1548823,387,Master,Full-time,2026-02-22,73,Closed
2331,Business Analyst,Wipro,Pune,Delhi,India,Hybrid,Mid,6,16,11,"Python,SQL",Healthcare,1777016,32,Bachelor,Full-time,2026-02-22,89,Closed
2332,Software Engineer,Microsoft,Pune,Karnataka,India,Remote,Senior,4,17,16,"Tableau,SQL",Finance,872304,264,Bachelor,Full-time,2026-01-09,96,Closed
2333,Data Analyst,Google,Delhi,Maharashtra,India,Remote,Senior,8,22,17,"Azure,Python",Retail,465920,489,Bachelor,Full-time,2026-02-13,64,Closed
2334,Data Scientist,Infosys,Bengaluru,Karnataka,India,Hybrid,Senior,3,10,11,"Tableau,SQL",Finance,1464354,305,Bachelor,Full-time,2026-03-02,84,Closed
2335,Data Analyst,Wipro,Mumbai,Karnataka,India,Hybrid,Entry,6,11,13,"Tableau,SQL",Education,1487477,297,Master,Full-time,2026-03-21,51,Open
2336,BI Developer,Amazon,Hyderabad,Telangana,India,Hybrid,Senior,1,9,14,"Azure,Python",Retail,337777,237,Bachelor,Full-time,2026-01-17,60,Open
2337,ML Engineer,Google,Mumbai,Delhi,India,Hybrid,Associate,7,20,14,"Excel,SQL",Retail,338486,417,Master,Full-time,2026-03-29,62,Closed
2338,BI Developer,Amazon,Hyderabad,Maharashtra,India,Remote,Associate,4,20,11,"Python,SQL",Healthcare,974445,428,Bachelor,Contract,2026-03-07,55,Open
2339,Data Analyst,TechNova,Mumbai,Maharashtra,India,Onsite,Entry,8,21,11,"Azure,Python",IT Services,1637231,484,Bachelor,Contract,2026-01-13,88,Closed
2340,ML Engineer,Infosys,Pune,Maharashtra,India,Onsite,Entry,1,13,4,"Power BI,SQL",IT Services,677031,163,Master,Internship,2026-03-12,87,Open
2341,Data Analyst,Infosys,Mumbai,Maharashtra,India,Remote,Associate,5,28,9,"Excel,SQL",Education,1685621,144,Bachelor,Internship,2026-06-01,68,Open
2342,Data Analyst,Capgemini,Bengaluru,Karnataka,India,Hybrid,Mid,3,3,11,"Excel,SQL",IT Services,423360,71,Bachelor,Internship,2026-01-10,52,Open
2343,Business Analyst,Capgemini,Bengaluru,Karnataka,India,Hybrid,Senior,0,13,4,"Python,SQL",IT Services,1375315,98,Master,Full-time,2026-05-13,97,Open
2344,Software Engineer,TechNova,Bengaluru,Tamil Nadu,India,Onsite,Associate,8,8,14,"Excel,SQL",Retail,1339558,138,Master,Internship,2026-02-19,87,Closed
2345,Software Engineer,Wipro,Mumbai,Karnataka,India,Hybrid,Mid,8,17,10,"Excel,SQL",Finance,1632542,230,Master,Internship,2026-03-27,50,Open
2346,Business Analyst,Google,Pune,Tamil Nadu,India,Hybrid,Associate,1,12,16,"Power BI,SQL",Education,315499,388,Master,Internship,2026-03-15,55,Open
2347,Data Analyst,Amazon,Bengaluru,Delhi,India,Onsite,Mid,5,23,4,"Python,Pandas",Retail,635116,211,Master,Internship,2026-05-02,90,Open
2348,BI Developer,TechNova,Chennai,Telangana,India,Remote,Mid,8,9,5,"Python,SQL",Retail,886493,339,Bachelor,Internship,2026-06-12,93,Closed
2349,Software Engineer,Google,Delhi,Tamil Nadu,India,Remote,Senior,0,27,15,"Python,Pandas",IT Services,1011969,431,Master,Full-time,2026-04-27,79,Open
2350,Data Scientist,Capgemini,Pune,Delhi,India,Remote,Senior,4,9,17,"Power BI,SQL",Retail,1512775,346,Master,Contract,2026-04-08,67,Closed
2351,BI Developer,Google,Bengaluru,Delhi,India,Remote,Entry,2,3,20,"Tableau,SQL",IT Services,1380198,50,Bachelor,Full-time,2026-01-24,98,Closed
2352,Business Analyst,Capgemini,Delhi,Telangana,India,Hybrid,Mid,6,3,13,"Tableau,SQL",Finance,1484735,273,Master,Internship,2026-03-17,77,Open
2353,ML Engineer,Capgemini,Bengaluru,Maharashtra,India,Onsite,Mid,3,17,10,"Python,SQL",Healthcare,1272393,310,Master,Contract,2026-03-27,77,Open
2354,BI Developer,TechNova,Pune,Tamil Nadu,India,Remote,Entry,5,28,19,"Azure,Python",IT Services,1191059,37,Bachelor,Full-time,2026-05-02,85,Closed
2355,Data Analyst,TechNova,Hyderabad,Telangana,India,Onsite,Mid,2,21,13,"Python,SQL",Healthcare,1588285,468,Bachelor,Internship,2026-01-04,81,Closed
2356,Software Engineer,Zoho,Bengaluru,Maharashtra,India,Hybrid,Associate,2,11,16,"Tableau,SQL",Retail,1437980,102,Master,Internship,2026-05-02,93,Open
2357,Software Engineer,Google,Hyderabad,Karnataka,India,Onsite,Associate,0,15,17,"Excel,SQL",IT Services,827934,413,Bachelor,Contract,2026-03-24,91,Open
2358,Software Engineer,Google,Bengaluru,Karnataka,India,Hybrid,Associate,0,17,18,"Python,SQL",Finance,1263786,362,Bachelor,Full-time,2026-05-16,59,Open
2359,Data Scientist,TCS,Bengaluru,Tamil Nadu,India,Onsite,Mid,2,22,17,"Power BI,SQL",Healthcare,570556,35,Master,Full-time,2026-06-26,97,Open
2360,Software Engineer,Infosys,Delhi,Telangana,India,Hybrid,Senior,6,19,11,"Python,SQL",IT Services,1234829,389,Master,Internship,2026-05-19,66,Closed
2361,Data Scientist,Accenture,Delhi,Delhi,India,Hybrid,Senior,6,10,10,"Python,SQL",Education,1704167,83,Bachelor,Full-time,2026-04-25,58,Closed
2362,Data Analyst,Wipro,Delhi,Karnataka,India,Onsite,Entry,0,12,9,"Azure,Python",Finance,412575,31,Master,Full-time,2026-02-17,97,Closed
2363,Data Analyst,Infosys,Mumbai,Delhi,India,Onsite,Mid,6,7,4,"Excel,SQL",Retail,1673530,204,Master,Full-time,2026-01-30,56,Closed
2364,Data Scientist,Infosys,Pune,Karnataka,India,Remote,Senior,4,26,14,"Python,SQL",Healthcare,1600760,362,Bachelor,Contract,2026-05-04,76,Closed
2365,Business Analyst,Amazon,Chennai,Maharashtra,India,Hybrid,Associate,7,15,4,"Python,SQL",Retail,585272,31,Master,Internship,2026-01-06,95,Open
2366,BI Developer,Zoho,Delhi,Telangana,India,Hybrid,Senior,3,28,9,"Tableau,SQL",Finance,743204,259,Bachelor,Contract,2026-03-03,63,Open
2367,BI Developer,Wipro,Chennai,Karnataka,India,Remote,Mid,5,15,11,"Python,SQL",Healthcare,1146214,203,Bachelor,Full-time,2026-04-28,90,Closed
2368,Data Analyst,TechNova,Hyderabad,Tamil Nadu,India,Remote,Associate,8,17,10,"Excel,SQL",Healthcare,1132478,27,Master,Contract,2026-03-01,87,Open
2369,Business Analyst,Microsoft,Mumbai,Maharashtra,India,Hybrid,Mid,2,26,10,"Power BI,SQL",Education,1500864,481,Bachelor,Full-time,2026-02-05,92,Open
2370,Software Engineer,TCS,Bengaluru,Delhi,India,Hybrid,Senior,2,7,6,"Power BI,SQL",Education,1261231,31,Bachelor,Contract,2026-01-26,80,Open
2371,Software Engineer,TechNova,Delhi,Telangana,India,Remote,Entry,8,9,19,"Python,SQL",Education,755182,236,Bachelor,Contract,2026-06-15,82,Closed
2372,ML Engineer,TechNova,Pune,Tamil Nadu,India,Hybrid,Senior,8,18,13,"Azure,Python",IT Services,1735957,71,Master,Full-time,2026-04-19,58,Closed
2373,Business Analyst,Zoho,Mumbai,Delhi,India,Remote,Mid,0,6,10,"Tableau,SQL",IT Services,1465935,439,Bachelor,Contract,2026-06-07,75,Closed
2374,ML Engineer,Amazon,Hyderabad,Maharashtra,India,Remote,Entry,8,4,17,"Tableau,SQL",Healthcare,1529298,366,Master,Internship,2026-03-14,66,Closed
2375,ML Engineer,Infosys,Delhi,Tamil Nadu,India,Remote,Associate,7,10,16,"Tableau,SQL",Finance,942238,30,Bachelor,Internship,2026-01-21,76,Closed
2376,Business Analyst,Capgemini,Chennai,Telangana,India,Remote,Entry,2,11,14,"Python,SQL",IT Services,848912,29,Bachelor,Contract,2026-04-27,75,Open
2377,Data Scientist,TCS,Hyderabad,Maharashtra,India,Remote,Senior,2,12,4,"Tableau,SQL",IT Services,1673485,276,Master,Internship,2026-06-27,73,Open
2378,Data Analyst,Microsoft,Delhi,Tamil Nadu,India,Hybrid,Senior,2,9,16,"Azure,Python",Retail,1571772,164,Bachelor,Contract,2026-03-11,92,Open
2379,Data Analyst,Accenture,Pune,Karnataka,India,Hybrid,Mid,3,15,9,"Tableau,SQL",Retail,875895,169,Bachelor,Internship,2026-01-20,50,Open
2380,Business Analyst,Google,Bengaluru,Karnataka,India,Hybrid,Entry,3,5,15,"Power BI,SQL",Healthcare,694257,481,Master,Contract,2026-06-27,92,Closed
2381,BI Developer,Amazon,Delhi,Tamil Nadu,India,Onsite,Mid,8,26,13,"Python,Pandas",IT Services,701993,241,Bachelor,Internship,2026-04-20,55,Closed
2382,Software Engineer,Accenture,Mumbai,Delhi,India,Onsite,Mid,5,14,6,"Tableau,SQL",Education,1487728,23,Master,Internship,2026-01-27,79,Open
2383,Business Analyst,Infosys,Pune,Karnataka,India,Remote,Entry,5,17,7,"Power BI,SQL",Education,1432753,134,Bachelor,Contract,2026-03-23,68,Open
2384,ML Engineer,Accenture,Chennai,Maharashtra,India,Hybrid,Associate,7,10,10,"Azure,Python",IT Services,496373,431,Master,Full-time,2026-02-12,84,Open
2385,Business Analyst,TechNova,Bengaluru,Tamil Nadu,India,Hybrid,Mid,8,6,17,"Tableau,SQL",Education,1459991,177,Master,Full-time,2026-03-11,96,Closed
2386,Business Analyst,TechNova,Hyderabad,Tamil Nadu,India,Hybrid,Senior,3,8,6,"Power BI,SQL",Education,1536998,219,Bachelor,Contract,2026-04-01,77,Open
2387,Data Analyst,Wipro,Pune,Maharashtra,India,Onsite,Associate,8,23,10,"Python,SQL",IT Services,1695215,383,Master,Full-time,2026-03-22,56,Closed
2388,Software Engineer,Zoho,Hyderabad,Maharashtra,India,Remote,Senior,4,30,17,"Python,SQL",Finance,494218,472,Bachelor,Internship,2026-03-06,78,Open
2389,ML Engineer,TCS,Bengaluru,Delhi,India,Remote,Associate,1,26,4,"Excel,SQL",Finance,474224,131,Bachelor,Contract,2026-05-11,59,Open
2390,Data Analyst,TCS,Delhi,Maharashtra,India,Remote,Mid,4,7,4,"Power BI,SQL",Retail,791145,42,Bachelor,Contract,2026-01-17,57,Closed
2391,Data Analyst,TCS,Hyderabad,Karnataka,India,Remote,Associate,3,23,12,"Power BI,SQL",Education,682162,210,Master,Internship,2026-03-06,50,Closed
2392,Data Analyst,Microsoft,Chennai,Delhi,India,Hybrid,Senior,3,14,16,"Excel,SQL",Retail,774603,393,Master,Full-time,2026-03-23,51,Closed
2393,BI Developer,Microsoft,Chennai,Maharashtra,India,Onsite,Entry,5,4,16,"Python,Pandas",Healthcare,942542,259,Bachelor,Contract,2026-06-28,61,Open
2394,Data Scientist,TCS,Chennai,Karnataka,India,Hybrid,Senior,8,5,13,"Excel,SQL",IT Services,1131189,262,Bachelor,Contract,2026-04-03,67,Open
2395,BI Developer,TechNova,Bengaluru,Delhi,India,Onsite,Entry,0,20,6,"Azure,Python",Retail,479834,410,Bachelor,Internship,2026-03-23,74,Open
2396,Data Scientist,Amazon,Pune,Delhi,India,Remote,Associate,3,29,4,"Python,SQL",Retail,633235,427,Bachelor,Full-time,2026-01-09,65,Closed
2397,Business Analyst,Capgemini,Chennai,Telangana,India,Remote,Entry,5,21,19,"Tableau,SQL",IT Services,1788946,96,Master,Contract,2026-04-15,84,Closed
2398,Business Analyst,Zoho,Chennai,Telangana,India,Onsite,Associate,6,18,19,"Tableau,SQL",Finance,476480,441,Master,Full-time,2026-02-28,62,Open
2399,Data Scientist,Microsoft,Pune,Maharashtra,India,Hybrid,Mid,1,8,9,"Power BI,SQL",IT Services,1622975,213,Master,Contract,2026-02-02,78,Closed
2400,Business Analyst,Microsoft,Delhi,Karnataka,India,Hybrid,Entry,5,17,12,"Python,SQL",Retail,588105,309,Bachelor,Full-time,2026-02-19,50,Open
2401,BI Developer,Microsoft,Pune,Delhi,India,Onsite,Entry,5,21,13,"Python,Pandas",Retail,759476,270,Bachelor,Full-time,2026-06-24,72,Closed
2402,BI Developer,Zoho,Bengaluru,Karnataka,India,Onsite,Mid,6,15,10,"Python,Pandas",Finance,1289552,303,Bachelor,Contract,2026-03-15,86,Open
2403,ML Engineer,TCS,Mumbai,Delhi,India,Remote,Associate,7,23,6,"Excel,SQL",IT Services,1062984,221,Bachelor,Internship,2026-02-28,78,Closed
2404,ML Engineer,TCS,Delhi,Telangana,India,Hybrid,Senior,3,22,4,"Tableau,SQL",Finance,514665,161,Master,Contract,2026-04-22,92,Open
2405,Data Scientist,Google,Mumbai,Delhi,India,Onsite,Mid,5,27,10,"Python,SQL",Retail,1653722,27,Master,Internship,2026-02-26,88,Open
2406,Data Analyst,Infosys,Bengaluru,Delhi,India,Hybrid,Mid,6,10,19,"Azure,Python",Retail,700838,305,Master,Internship,2026-01-27,97,Open
2407,ML Engineer,Zoho,Pune,Delhi,India,Onsite,Associate,4,19,4,"Tableau,SQL",Retail,619424,153,Bachelor,Contract,2026-03-05,92,Closed
2408,Data Scientist,Accenture,Chennai,Telangana,India,Hybrid,Mid,8,13,7,"Power BI,SQL",IT Services,822764,329,Master,Contract,2026-06-05,91,Closed
2409,Data Analyst,TCS,Delhi,Karnataka,India,Onsite,Entry,5,5,17,"Excel,SQL",Healthcare,1670003,108,Master,Internship,2026-01-06,86,Open
2410,Data Scientist,Google,Delhi,Karnataka,India,Remote,Senior,3,24,17,"Excel,SQL",Finance,1245595,449,Bachelor,Contract,2026-05-20,94,Open
2411,Data Analyst,TCS,Pune,Karnataka,India,Hybrid,Senior,3,11,7,"Python,SQL",Retail,1161493,343,Master,Contract,2026-05-30,84,Open
2412,BI Developer,Zoho,Pune,Tamil Nadu,India,Onsite,Mid,6,25,14,"Python,Pandas",Finance,916947,115,Bachelor,Internship,2026-06-02,60,Open
2413,BI Developer,Wipro,Chennai,Tamil Nadu,India,Onsite,Associate,4,22,5,"Excel,SQL",Finance,1639454,11,Master,Contract,2026-06-03,80,Closed
2414,Data Scientist,Infosys,Mumbai,Karnataka,India,Remote,Mid,5,13,18,"Python,SQL",Healthcare,1061450,193,Bachelor,Internship,2026-03-17,54,Closed
2415,Software Engineer,Infosys,Bengaluru,Delhi,India,Hybrid,Mid,7,28,12,"Python,Pandas",Retail,689248,14,Bachelor,Full-time,2026-04-24,70,Closed
2416,ML Engineer,Infosys,Chennai,Tamil Nadu,India,Hybrid,Associate,4,8,13,"Azure,Python",IT Services,1708539,227,Bachelor,Full-time,2026-06-30,86,Open
2417,Business Analyst,Zoho,Chennai,Karnataka,India,Onsite,Mid,8,8,11,"Tableau,SQL",Retail,384337,42,Master,Internship,2026-05-30,62,Closed
2418,ML Engineer,TCS,Pune,Maharashtra,India,Hybrid,Entry,5,5,16,"Python,SQL",Finance,852097,45,Bachelor,Internship,2026-01-07,75,Closed
2419,Data Scientist,Amazon,Delhi,Maharashtra,India,Remote,Entry,8,27,4,"Azure,Python",IT Services,1070463,35,Bachelor,Internship,2026-06-27,54,Closed
2420,Business Analyst,TechNova,Pune,Karnataka,India,Onsite,Senior,7,23,16,"Power BI,SQL",Education,745843,399,Bachelor,Contract,2026-05-12,67,Open
2421,ML Engineer,Google,Bengaluru,Delhi,India,Hybrid,Mid,3,11,20,"Power BI,SQL",Retail,1262170,174,Bachelor,Internship,2026-04-13,79,Closed
2422,Data Analyst,Wipro,Pune,Delhi,India,Onsite,Associate,2,24,5,"Python,Pandas",Retail,1688555,247,Bachelor,Full-time,2026-04-09,57,Open
2423,Data Scientist,Accenture,Pune,Telangana,India,Hybrid,Mid,7,4,5,"Excel,SQL",Retail,950593,374,Master,Full-time,2026-06-27,59,Open
2424,ML Engineer,TechNova,Bengaluru,Tamil Nadu,India,Hybrid,Associate,3,10,19,"Python,Pandas",Education,1237582,179,Master,Contract,2026-06-03,53,Closed
2425,BI Developer,Microsoft,Mumbai,Telangana,India,Remote,Associate,1,7,7,"Python,SQL",Finance,1486274,384,Master,Contract,2026-01-30,54,Open
2426,ML Engineer,Capgemini,Hyderabad,Maharashtra,India,Remote,Senior,4,19,15,"Tableau,SQL",Education,957183,130,Master,Internship,2026-01-25,91,Open
2427,ML Engineer,Microsoft,Bengaluru,Telangana,India,Onsite,Associate,6,16,18,"Azure,Python",IT Services,495499,414,Bachelor,Full-time,2026-05-27,87,Closed
2428,Data Scientist,Amazon,Bengaluru,Delhi,India,Hybrid,Senior,0,20,15,"Excel,SQL",Education,1014157,245,Bachelor,Full-time,2026-03-17,97,Closed
2429,Data Analyst,Microsoft,Pune,Karnataka,India,Remote,Senior,4,23,20,"Python,Pandas",Retail,1101723,89,Bachelor,Internship,2026-06-05,77,Open
2430,ML Engineer,Accenture,Chennai,Telangana,India,Hybrid,Mid,6,21,20,"Azure,Python",Healthcare,619305,109,Bachelor,Internship,2026-06-23,89,Open
2431,Data Analyst,TechNova,Bengaluru,Delhi,India,Remote,Senior,0,19,11,"Tableau,SQL",Retail,1288231,285,Master,Internship,2026-03-01,54,Open
2432,Data Scientist,Google,Hyderabad,Maharashtra,India,Hybrid,Associate,1,19,9,"Python,Pandas",IT Services,1734187,351,Master,Internship,2026-06-23,56,Closed
2433,Data Analyst,Capgemini,Chennai,Tamil Nadu,India,Hybrid,Mid,5,24,15,"Tableau,SQL",Healthcare,559239,494,Bachelor,Internship,2026-06-29,62,Open
2434,Software Engineer,Wipro,Chennai,Delhi,India,Onsite,Entry,6,27,16,"Power BI,SQL",IT Services,461442,129,Master,Contract,2026-06-13,69,Closed
2435,BI Developer,Capgemini,Mumbai,Karnataka,India,Remote,Entry,8,16,13,"Python,Pandas",IT Services,1173377,269,Master,Internship,2026-01-22,84,Closed
2436,Data Analyst,Microsoft,Bengaluru,Karnataka,India,Remote,Associate,4,28,12,"Tableau,SQL",Retail,1092477,447,Bachelor,Contract,2026-03-21,98,Closed
2437,ML Engineer,Amazon,Pune,Tamil Nadu,India,Onsite,Entry,8,9,17,"Excel,SQL",Finance,1506458,84,Master,Internship,2026-04-02,94,Open
2438,BI Developer,Infosys,Bengaluru,Telangana,India,Onsite,Senior,5,30,17,"Power BI,SQL",IT Services,1401259,191,Master,Full-time,2026-05-26,96,Open
2439,Software Engineer,Google,Bengaluru,Delhi,India,Onsite,Senior,0,11,10,"Power BI,SQL",Education,1100286,163,Master,Internship,2026-03-17,62,Open
2440,Business Analyst,Amazon,Hyderabad,Delhi,India,Onsite,Mid,6,3,20,"Excel,SQL",IT Services,719460,309,Bachelor,Internship,2026-01-24,75,Open
2441,Business Analyst,Capgemini,Bengaluru,Tamil Nadu,India,Onsite,Mid,8,4,11,"Power BI,SQL",Healthcare,860154,221,Master,Internship,2026-02-02,92,Open
2442,BI Developer,Accenture,Hyderabad,Telangana,India,Onsite,Associate,8,23,18,"Python,SQL",Retail,766353,471,Master,Full-time,2026-04-24,52,Closed
2443,Data Scientist,Accenture,Pune,Tamil Nadu,India,Remote,Senior,2,30,16,"Excel,SQL",Retail,416841,486,Master,Internship,2026-01-30,55,Closed
2444,Business Analyst,TechNova,Mumbai,Maharashtra,India,Remote,Associate,5,24,14,"Python,SQL",Retail,1523960,91,Bachelor,Full-time,2026-03-09,76,Open
2445,Data Analyst,TechNova,Mumbai,Maharashtra,India,Hybrid,Entry,3,12,12,"Python,Pandas",Finance,1120702,391,Master,Full-time,2026-02-26,95,Closed
2446,Software Engineer,Wipro,Pune,Telangana,India,Remote,Mid,5,13,19,"Python,SQL",Finance,1041902,230,Master,Internship,2026-06-11,53,Closed
2447,Business Analyst,Capgemini,Hyderabad,Tamil Nadu,India,Hybrid,Senior,6,6,14,"Python,SQL",Finance,1588780,72,Bachelor,Internship,2026-01-23,86,Closed
2448,Business Analyst,Capgemini,Hyderabad,Delhi,India,Onsite,Senior,0,12,15,"Power BI,SQL",Finance,1310863,153,Bachelor,Contract,2026-01-14,92,Open
2449,Software Engineer,Capgemini,Delhi,Maharashtra,India,Remote,Senior,7,17,4,"Tableau,SQL",Healthcare,1513532,346,Master,Internship,2026-01-25,89,Open
2450,ML Engineer,Zoho,Pune,Tamil Nadu,India,Remote,Mid,3,4,5,"Power BI,SQL",Healthcare,772461,466,Master,Contract,2026-04-08,63,Closed
2451,Data Analyst,Capgemini,Mumbai,Delhi,India,Hybrid,Associate,4,29,15,"Python,Pandas",Retail,1597521,114,Bachelor,Internship,2026-03-02,80,Open
2452,BI Developer,TechNova,Chennai,Maharashtra,India,Onsite,Senior,1,24,7,"Tableau,SQL",Healthcare,1030607,463,Bachelor,Contract,2026-04-25,74,Closed
2453,BI Developer,Wipro,Pune,Tamil Nadu,India,Remote,Senior,0,21,5,"Power BI,SQL",Retail,1430228,358,Bachelor,Contract,2026-02-13,50,Open
2454,ML Engineer,TCS,Bengaluru,Telangana,India,Onsite,Associate,4,22,19,"Tableau,SQL",IT Services,1779581,312,Bachelor,Full-time,2026-06-08,70,Open
2455,BI Developer,Accenture,Delhi,Karnataka,India,Hybrid,Entry,4,6,20,"Power BI,SQL",Retail,922810,114,Master,Internship,2026-05-07,54,Closed
2456,ML Engineer,Zoho,Mumbai,Tamil Nadu,India,Onsite,Mid,8,12,18,"Power BI,SQL",Finance,1708253,454,Master,Internship,2026-02-16,93,Closed
2457,BI Developer,Accenture,Mumbai,Tamil Nadu,India,Hybrid,Mid,5,23,18,"Python,Pandas",IT Services,1760514,132,Master,Internship,2026-02-20,54,Closed
2458,BI Developer,TCS,Mumbai,Delhi,India,Remote,Senior,6,14,4,"Tableau,SQL",IT Services,1674997,22,Master,Contract,2026-03-26,76,Open
2459,ML Engineer,Microsoft,Chennai,Karnataka,India,Remote,Associate,6,24,5,"Power BI,SQL",IT Services,431349,380,Bachelor,Internship,2026-05-14,68,Open
2460,Software Engineer,Amazon,Chennai,Karnataka,India,Remote,Mid,8,9,5,"Python,SQL",Healthcare,742275,96,Master,Contract,2026-05-19,85,Open
2461,BI Developer,Accenture,Hyderabad,Tamil Nadu,India,Onsite,Mid,1,20,17,"Python,SQL",Education,730073,87,Master,Full-time,2026-03-09,61,Closed
2462,Software Engineer,Accenture,Bengaluru,Telangana,India,Onsite,Mid,4,9,5,"Power BI,SQL",Education,1589476,288,Bachelor,Full-time,2026-03-05,60,Closed
2463,Business Analyst,TCS,Pune,Telangana,India,Hybrid,Senior,4,19,5,"Python,SQL",Healthcare,1271443,220,Bachelor,Contract,2026-01-28,50,Closed
2464,Data Scientist,TechNova,Bengaluru,Delhi,India,Remote,Entry,1,30,18,"Power BI,SQL",Healthcare,680421,157,Master,Full-time,2026-05-20,78,Closed
2465,BI Developer,TCS,Delhi,Tamil Nadu,India,Remote,Senior,3,13,14,"Python,Pandas",Healthcare,1562883,184,Bachelor,Full-time,2026-03-06,89,Open
2466,Software Engineer,Microsoft,Bengaluru,Telangana,India,Remote,Mid,5,25,5,"Excel,SQL",IT Services,1692536,266,Master,Internship,2026-03-29,86,Open
2467,Data Scientist,TCS,Bengaluru,Delhi,India,Remote,Entry,8,14,20,"Python,SQL",Healthcare,1654768,107,Bachelor,Internship,2026-02-12,74,Open
2468,Data Analyst,Zoho,Chennai,Tamil Nadu,India,Hybrid,Senior,4,5,19,"Azure,Python",Finance,1397087,344,Master,Contract,2026-03-10,57,Open
2469,BI Developer,Microsoft,Hyderabad,Telangana,India,Remote,Mid,7,6,17,"Python,Pandas",Retail,598835,236,Bachelor,Contract,2026-04-23,97,Closed
2470,ML Engineer,Accenture,Mumbai,Maharashtra,India,Onsite,Entry,8,24,5,"Power BI,SQL",Education,1551152,457,Bachelor,Full-time,2026-01-26,56,Open
2471,Data Scientist,Infosys,Delhi,Maharashtra,India,Onsite,Senior,1,12,5,"Tableau,SQL",Education,1432109,104,Bachelor,Internship,2026-06-29,50,Open
2472,BI Developer,Wipro,Mumbai,Karnataka,India,Remote,Senior,0,20,7,"Power BI,SQL",Education,1437076,395,Bachelor,Internship,2026-06-26,56,Open
2473,Business Analyst,TCS,Bengaluru,Tamil Nadu,India,Onsite,Mid,8,21,16,"Power BI,SQL",Education,1531823,128,Master,Contract,2026-06-08,77,Closed
2474,ML Engineer,TechNova,Pune,Tamil Nadu,India,Remote,Mid,4,25,17,"Python,SQL",Healthcare,950628,75,Bachelor,Internship,2026-03-21,58,Closed
2475,Data Scientist,Capgemini,Chennai,Tamil Nadu,India,Hybrid,Mid,0,24,16,"Tableau,SQL",Retail,753089,444,Bachelor,Full-time,2026-06-03,97,Open
2476,Data Analyst,Capgemini,Hyderabad,Tamil Nadu,India,Onsite,Mid,0,18,10,"Power BI,SQL",Healthcare,314182,483,Bachelor,Full-time,2026-01-30,82,Open
2477,Data Scientist,Wipro,Chennai,Telangana,India,Remote,Senior,3,21,16,"Python,Pandas",Finance,1442990,283,Master,Internship,2026-02-24,59,Open
2478,Data Analyst,Wipro,Hyderabad,Tamil Nadu,India,Onsite,Entry,6,18,14,"Tableau,SQL",Finance,660572,459,Bachelor,Internship,2026-02-17,54,Open
2479,BI Developer,Google,Chennai,Telangana,India,Remote,Senior,8,3,9,"Azure,Python",Finance,856916,300,Master,Internship,2026-05-10,70,Closed
2480,BI Developer,Accenture,Mumbai,Delhi,India,Onsite,Associate,5,22,4,"Python,SQL",Finance,1104035,255,Bachelor,Contract,2026-02-01,79,Open
2481,ML Engineer,TechNova,Mumbai,Karnataka,India,Onsite,Entry,0,25,7,"Python,SQL",IT Services,458875,63,Bachelor,Internship,2026-04-13,60,Closed
2482,ML Engineer,Amazon,Pune,Delhi,India,Onsite,Senior,5,12,12,"Azure,Python",Education,364259,80,Bachelor,Full-time,2026-04-13,56,Closed
2483,Software Engineer,Wipro,Bengaluru,Karnataka,India,Hybrid,Associate,5,23,4,"Power BI,SQL",Healthcare,563744,258,Bachelor,Full-time,2026-03-07,89,Closed
2484,Business Analyst,Zoho,Chennai,Maharashtra,India,Hybrid,Associate,8,25,10,"Python,SQL",Healthcare,865740,83,Bachelor,Internship,2026-02-24,61,Open
2485,Data Scientist,Amazon,Bengaluru,Karnataka,India,Onsite,Entry,4,7,12,"Excel,SQL",Retail,557995,438,Bachelor,Contract,2026-01-02,69,Open
2486,Software Engineer,Microsoft,Mumbai,Karnataka,India,Remote,Senior,3,23,5,"Python,SQL",Healthcare,507500,368,Master,Full-time,2026-06-24,64,Open
2487,Data Analyst,Amazon,Pune,Delhi,India,Hybrid,Associate,5,5,7,"Power BI,SQL",Finance,1034997,188,Bachelor,Full-time,2026-01-05,96,Closed
2488,ML Engineer,Amazon,Pune,Delhi,India,Remote,Mid,5,25,18,"Tableau,SQL",Finance,1035241,257,Bachelor,Internship,2026-03-29,77,Closed
2489,Data Scientist,Accenture,Hyderabad,Maharashtra,India,Onsite,Entry,6,29,20,"Python,Pandas",Education,357514,317,Bachelor,Contract,2026-02-11,95,Closed
2490,ML Engineer,Capgemini,Pune,Tamil Nadu,India,Remote,Entry,0,27,14,"Excel,SQL",Education,1428366,11,Bachelor,Full-time,2026-05-12,96,Open
2491,Data Analyst,TCS,Chennai,Telangana,India,Onsite,Mid,0,11,15,"Tableau,SQL",Retail,641401,223,Bachelor,Full-time,2026-04-22,96,Open
2492,Software Engineer,Microsoft,Chennai,Telangana,India,Remote,Entry,7,28,18,"Azure,Python",Healthcare,1750243,221,Master,Full-time,2026-01-28,64,Closed
2493,Data Analyst,Accenture,Pune,Delhi,India,Onsite,Mid,0,11,13,"Azure,Python",IT Services,728051,268,Master,Contract,2026-06-26,77,Closed
2494,Business Analyst,Zoho,Mumbai,Karnataka,India,Hybrid,Senior,7,14,11,"Python,SQL",IT Services,1267169,282,Bachelor,Internship,2026-05-25,52,Open
2495,Software Engineer,Infosys,Pune,Karnataka,India,Remote,Senior,7,28,18,"Azure,Python",Healthcare,322085,231,Master,Internship,2026-05-16,81,Open
2496,Data Analyst,Infosys,Hyderabad,Telangana,India,Remote,Senior,4,17,8,"Tableau,SQL",Retail,416913,44,Master,Contract,2026-05-21,56,Closed
2497,BI Developer,Zoho,Mumbai,Maharashtra,India,Hybrid,Mid,8,23,20,"Python,SQL",Finance,1730475,432,Master,Internship,2026-01-16,59,Closed
2498,Data Scientist,Wipro,Pune,Karnataka,India,Remote,Mid,2,5,14,"Excel,SQL",Finance,1293479,239,Master,Contract,2026-01-09,50,Closed
2499,ML Engineer,Wipro,Bengaluru,Delhi,India,Onsite,Associate,2,26,19,"Tableau,SQL",Retail,1038213,479,Master,Internship,2026-03-19,81,Closed
2500,Software Engineer,TechNova,Bengaluru,Delhi,India,Hybrid,Senior,5,10,20,"Excel,SQL",IT Services,1398982,406,Bachelor,Contract,2026-05-13,94,Open
2501,Data Analyst,Google,Delhi,Telangana,India,Onsite,Senior,1,5,16,"Excel,SQL",Finance,1398277,139,Master,Full-time,2026-06-25,65,Open
2502,ML Engineer,Amazon,Mumbai,Tamil Nadu,India,Onsite,Associate,1,17,5,"Azure,Python",Retail,1158237,247,Master,Contract,2026-03-20,89,Closed
2503,Data Analyst,Google,Pune,Maharashtra,India,Hybrid,Associate,7,18,19,"Power BI,SQL",Education,519137,78,Master,Full-time,2026-05-12,68,Open
2504,Software Engineer,TCS,Mumbai,Delhi,India,Onsite,Entry,4,6,18,"Python,Pandas",Healthcare,715186,323,Master,Internship,2026-04-11,74,Closed
2505,ML Engineer,TCS,Mumbai,Telangana,India,Remote,Senior,6,23,15,"Power BI,SQL",Education,743318,385,Master,Internship,2026-02-11,57,Open
2506,Data Analyst,Capgemini,Delhi,Maharashtra,India,Remote,Mid,5,24,10,"Excel,SQL",IT Services,1044422,289,Master,Full-time,2026-05-06,59,Open
2507,ML Engineer,TechNova,Mumbai,Telangana,India,Hybrid,Associate,4,3,20,"Python,Pandas",Retail,1432155,442,Bachelor,Full-time,2026-02-05,95,Closed
2508,Data Analyst,Microsoft,Bengaluru,Maharashtra,India,Onsite,Senior,7,28,19,"Azure,Python",Finance,1187331,230,Bachelor,Contract,2026-04-08,61,Open
2509,Data Analyst,Capgemini,Pune,Maharashtra,India,Remote,Senior,0,10,15,"Python,SQL",IT Services,436234,242,Master,Full-time,2026-06-07,57,Open
2510,ML Engineer,Infosys,Pune,Telangana,India,Remote,Entry,4,14,19,"Azure,Python",Education,1351639,18,Bachelor,Full-time,2026-03-06,72,Open
2511,ML Engineer,TechNova,Pune,Telangana,India,Onsite,Associate,0,24,9,"Power BI,SQL",Retail,1495391,343,Bachelor,Internship,2026-05-10,69,Open
2512,Data Analyst,Microsoft,Delhi,Tamil Nadu,India,Remote,Associate,6,16,7,"Azure,Python",Finance,1166809,161,Bachelor,Full-time,2026-01-20,62,Open
2513,Software Engineer,Microsoft,Delhi,Telangana,India,Hybrid,Entry,6,21,17,"Python,SQL",Healthcare,1756239,404,Master,Internship,2026-05-16,98,Open
2514,Data Scientist,Google,Pune,Telangana,India,Onsite,Entry,3,20,8,"Azure,Python",Retail,1493518,243,Master,Contract,2026-04-21,93,Closed
2515,Data Analyst,TechNova,Bengaluru,Karnataka,India,Remote,Senior,2,6,20,"Power BI,SQL",Healthcare,1171974,421,Master,Contract,2026-04-23,74,Closed
2516,BI Developer,TechNova,Bengaluru,Telangana,India,Onsite,Mid,7,4,18,"Azure,Python",IT Services,630143,293,Bachelor,Contract,2026-01-23,78,Open
2517,Business Analyst,Zoho,Mumbai,Tamil Nadu,India,Onsite,Senior,2,14,18,"Python,SQL",IT Services,542623,252,Bachelor,Internship,2026-02-22,71,Closed
2518,Data Scientist,TechNova,Delhi,Tamil Nadu,India,Remote,Mid,6,5,13,"Tableau,SQL",Education,1097495,100,Master,Contract,2026-04-17,68,Open
2519,Business Analyst,Accenture,Pune,Karnataka,India,Onsite,Entry,5,6,6,"Python,SQL",IT Services,1150958,122,Bachelor,Full-time,2026-06-17,73,Open
2520,Data Analyst,Capgemini,Hyderabad,Karnataka,India,Onsite,Associate,6,19,9,"Excel,SQL",Healthcare,1688217,407,Bachelor,Contract,2026-01-04,86,Open
2521,Data Analyst,Infosys,Chennai,Telangana,India,Remote,Entry,6,12,8,"Tableau,SQL",Retail,717448,374,Master,Contract,2026-03-10,89,Closed
2522,ML Engineer,Amazon,Hyderabad,Karnataka,India,Hybrid,Associate,6,3,10,"Tableau,SQL",Retail,1712024,146,Bachelor,Internship,2026-06-04,61,Closed
2523,Data Scientist,Zoho,Pune,Delhi,India,Onsite,Senior,8,22,9,"Python,SQL",IT Services,1275402,409,Bachelor,Full-time,2026-01-20,83,Open
2524,ML Engineer,TechNova,Pune,Maharashtra,India,Hybrid,Entry,2,29,6,"Python,Pandas",Education,1157361,355,Bachelor,Full-time,2026-05-14,60,Closed
2525,BI Developer,TechNova,Bengaluru,Telangana,India,Remote,Entry,3,8,13,"Azure,Python",Healthcare,941339,401,Bachelor,Full-time,2026-01-17,91,Open
2526,BI Developer,Capgemini,Chennai,Telangana,India,Remote,Senior,6,11,16,"Power BI,SQL",IT Services,1589793,429,Bachelor,Full-time,2026-02-24,65,Closed
2527,Business Analyst,TechNova,Pune,Tamil Nadu,India,Remote,Associate,7,4,6,"Python,SQL",Retail,827668,417,Master,Full-time,2026-02-12,79,Open
2528,Data Scientist,Zoho,Pune,Tamil Nadu,India,Remote,Senior,5,24,20,"Azure,Python",Healthcare,983099,242,Master,Internship,2026-06-09,58,Closed
2529,Software Engineer,Infosys,Mumbai,Delhi,India,Remote,Mid,2,24,15,"Tableau,SQL",Healthcare,317271,478,Bachelor,Internship,2026-02-16,87,Closed
2530,ML Engineer,TechNova,Chennai,Maharashtra,India,Hybrid,Associate,0,22,15,"Excel,SQL",Education,1681011,499,Master,Internship,2026-04-25,74,Closed
2531,BI Developer,TCS,Hyderabad,Tamil Nadu,India,Hybrid,Entry,8,5,18,"Python,SQL",IT Services,342736,317,Master,Full-time,2026-03-21,52,Closed
2532,ML Engineer,TCS,Delhi,Delhi,India,Hybrid,Associate,6,24,15,"Power BI,SQL",Finance,719029,374,Master,Contract,2026-03-30,59,Closed
2533,BI Developer,Microsoft,Mumbai,Maharashtra,India,Hybrid,Mid,6,16,15,"Excel,SQL",Education,1185600,249,Master,Contract,2026-01-13,85,Closed
2534,Business Analyst,TechNova,Pune,Telangana,India,Hybrid,Mid,3,27,18,"Power BI,SQL",IT Services,1135115,337,Bachelor,Internship,2026-05-31,96,Open
2535,ML Engineer,Accenture,Bengaluru,Tamil Nadu,India,Hybrid,Entry,6,5,4,"Excel,SQL",Retail,777342,209,Master,Full-time,2026-01-19,93,Closed
2536,BI Developer,Google,Delhi,Tamil Nadu,India,Remote,Entry,1,24,10,"Tableau,SQL",Retail,1472540,500,Bachelor,Internship,2026-06-22,77,Open
2537,Software Engineer,Wipro,Mumbai,Maharashtra,India,Onsite,Mid,8,25,12,"Tableau,SQL",Education,805875,216,Bachelor,Internship,2026-02-07,65,Open
2538,BI Developer,Accenture,Bengaluru,Telangana,India,Remote,Associate,2,23,10,"Tableau,SQL",Finance,1238367,160,Master,Full-time,2026-03-07,61,Open
2539,Software Engineer,Zoho,Hyderabad,Telangana,India,Onsite,Mid,3,16,12,"Tableau,SQL",Retail,614224,407,Bachelor,Full-time,2026-06-07,84,Closed
2540,Data Analyst,TCS,Delhi,Delhi,India,Hybrid,Mid,2,21,4,"Python,Pandas",Retail,1566159,459,Bachelor,Contract,2026-01-28,77,Open
2541,Data Analyst,TechNova,Hyderabad,Telangana,India,Remote,Mid,7,19,11,"Azure,Python",Healthcare,1357858,438,Master,Internship,2026-01-02,51,Open
2542,Software Engineer,Amazon,Mumbai,Maharashtra,India,Hybrid,Associate,5,10,16,"Tableau,SQL",Healthcare,593810,85,Master,Contract,2026-01-12,82,Open
2543,Data Scientist,Accenture,Pune,Maharashtra,India,Hybrid,Senior,7,26,17,"Azure,Python",IT Services,672188,28,Bachelor,Internship,2026-03-19,84,Closed
2544,Business Analyst,Amazon,Pune,Telangana,India,Hybrid,Senior,1,16,19,"Python,SQL",Retail,783184,16,Master,Internship,2026-03-11,78,Closed
2545,Data Scientist,TechNova,Pune,Karnataka,India,Remote,Entry,1,4,13,"Excel,SQL",Retail,1345068,311,Master,Internship,2026-05-10,51,Open
2546,Business Analyst,TechNova,Chennai,Tamil Nadu,India,Onsite,Senior,7,27,18,"Excel,SQL",Education,1286281,441,Master,Full-time,2026-06-25,67,Closed
2547,BI Developer,Google,Hyderabad,Maharashtra,India,Hybrid,Associate,3,14,7,"Tableau,SQL",Healthcare,1645519,96,Master,Full-time,2026-03-14,95,Closed
2548,Data Analyst,Microsoft,Delhi,Maharashtra,India,Hybrid,Associate,2,22,14,"Python,Pandas",Healthcare,329073,190,Bachelor,Full-time,2026-05-17,70,Open
2549,Data Scientist,Capgemini,Bengaluru,Maharashtra,India,Onsite,Senior,6,6,17,"Tableau,SQL",Education,1627452,346,Bachelor,Contract,2026-04-06,50,Closed
2550,BI Developer,Microsoft,Mumbai,Maharashtra,India,Onsite,Associate,8,18,14,"Tableau,SQL",Retail,980231,129,Bachelor,Full-time,2026-02-28,87,Closed
2551,Data Scientist,Capgemini,Chennai,Tamil Nadu,India,Onsite,Senior,4,8,12,"Python,Pandas",Finance,564074,201,Bachelor,Full-time,2026-05-02,63,Closed
2552,Data Analyst,Accenture,Chennai,Maharashtra,India,Hybrid,Entry,2,12,18,"Python,Pandas",IT Services,1474256,407,Bachelor,Full-time,2026-06-05,66,Open
2553,BI Developer,Google,Hyderabad,Maharashtra,India,Remote,Entry,5,3,11,"Python,Pandas",Retail,472761,44,Master,Contract,2026-05-19,52,Closed
2554,Data Scientist,Infosys,Pune,Karnataka,India,Remote,Associate,6,30,17,"Tableau,SQL",Education,551600,245,Bachelor,Contract,2026-02-26,88,Closed
2555,Data Analyst,Microsoft,Hyderabad,Tamil Nadu,India,Remote,Associate,4,25,20,"Excel,SQL",IT Services,1710395,339,Bachelor,Full-time,2026-05-12,76,Closed
2556,BI Developer,Accenture,Mumbai,Delhi,India,Remote,Associate,0,3,6,"Tableau,SQL",Education,1709912,77,Bachelor,Contract,2026-02-03,56,Open
2557,Data Analyst,Zoho,Pune,Tamil Nadu,India,Hybrid,Associate,5,22,14,"Azure,Python",Healthcare,755246,32,Master,Contract,2026-01-23,83,Open
2558,BI Developer,Amazon,Bengaluru,Maharashtra,India,Hybrid,Senior,4,24,7,"Power BI,SQL",Education,321500,8,Bachelor,Full-time,2026-05-18,52,Open
2559,Software Engineer,Zoho,Pune,Karnataka,India,Hybrid,Mid,8,23,4,"Azure,Python",Healthcare,1477245,269,Master,Internship,2026-03-09,78,Closed
2560,ML Engineer,Microsoft,Chennai,Telangana,India,Hybrid,Mid,6,12,20,"Tableau,SQL",Finance,1549492,397,Bachelor,Contract,2026-05-31,83,Closed
2561,Software Engineer,TechNova,Chennai,Telangana,India,Remote,Mid,5,14,10,"Excel,SQL",Education,1787109,442,Bachelor,Internship,2026-03-13,83,Open
2562,BI Developer,Amazon,Hyderabad,Maharashtra,India,Onsite,Senior,2,5,11,"Power BI,SQL",Healthcare,1173330,181,Bachelor,Contract,2026-04-21,81,Closed
2563,Business Analyst,Zoho,Bengaluru,Tamil Nadu,India,Hybrid,Associate,4,30,15,"Tableau,SQL",Retail,862297,475,Bachelor,Full-time,2026-03-12,50,Closed
2564,Business Analyst,Infosys,Mumbai,Maharashtra,India,Hybrid,Associate,7,24,11,"Python,Pandas",Healthcare,1579485,445,Master,Contract,2026-06-24,85,Open
2565,Data Analyst,Microsoft,Mumbai,Delhi,India,Remote,Mid,3,19,7,"Tableau,SQL",Retail,808211,299,Master,Full-time,2026-06-22,86,Open
2566,Software Engineer,Capgemini,Delhi,Maharashtra,India,Hybrid,Entry,3,3,13,"Python,SQL",Retail,1548188,120,Bachelor,Internship,2026-03-01,77,Open
2567,Data Analyst,Infosys,Bengaluru,Telangana,India,Remote,Entry,0,11,13,"Tableau,SQL",Healthcare,1479484,85,Bachelor,Full-time,2026-01-21,70,Closed
2568,Business Analyst,Amazon,Chennai,Maharashtra,India,Remote,Mid,6,10,10,"Python,SQL",Finance,1221167,437,Bachelor,Full-time,2026-04-24,58,Closed
2569,Data Analyst,Zoho,Chennai,Tamil Nadu,India,Remote,Entry,4,9,8,"Azure,Python",IT Services,1466585,152,Master,Contract,2026-06-29,56,Open
2570,ML Engineer,Infosys,Delhi,Telangana,India,Onsite,Senior,1,23,4,"Python,Pandas",IT Services,1262822,5,Bachelor,Full-time,2026-03-26,56,Open
2571,Data Scientist,TechNova,Hyderabad,Tamil Nadu,India,Remote,Entry,6,7,15,"Azure,Python",Retail,384384,117,Bachelor,Full-time,2026-04-01,98,Closed
2572,Data Analyst,Capgemini,Chennai,Tamil Nadu,India,Hybrid,Associate,8,20,7,"Power BI,SQL",Healthcare,637236,5,Bachelor,Internship,2026-02-11,75,Closed
2573,Business Analyst,TechNova,Hyderabad,Karnataka,India,Hybrid,Entry,7,30,15,"Python,Pandas",Healthcare,695322,79,Bachelor,Internship,2026-04-26,57,Closed
2574,Data Scientist,Accenture,Mumbai,Delhi,India,Hybrid,Senior,2,5,18,"Python,Pandas",IT Services,631768,279,Master,Full-time,2026-01-23,57,Open
2575,ML Engineer,Microsoft,Bengaluru,Karnataka,India,Remote,Mid,7,25,5,"Python,SQL",Healthcare,302994,481,Bachelor,Contract,2026-04-28,58,Closed
2576,Business Analyst,Infosys,Mumbai,Karnataka,India,Onsite,Mid,8,24,7,"Excel,SQL",IT Services,359811,325,Bachelor,Contract,2026-04-05,78,Open
2577,BI Developer,Amazon,Delhi,Delhi,India,Onsite,Entry,4,13,7,"Python,Pandas",Education,1549869,461,Bachelor,Full-time,2026-04-14,64,Closed
2578,Software Engineer,Google,Hyderabad,Tamil Nadu,India,Hybrid,Associate,3,22,4,"Python,Pandas",Education,1299080,226,Bachelor,Full-time,2026-04-05,73,Open
2579,Data Analyst,Infosys,Hyderabad,Karnataka,India,Hybrid,Mid,6,12,19,"Python,SQL",Education,399027,464,Bachelor,Internship,2026-05-06,83,Open
2580,Data Scientist,TechNova,Pune,Maharashtra,India,Hybrid,Senior,6,5,5,"Python,Pandas",Healthcare,1022296,393,Bachelor,Full-time,2026-03-07,68,Closed
2581,BI Developer,TCS,Mumbai,Delhi,India,Onsite,Entry,6,12,8,"Excel,SQL",Education,1039257,75,Master,Internship,2026-01-20,86,Open
2582,Data Scientist,Capgemini,Mumbai,Delhi,India,Remote,Mid,4,7,10,"Python,SQL",Finance,1495093,357,Bachelor,Contract,2026-04-01,78,Open
2583,Software Engineer,TCS,Pune,Maharashtra,India,Onsite,Mid,1,21,12,"Tableau,SQL",Retail,866732,63,Bachelor,Contract,2026-06-21,66,Closed
2584,Data Scientist,TechNova,Chennai,Delhi,India,Hybrid,Mid,8,22,6,"Python,SQL",Finance,955774,398,Bachelor,Full-time,2026-06-06,62,Open
2585,Software Engineer,Google,Chennai,Tamil Nadu,India,Hybrid,Mid,4,13,18,"Power BI,SQL",Healthcare,1425930,166,Master,Internship,2026-02-08,60,Closed
2586,Data Scientist,Microsoft,Hyderabad,Delhi,India,Hybrid,Mid,2,16,8,"Python,SQL",Retail,1432926,397,Bachelor,Internship,2026-02-06,52,Closed
2587,Business Analyst,TCS,Pune,Tamil Nadu,India,Hybrid,Entry,4,18,7,"Excel,SQL",IT Services,1753431,463,Bachelor,Full-time,2026-02-18,98,Open
2588,Data Scientist,Zoho,Bengaluru,Tamil Nadu,India,Remote,Mid,4,10,17,"Azure,Python",Healthcare,1680465,75,Bachelor,Full-time,2026-04-22,66,Open
2589,Data Analyst,Microsoft,Delhi,Karnataka,India,Hybrid,Entry,3,23,20,"Azure,Python",Retail,1778544,321,Master,Full-time,2026-05-25,75,Closed
2590,Business Analyst,Google,Chennai,Tamil Nadu,India,Hybrid,Mid,5,15,11,"Excel,SQL",Healthcare,668253,379,Bachelor,Contract,2026-06-17,96,Closed
2591,Data Analyst,TCS,Delhi,Delhi,India,Remote,Mid,1,16,17,"Tableau,SQL",Healthcare,729811,379,Master,Internship,2026-01-04,78,Closed
2592,BI Developer,TechNova,Mumbai,Maharashtra,India,Hybrid,Senior,6,21,20,"Azure,Python",Retail,1455020,333,Bachelor,Internship,2026-06-12,72,Open
2593,ML Engineer,Infosys,Chennai,Karnataka,India,Onsite,Mid,7,11,7,"Python,Pandas",IT Services,949459,316,Bachelor,Contract,2026-05-24,92,Open
2594,Business Analyst,Microsoft,Mumbai,Maharashtra,India,Remote,Senior,5,25,15,"Excel,SQL",Healthcare,343761,204,Bachelor,Full-time,2026-02-02,88,Closed
2595,Business Analyst,Infosys,Pune,Karnataka,India,Onsite,Senior,4,27,14,"Python,Pandas",Education,1579367,203,Bachelor,Full-time,2026-01-30,92,Open
2596,Data Analyst,Amazon,Mumbai,Maharashtra,India,Hybrid,Mid,2,11,4,"Python,Pandas",IT Services,1641069,382,Bachelor,Contract,2026-01-13,61,Open
2597,Business Analyst,Zoho,Mumbai,Karnataka,India,Hybrid,Senior,3,5,17,"Excel,SQL",Healthcare,1278268,276,Master,Contract,2026-03-28,83,Closed
2598,ML Engineer,TechNova,Pune,Karnataka,India,Onsite,Mid,0,6,5,"Azure,Python",Education,1422752,252,Master,Full-time,2026-01-11,64,Open
2599,Software Engineer,Google,Chennai,Delhi,India,Hybrid,Senior,7,22,14,"Tableau,SQL",Finance,1515061,298,Master,Internship,2026-04-05,95,Open
2600,Data Scientist,TechNova,Delhi,Maharashtra,India,Hybrid,Entry,3,21,20,"Python,SQL",Finance,1429030,9,Bachelor,Internship,2026-01-30,94,Open
2601,Data Analyst,Amazon,Hyderabad,Delhi,India,Hybrid,Senior,7,3,14,"Azure,Python",Retail,1400904,498,Master,Full-time,2026-03-10,81,Open
2602,BI Developer,Wipro,Bengaluru,Maharashtra,India,Remote,Senior,4,21,5,"Python,Pandas",Healthcare,1578752,334,Master,Contract,2026-01-10,65,Closed
2603,Data Scientist,Microsoft,Hyderabad,Tamil Nadu,India,Hybrid,Associate,1,18,10,"Power BI,SQL",Retail,596594,202,Master,Internship,2026-01-25,53,Closed
2604,ML Engineer,Google,Hyderabad,Karnataka,India,Remote,Associate,5,6,6,"Python,Pandas",Education,1195326,377,Master,Full-time,2026-04-27,75,Closed
2605,Data Analyst,Microsoft,Pune,Maharashtra,India,Remote,Mid,3,10,7,"Python,SQL",Healthcare,1499366,456,Master,Internship,2026-03-22,87,Closed
2606,ML Engineer,Infosys,Pune,Karnataka,India,Onsite,Entry,8,30,12,"Azure,Python",Retail,1307519,37,Bachelor,Contract,2026-03-14,70,Closed
2607,ML Engineer,Infosys,Mumbai,Maharashtra,India,Hybrid,Entry,0,12,11,"Python,SQL",IT Services,1270818,279,Bachelor,Full-time,2026-06-07,64,Closed
2608,BI Developer,Zoho,Delhi,Delhi,India,Hybrid,Associate,4,10,19,"Excel,SQL",Education,1550296,120,Bachelor,Contract,2026-03-21,83,Closed
2609,ML Engineer,Infosys,Mumbai,Telangana,India,Onsite,Associate,4,9,7,"Azure,Python",Finance,589929,8,Bachelor,Full-time,2026-05-04,55,Closed
2610,Software Engineer,Infosys,Mumbai,Tamil Nadu,India,Remote,Mid,5,19,5,"Power BI,SQL",Healthcare,1113232,306,Master,Contract,2026-06-24,51,Closed
2611,Business Analyst,Accenture,Delhi,Tamil Nadu,India,Onsite,Entry,2,30,4,"Python,SQL",Retail,598032,401,Bachelor,Contract,2026-02-07,90,Open
2612,ML Engineer,Infosys,Hyderabad,Maharashtra,India,Hybrid,Associate,3,29,18,"Python,SQL",IT Services,1051636,150,Master,Internship,2026-02-25,79,Open
2613,BI Developer,Accenture,Delhi,Karnataka,India,Onsite,Associate,6,21,4,"Python,Pandas",Retail,360141,107,Master,Contract,2026-01-30,80,Closed
2614,Data Scientist,Google,Mumbai,Maharashtra,India,Remote,Senior,7,27,6,"Python,SQL",IT Services,1010273,247,Bachelor,Contract,2026-01-18,64,Closed
2615,Business Analyst,Capgemini,Chennai,Karnataka,India,Hybrid,Associate,6,8,7,"Power BI,SQL",Finance,908847,481,Bachelor,Internship,2026-01-24,63,Closed
2616,Software Engineer,Google,Bengaluru,Delhi,India,Hybrid,Entry,0,25,16,"Python,SQL",Healthcare,801808,476,Bachelor,Internship,2026-05-15,50,Open
2617,ML Engineer,Google,Delhi,Maharashtra,India,Hybrid,Senior,7,3,10,"Python,Pandas",IT Services,1352271,203,Bachelor,Full-time,2026-04-11,63,Open
2618,BI Developer,TechNova,Delhi,Karnataka,India,Remote,Senior,8,4,11,"Tableau,SQL",IT Services,713430,149,Master,Contract,2026-02-02,79,Open
2619,Business Analyst,Google,Mumbai,Delhi,India,Onsite,Associate,8,9,16,"Python,SQL",Education,808382,383,Master,Contract,2026-04-15,65,Open
2620,Software Engineer,Zoho,Pune,Maharashtra,India,Hybrid,Associate,5,18,15,"Power BI,SQL",Finance,1762970,180,Bachelor,Contract,2026-05-25,86,Open
2621,Software Engineer,Accenture,Chennai,Delhi,India,Remote,Mid,6,29,9,"Azure,Python",Healthcare,1739483,194,Bachelor,Contract,2026-04-25,90,Closed
2622,Data Analyst,Capgemini,Chennai,Karnataka,India,Hybrid,Mid,7,11,9,"Azure,Python",Healthcare,728613,141,Bachelor,Full-time,2026-06-22,52,Closed
2623,Data Analyst,Google,Delhi,Karnataka,India,Onsite,Entry,0,18,15,"Python,SQL",Healthcare,690191,38,Master,Full-time,2026-03-02,51,Closed
2624,Software Engineer,TechNova,Mumbai,Delhi,India,Hybrid,Associate,1,3,19,"Power BI,SQL",IT Services,1211084,320,Bachelor,Internship,2026-03-20,92,Open
2625,ML Engineer,TCS,Hyderabad,Karnataka,India,Remote,Associate,3,24,16,"Excel,SQL",IT Services,1380906,200,Master,Internship,2026-06-07,73,Closed
2626,BI Developer,Google,Bengaluru,Telangana,India,Remote,Senior,2,8,9,"Tableau,SQL",Finance,473774,50,Master,Internship,2026-05-01,82,Closed
2627,Business Analyst,Capgemini,Chennai,Delhi,India,Remote,Senior,4,4,4,"Azure,Python",Education,501678,259,Master,Internship,2026-05-25,58,Open
2628,Data Scientist,Capgemini,Bengaluru,Tamil Nadu,India,Onsite,Senior,1,23,10,"Tableau,SQL",IT Services,1379195,147,Bachelor,Internship,2026-03-02,69,Open
2629,BI Developer,Amazon,Chennai,Maharashtra,India,Hybrid,Senior,4,5,19,"Python,SQL",IT Services,1684573,416,Master,Internship,2026-04-24,55,Closed
2630,Software Engineer,Microsoft,Delhi,Telangana,India,Hybrid,Mid,3,16,7,"Power BI,SQL",Healthcare,1786259,422,Master,Contract,2026-03-11,51,Closed
2631,ML Engineer,Accenture,Delhi,Maharashtra,India,Remote,Associate,2,8,10,"Power BI,SQL",IT Services,475424,392,Bachelor,Internship,2026-04-08,50,Open
2632,Data Scientist,Zoho,Pune,Tamil Nadu,India,Hybrid,Entry,2,12,5,"Python,SQL",Education,986627,194,Bachelor,Contract,2026-03-05,58,Closed
2633,Business Analyst,Amazon,Pune,Telangana,India,Hybrid,Associate,2,25,4,"Tableau,SQL",IT Services,616306,133,Master,Contract,2026-01-30,63,Open
2634,ML Engineer,Capgemini,Delhi,Delhi,India,Hybrid,Senior,3,13,14,"Python,Pandas",Retail,757553,96,Master,Full-time,2026-02-12,53,Closed
2635,Software Engineer,TechNova,Mumbai,Telangana,India,Hybrid,Mid,4,9,13,"Python,Pandas",IT Services,1467039,398,Master,Full-time,2026-05-17,92,Open
2636,Software Engineer,TechNova,Chennai,Tamil Nadu,India,Onsite,Mid,8,7,11,"Python,Pandas",IT Services,568665,214,Bachelor,Internship,2026-03-22,96,Closed
2637,Data Analyst,Capgemini,Hyderabad,Delhi,India,Hybrid,Associate,3,19,13,"Power BI,SQL",Finance,1296029,83,Bachelor,Internship,2026-05-18,84,Open
2638,ML Engineer,Google,Pune,Telangana,India,Hybrid,Mid,3,22,5,"Python,SQL",Retail,1358397,355,Bachelor,Internship,2026-06-09,70,Open
2639,Data Analyst,Microsoft,Delhi,Telangana,India,Hybrid,Mid,6,30,4,"Azure,Python",IT Services,1088704,325,Bachelor,Contract,2026-01-14,62,Closed
2640,BI Developer,Infosys,Bengaluru,Delhi,India,Remote,Entry,2,18,12,"Tableau,SQL",Education,1564611,76,Bachelor,Internship,2026-04-02,77,Open
2641,Business Analyst,Accenture,Bengaluru,Tamil Nadu,India,Remote,Senior,2,15,13,"Azure,Python",Finance,849605,458,Master,Contract,2026-06-24,93,Open
2642,Data Analyst,Zoho,Chennai,Maharashtra,India,Remote,Mid,8,16,15,"Python,SQL",Healthcare,1766143,209,Master,Full-time,2026-03-15,70,Open
2643,Business Analyst,Microsoft,Chennai,Karnataka,India,Remote,Mid,3,18,11,"Python,Pandas",IT Services,1168271,11,Bachelor,Internship,2026-01-17,53,Open
2644,Software Engineer,Accenture,Mumbai,Maharashtra,India,Hybrid,Entry,2,3,12,"Tableau,SQL",Education,1679529,395,Master,Internship,2026-01-18,58,Closed
2645,BI Developer,Accenture,Pune,Maharashtra,India,Onsite,Entry,2,30,15,"Excel,SQL",Education,962912,169,Bachelor,Contract,2026-05-18,88,Closed
2646,Data Analyst,Google,Bengaluru,Tamil Nadu,India,Remote,Associate,8,16,17,"Python,SQL",IT Services,615614,438,Bachelor,Full-time,2026-01-24,70,Closed
2647,ML Engineer,TechNova,Hyderabad,Tamil Nadu,India,Hybrid,Senior,6,25,10,"Tableau,SQL",Education,1786488,372,Bachelor,Full-time,2026-03-05,85,Open
2648,BI Developer,TechNova,Chennai,Karnataka,India,Remote,Senior,3,16,8,"Python,Pandas",Retail,1772577,395,Bachelor,Full-time,2026-05-29,68,Closed
2649,Software Engineer,TCS,Pune,Telangana,India,Remote,Senior,2,17,12,"Python,SQL",Healthcare,1277765,261,Master,Internship,2026-02-04,70,Open
2650,Business Analyst,Infosys,Chennai,Telangana,India,Onsite,Mid,6,25,14,"Python,SQL",Healthcare,904265,500,Master,Full-time,2026-04-04,84,Open
2651,Data Scientist,Microsoft,Pune,Delhi,India,Onsite,Associate,7,7,19,"Azure,Python",Education,1212366,257,Master,Internship,2026-01-25,51,Closed
2652,Data Analyst,Amazon,Bengaluru,Maharashtra,India,Onsite,Associate,8,17,18,"Python,SQL",IT Services,1418351,97,Master,Full-time,2026-01-27,72,Closed
2653,Business Analyst,Capgemini,Hyderabad,Karnataka,India,Remote,Entry,8,11,20,"Power BI,SQL",Healthcare,704725,179,Master,Internship,2026-04-14,79,Open
2654,Software Engineer,Wipro,Mumbai,Karnataka,India,Onsite,Senior,5,11,13,"Excel,SQL",Finance,1398201,118,Bachelor,Internship,2026-05-12,81,Open
2655,Data Analyst,Accenture,Mumbai,Karnataka,India,Remote,Entry,1,20,17,"Power BI,SQL",Finance,859710,244,Master,Full-time,2026-04-06,84,Open
2656,BI Developer,Wipro,Hyderabad,Karnataka,India,Remote,Associate,0,21,6,"Excel,SQL",Education,1525501,200,Master,Internship,2026-06-03,95,Closed
2657,Software Engineer,Zoho,Hyderabad,Maharashtra,India,Hybrid,Senior,7,23,9,"Azure,Python",Healthcare,1099431,195,Master,Internship,2026-05-07,85,Open
2658,BI Developer,TCS,Bengaluru,Tamil Nadu,India,Onsite,Senior,6,23,4,"Python,Pandas",Healthcare,726134,80,Bachelor,Contract,2026-01-20,57,Closed
2659,ML Engineer,Capgemini,Hyderabad,Tamil Nadu,India,Onsite,Mid,8,26,10,"Power BI,SQL",IT Services,464739,100,Bachelor,Contract,2026-03-20,50,Open
2660,Software Engineer,Amazon,Chennai,Karnataka,India,Hybrid,Entry,6,28,15,"Python,Pandas",Education,768776,382,Master,Contract,2026-06-03,96,Open
2661,Data Analyst,Microsoft,Delhi,Delhi,India,Hybrid,Mid,2,16,9,"Python,SQL",Finance,1741300,373,Master,Contract,2026-04-20,81,Open
2662,Software Engineer,Zoho,Bengaluru,Karnataka,India,Onsite,Senior,7,15,9,"Python,SQL",Education,1660998,239,Bachelor,Contract,2026-05-22,94,Open
2663,ML Engineer,Infosys,Chennai,Delhi,India,Remote,Mid,1,11,6,"Python,SQL",Education,1585304,119,Bachelor,Contract,2026-05-14,82,Open
2664,Data Analyst,Microsoft,Delhi,Tamil Nadu,India,Hybrid,Mid,6,25,12,"Excel,SQL",Healthcare,1117441,365,Bachelor,Internship,2026-06-15,50,Closed
2665,BI Developer,Wipro,Hyderabad,Karnataka,India,Onsite,Associate,1,3,16,"Python,SQL",Education,471892,19,Bachelor,Contract,2026-03-15,97,Closed
2666,ML Engineer,Accenture,Hyderabad,Delhi,India,Hybrid,Entry,2,4,16,"Azure,Python",Education,364687,345,Bachelor,Contract,2026-01-03,87,Closed
2667,Data Analyst,Amazon,Delhi,Tamil Nadu,India,Remote,Associate,5,10,15,"Power BI,SQL",Education,761872,44,Master,Full-time,2026-06-21,78,Closed
2668,Software Engineer,Amazon,Chennai,Maharashtra,India,Onsite,Associate,0,9,20,"Power BI,SQL",IT Services,727564,275,Bachelor,Contract,2026-02-01,50,Closed
2669,ML Engineer,Wipro,Pune,Karnataka,India,Remote,Mid,7,17,17,"Python,Pandas",Retail,633107,321,Bachelor,Internship,2026-01-03,74,Open
2670,Data Analyst,Infosys,Delhi,Telangana,India,Remote,Senior,4,19,4,"Python,Pandas",Retail,1271534,247,Bachelor,Full-time,2026-03-20,95,Closed
2671,BI Developer,Zoho,Hyderabad,Karnataka,India,Onsite,Senior,2,19,4,"Azure,Python",IT Services,1351203,383,Bachelor,Full-time,2026-05-15,73,Open
2672,Software Engineer,Wipro,Pune,Tamil Nadu,India,Onsite,Mid,7,17,7,"Python,Pandas",Finance,555792,217,Master,Full-time,2026-01-26,73,Open
2673,Data Analyst,Infosys,Pune,Delhi,India,Remote,Associate,3,18,10,"Python,SQL",Finance,567208,3,Bachelor,Internship,2026-02-07,88,Closed
2674,ML Engineer,Accenture,Chennai,Telangana,India,Hybrid,Entry,5,21,4,"Python,SQL",IT Services,1255567,2,Master,Full-time,2026-02-17,54,Open
2675,BI Developer,Wipro,Chennai,Maharashtra,India,Hybrid,Mid,6,9,4,"Power BI,SQL",Retail,1781938,2,Master,Contract,2026-04-06,98,Closed
2676,BI Developer,Infosys,Bengaluru,Maharashtra,India,Remote,Senior,3,21,7,"Azure,Python",Healthcare,655022,64,Master,Full-time,2026-02-19,70,Closed
2677,ML Engineer,Wipro,Pune,Delhi,India,Hybrid,Entry,7,7,19,"Excel,SQL",Finance,418519,226,Bachelor,Contract,2026-01-17,76,Open
2678,Business Analyst,Accenture,Pune,Telangana,India,Hybrid,Senior,6,27,10,"Python,Pandas",Finance,317041,383,Bachelor,Internship,2026-06-07,61,Closed
2679,ML Engineer,Accenture,Mumbai,Tamil Nadu,India,Hybrid,Entry,1,14,14,"Azure,Python",Education,788490,191,Bachelor,Internship,2026-01-26,68,Open
2680,Business Analyst,TechNova,Hyderabad,Maharashtra,India,Onsite,Mid,8,10,14,"Excel,SQL",Healthcare,1254260,420,Bachelor,Full-time,2026-03-25,86,Closed
2681,Business Analyst,Wipro,Bengaluru,Maharashtra,India,Onsite,Entry,2,7,8,"Excel,SQL",Healthcare,395750,493,Master,Full-time,2026-02-24,95,Open
2682,Data Analyst,Amazon,Pune,Telangana,India,Hybrid,Entry,5,16,5,"Azure,Python",Retail,1192481,394,Bachelor,Full-time,2026-04-16,68,Closed
2683,Data Scientist,Amazon,Bengaluru,Tamil Nadu,India,Hybrid,Associate,4,24,9,"Python,Pandas",Healthcare,825616,142,Master,Full-time,2026-05-15,89,Closed
2684,Software Engineer,Accenture,Bengaluru,Telangana,India,Remote,Senior,2,14,4,"Python,Pandas",Education,1600263,475,Master,Full-time,2026-01-03,82,Open
2685,Data Analyst,Wipro,Pune,Karnataka,India,Hybrid,Senior,4,17,5,"Excel,SQL",Education,583662,305,Bachelor,Internship,2026-05-01,84,Closed
2686,Data Analyst,Amazon,Pune,Telangana,India,Onsite,Entry,8,16,13,"Power BI,SQL",Education,820833,387,Bachelor,Full-time,2026-05-15,94,Open
2687,ML Engineer,Amazon,Bengaluru,Delhi,India,Remote,Entry,7,20,11,"Power BI,SQL",Finance,818461,462,Master,Internship,2026-03-01,90,Open
2688,BI Developer,Wipro,Delhi,Karnataka,India,Onsite,Senior,5,6,5,"Power BI,SQL",Healthcare,1698306,126,Bachelor,Full-time,2026-05-25,93,Closed
2689,BI Developer,Infosys,Bengaluru,Delhi,India,Remote,Associate,8,21,20,"Tableau,SQL",Retail,803785,467,Bachelor,Internship,2026-06-02,88,Closed
2690,ML Engineer,Google,Bengaluru,Telangana,India,Onsite,Senior,6,27,14,"Azure,Python",Retail,331389,405,Bachelor,Contract,2026-06-10,76,Closed
2691,BI Developer,Accenture,Pune,Telangana,India,Onsite,Senior,2,18,19,"Power BI,SQL",Education,642502,459,Master,Internship,2026-02-23,74,Closed
2692,BI Developer,Google,Bengaluru,Tamil Nadu,India,Remote,Entry,1,30,8,"Python,SQL",Healthcare,1623924,62,Master,Contract,2026-01-05,68,Closed
2693,Data Analyst,Accenture,Chennai,Karnataka,India,Onsite,Entry,0,16,13,"Power BI,SQL",Healthcare,669676,430,Master,Internship,2026-04-10,54,Closed
2694,Data Analyst,Capgemini,Chennai,Tamil Nadu,India,Hybrid,Mid,7,6,12,"Python,Pandas",Retail,1428035,205,Master,Full-time,2026-01-07,95,Open
2695,Business Analyst,Capgemini,Mumbai,Maharashtra,India,Onsite,Mid,2,17,17,"Tableau,SQL",Finance,1177194,310,Bachelor,Full-time,2026-05-13,86,Closed
2696,Business Analyst,TCS,Delhi,Delhi,India,Hybrid,Mid,3,15,17,"Python,SQL",Education,838245,186,Bachelor,Internship,2026-01-28,66,Closed
2697,BI Developer,Google,Mumbai,Telangana,India,Hybrid,Senior,2,17,10,"Python,Pandas",Education,1575598,407,Bachelor,Contract,2026-05-08,92,Open
2698,Data Scientist,Accenture,Chennai,Karnataka,India,Remote,Mid,2,27,7,"Python,SQL",Healthcare,582103,39,Master,Full-time,2026-03-23,86,Open
2699,Data Scientist,Zoho,Pune,Karnataka,India,Remote,Senior,2,10,9,"Python,Pandas",IT Services,534848,421,Bachelor,Internship,2026-06-20,71,Open
2700,Data Scientist,Wipro,Bengaluru,Telangana,India,Remote,Senior,4,27,14,"Python,SQL",IT Services,722699,146,Master,Full-time,2026-03-27,56,Open
2701,Data Scientist,Zoho,Delhi,Maharashtra,India,Onsite,Mid,2,22,5,"Excel,SQL",Finance,466494,24,Bachelor,Full-time,2026-05-01,63,Open
2702,BI Developer,Accenture,Mumbai,Delhi,India,Hybrid,Senior,3,3,6,"Power BI,SQL",Education,635242,193,Master,Contract,2026-05-10,52,Open
2703,ML Engineer,Accenture,Bengaluru,Telangana,India,Hybrid,Mid,8,20,10,"Power BI,SQL",Retail,363800,366,Bachelor,Full-time,2026-03-10,75,Closed
2704,Data Analyst,Capgemini,Delhi,Telangana,India,Remote,Senior,8,19,12,"Tableau,SQL",Finance,1763396,494,Bachelor,Internship,2026-06-28,70,Open
2705,ML Engineer,Wipro,Hyderabad,Karnataka,India,Hybrid,Associate,4,18,6,"Power BI,SQL",IT Services,684729,220,Bachelor,Internship,2026-01-22,79,Closed
2706,Data Analyst,TechNova,Bengaluru,Telangana,India,Onsite,Mid,6,23,19,"Python,Pandas",Education,553508,481,Bachelor,Internship,2026-03-12,67,Closed
2707,Business Analyst,Capgemini,Pune,Telangana,India,Hybrid,Associate,2,22,6,"Power BI,SQL",Finance,1147971,293,Bachelor,Internship,2026-02-17,88,Open
2708,Data Analyst,Google,Mumbai,Maharashtra,India,Remote,Associate,2,11,17,"Tableau,SQL",Healthcare,1611804,11,Master,Contract,2026-04-27,93,Closed
2709,ML Engineer,Wipro,Pune,Tamil Nadu,India,Remote,Senior,4,27,13,"Python,Pandas",Retail,1612606,327,Bachelor,Internship,2026-01-27,81,Closed
2710,Software Engineer,Infosys,Bengaluru,Maharashtra,India,Hybrid,Senior,1,13,15,"Python,SQL",Retail,691019,51,Bachelor,Full-time,2026-01-18,74,Open
2711,Software Engineer,Amazon,Mumbai,Telangana,India,Hybrid,Associate,0,16,11,"Power BI,SQL",IT Services,1164856,258,Master,Internship,2026-01-19,58,Open
2712,Software Engineer,TechNova,Bengaluru,Karnataka,India,Remote,Mid,0,26,20,"Python,Pandas",Retail,1245828,393,Bachelor,Full-time,2026-05-21,73,Closed
2713,Data Analyst,TCS,Mumbai,Maharashtra,India,Remote,Mid,2,3,20,"Power BI,SQL",Education,591114,311,Master,Contract,2026-05-04,55,Open
2714,Data Scientist,Wipro,Bengaluru,Tamil Nadu,India,Remote,Senior,6,3,15,"Tableau,SQL",IT Services,489622,403,Bachelor,Full-time,2026-06-21,92,Closed
2715,Data Analyst,Google,Bengaluru,Tamil Nadu,India,Hybrid,Mid,5,24,17,"Power BI,SQL",Education,1304325,198,Master,Contract,2026-03-01,50,Closed
2716,Data Scientist,Wipro,Chennai,Maharashtra,India,Onsite,Mid,7,3,18,"Python,SQL",Finance,1018500,344,Bachelor,Contract,2026-03-29,60,Open
2717,Software Engineer,Accenture,Delhi,Telangana,India,Onsite,Mid,0,7,14,"Excel,SQL",Finance,942159,393,Master,Internship,2026-03-30,84,Open
2718,ML Engineer,Microsoft,Bengaluru,Delhi,India,Remote,Mid,4,4,12,"Tableau,SQL",Retail,380824,368,Bachelor,Contract,2026-02-27,59,Closed
2719,Data Scientist,TechNova,Hyderabad,Maharashtra,India,Hybrid,Mid,8,27,9,"Azure,Python",Retail,1509930,235,Bachelor,Internship,2026-04-24,97,Open
2720,Data Scientist,Microsoft,Hyderabad,Delhi,India,Hybrid,Mid,4,25,10,"Tableau,SQL",Healthcare,339462,286,Bachelor,Contract,2026-06-16,92,Open
2721,Business Analyst,TechNova,Pune,Delhi,India,Hybrid,Mid,0,5,6,"Excel,SQL",Finance,1472174,425,Bachelor,Internship,2026-04-19,95,Open
2722,BI Developer,Capgemini,Hyderabad,Maharashtra,India,Remote,Mid,6,5,15,"Azure,Python",Healthcare,959407,90,Bachelor,Full-time,2026-06-10,77,Closed
2723,BI Developer,TechNova,Delhi,Maharashtra,India,Onsite,Entry,2,28,7,"Tableau,SQL",Education,1689014,209,Bachelor,Full-time,2026-02-15,50,Open
2724,Data Analyst,Accenture,Delhi,Karnataka,India,Hybrid,Associate,5,6,16,"Excel,SQL",Retail,1056055,238,Master,Full-time,2026-02-18,97,Open
2725,Data Analyst,Zoho,Pune,Karnataka,India,Remote,Mid,3,23,19,"Tableau,SQL",Retail,324527,18,Master,Contract,2026-03-03,71,Open
2726,BI Developer,Infosys,Pune,Maharashtra,India,Hybrid,Senior,5,24,15,"Excel,SQL",Healthcare,1746703,308,Master,Internship,2026-01-18,81,Closed
2727,Software Engineer,Zoho,Mumbai,Tamil Nadu,India,Hybrid,Associate,6,20,17,"Python,Pandas",Finance,799186,469,Bachelor,Internship,2026-01-30,74,Open
2728,ML Engineer,TechNova,Bengaluru,Karnataka,India,Hybrid,Entry,0,28,16,"Python,Pandas",Finance,750179,415,Master,Internship,2026-03-22,92,Open
2729,ML Engineer,Amazon,Hyderabad,Telangana,India,Hybrid,Entry,7,11,6,"Tableau,SQL",Finance,1234995,397,Bachelor,Full-time,2026-06-26,83,Closed
2730,Business Analyst,Zoho,Delhi,Maharashtra,India,Remote,Associate,1,20,16,"Power BI,SQL",IT Services,1773168,8,Bachelor,Contract,2026-03-27,65,Open
2731,Data Analyst,Wipro,Chennai,Tamil Nadu,India,Hybrid,Entry,0,29,4,"Power BI,SQL",IT Services,722376,74,Master,Contract,2026-05-26,76,Closed
2732,Data Scientist,Infosys,Mumbai,Tamil Nadu,India,Remote,Mid,6,10,9,"Python,SQL",Healthcare,1523903,253,Master,Full-time,2026-06-25,97,Open
2733,Data Analyst,Infosys,Hyderabad,Tamil Nadu,India,Remote,Associate,1,9,12,"Python,Pandas",IT Services,1596175,182,Bachelor,Internship,2026-06-02,88,Open
2734,Data Scientist,Zoho,Delhi,Delhi,India,Onsite,Entry,8,15,16,"Power BI,SQL",Finance,1031235,390,Master,Full-time,2026-03-11,96,Open
2735,Software Engineer,Microsoft,Bengaluru,Karnataka,India,Onsite,Mid,2,15,4,"Python,SQL",Finance,1447460,264,Bachelor,Contract,2026-01-13,58,Closed
2736,Data Scientist,TCS,Delhi,Karnataka,India,Hybrid,Senior,7,19,12,"Python,SQL",Retail,1670946,394,Bachelor,Internship,2026-04-18,62,Closed
2737,Business Analyst,Accenture,Bengaluru,Karnataka,India,Hybrid,Associate,1,19,7,"Power BI,SQL",IT Services,354737,39,Bachelor,Internship,2026-04-14,80,Closed
2738,BI Developer,TechNova,Hyderabad,Delhi,India,Remote,Entry,6,6,19,"Excel,SQL",Education,612571,373,Master,Internship,2026-01-30,63,Closed
2739,BI Developer,Google,Pune,Telangana,India,Remote,Entry,0,5,9,"Excel,SQL",Finance,578620,90,Bachelor,Internship,2026-02-20,73,Open
2740,Business Analyst,Accenture,Hyderabad,Delhi,India,Remote,Associate,0,12,17,"Tableau,SQL",IT Services,836288,32,Master,Full-time,2026-03-15,50,Open
2741,Software Engineer,Wipro,Chennai,Delhi,India,Hybrid,Senior,3,26,7,"Python,Pandas",Healthcare,676979,1,Master,Internship,2026-01-24,73,Open
2742,Data Scientist,Infosys,Chennai,Tamil Nadu,India,Hybrid,Associate,1,12,13,"Excel,SQL",Retail,1670165,77,Bachelor,Internship,2026-05-04,56,Closed
2743,Software Engineer,Amazon,Hyderabad,Maharashtra,India,Hybrid,Entry,2,3,20,"Azure,Python",Healthcare,404339,209,Bachelor,Contract,2026-06-19,56,Open
2744,Software Engineer,Accenture,Bengaluru,Maharashtra,India,Remote,Mid,1,7,9,"Python,Pandas",Finance,309155,237,Bachelor,Full-time,2026-04-30,56,Open
2745,Software Engineer,Capgemini,Pune,Maharashtra,India,Hybrid,Mid,5,25,17,"Python,SQL",Education,364178,120,Master,Internship,2026-03-01,54,Closed
2746,Business Analyst,Wipro,Hyderabad,Tamil Nadu,India,Hybrid,Mid,2,3,18,"Python,SQL",Finance,1406693,345,Master,Internship,2026-06-27,69,Closed
2747,Data Analyst,Amazon,Pune,Maharashtra,India,Hybrid,Associate,6,15,10,"Python,Pandas",Healthcare,1454305,128,Bachelor,Contract,2026-06-29,72,Closed
2748,Data Scientist,Wipro,Bengaluru,Tamil Nadu,India,Hybrid,Mid,6,12,5,"Tableau,SQL",Healthcare,1455506,307,Bachelor,Full-time,2026-04-07,52,Closed
2749,ML Engineer,Accenture,Mumbai,Tamil Nadu,India,Onsite,Associate,5,18,9,"Power BI,SQL",IT Services,1304568,421,Bachelor,Internship,2026-01-30,96,Open
2750,Software Engineer,Wipro,Delhi,Delhi,India,Remote,Entry,5,11,13,"Python,SQL",Finance,338857,318,Master,Internship,2026-03-04,89,Open
2751,BI Developer,Infosys,Mumbai,Tamil Nadu,India,Remote,Associate,4,5,10,"Excel,SQL",Education,1750202,407,Bachelor,Contract,2026-02-20,52,Closed
2752,Data Analyst,Infosys,Hyderabad,Delhi,India,Remote,Mid,1,5,7,"Azure,Python",Finance,1470122,401,Bachelor,Internship,2026-03-28,52,Closed
2753,Business Analyst,TechNova,Bengaluru,Delhi,India,Hybrid,Senior,0,14,9,"Power BI,SQL",IT Services,682107,412,Master,Internship,2026-01-14,72,Open
2754,Data Scientist,Zoho,Mumbai,Delhi,India,Onsite,Entry,5,10,5,"Python,SQL",Retail,421780,482,Master,Contract,2026-02-23,82,Open
2755,BI Developer,Zoho,Mumbai,Tamil Nadu,India,Onsite,Associate,2,17,20,"Azure,Python",Retail,1078200,405,Master,Internship,2026-04-19,96,Open
2756,Data Analyst,TCS,Chennai,Karnataka,India,Remote,Senior,0,8,17,"Power BI,SQL",Education,463831,55,Bachelor,Contract,2026-04-11,94,Closed
2757,BI Developer,TechNova,Bengaluru,Karnataka,India,Onsite,Entry,7,20,19,"Azure,Python",Education,749529,108,Bachelor,Contract,2026-02-05,52,Closed
2758,BI Developer,Accenture,Bengaluru,Tamil Nadu,India,Remote,Mid,4,14,20,"Python,SQL",Finance,1382017,131,Bachelor,Contract,2026-05-09,96,Open
2759,Data Scientist,Google,Delhi,Delhi,India,Onsite,Associate,6,13,10,"Python,Pandas",Education,814851,330,Bachelor,Contract,2026-02-14,66,Open
2760,ML Engineer,TCS,Mumbai,Maharashtra,India,Onsite,Entry,2,4,18,"Azure,Python",Healthcare,1606221,363,Master,Full-time,2026-04-30,54,Open
2761,BI Developer,Capgemini,Hyderabad,Tamil Nadu,India,Remote,Associate,3,20,6,"Excel,SQL",Healthcare,1051230,406,Bachelor,Contract,2026-05-21,60,Closed
2762,BI Developer,TechNova,Pune,Karnataka,India,Onsite,Senior,8,8,12,"Tableau,SQL",Retail,1037891,69,Bachelor,Internship,2026-06-05,80,Open
2763,ML Engineer,TCS,Bengaluru,Maharashtra,India,Remote,Senior,4,13,6,"Excel,SQL",Finance,1230871,420,Bachelor,Internship,2026-01-01,55,Closed
2764,Data Analyst,Microsoft,Delhi,Maharashtra,India,Hybrid,Mid,0,6,17,"Python,SQL",Healthcare,1260797,71,Bachelor,Contract,2026-03-08,91,Open
2765,ML Engineer,Microsoft,Pune,Tamil Nadu,India,Onsite,Senior,8,19,4,"Power BI,SQL",Retail,1766381,341,Bachelor,Full-time,2026-03-05,73,Closed
2766,Software Engineer,Infosys,Bengaluru,Tamil Nadu,India,Onsite,Entry,5,17,5,"Power BI,SQL",Healthcare,1585073,482,Master,Contract,2026-03-12,77,Closed
2767,Business Analyst,Accenture,Hyderabad,Delhi,India,Remote,Entry,7,11,13,"Azure,Python",Healthcare,1335291,499,Bachelor,Internship,2026-02-10,77,Closed
2768,Business Analyst,Wipro,Bengaluru,Tamil Nadu,India,Remote,Senior,8,13,16,"Power BI,SQL",Education,637701,59,Master,Internship,2026-01-01,87,Open
2769,Data Scientist,Amazon,Bengaluru,Maharashtra,India,Hybrid,Mid,8,24,13,"Python,SQL",Finance,1546650,358,Bachelor,Full-time,2026-01-20,95,Closed
2770,Data Analyst,Amazon,Hyderabad,Karnataka,India,Onsite,Entry,1,10,13,"Python,SQL",Healthcare,995753,186,Master,Contract,2026-01-07,53,Open
2771,Software Engineer,Infosys,Hyderabad,Telangana,India,Hybrid,Associate,7,27,15,"Tableau,SQL",Retail,1380668,331,Bachelor,Full-time,2026-03-23,87,Closed
2772,Data Analyst,Amazon,Hyderabad,Telangana,India,Remote,Mid,0,10,18,"Python,Pandas",IT Services,1169716,195,Master,Full-time,2026-02-07,73,Closed
2773,ML Engineer,Google,Pune,Telangana,India,Remote,Mid,5,26,19,"Excel,SQL",Education,770686,208,Master,Contract,2026-03-17,91,Open
2774,Data Analyst,Zoho,Bengaluru,Karnataka,India,Onsite,Associate,5,13,14,"Azure,Python",Finance,662153,348,Master,Full-time,2026-03-12,60,Closed
2775,ML Engineer,Accenture,Delhi,Maharashtra,India,Hybrid,Senior,4,29,18,"Excel,SQL",Healthcare,1193361,42,Master,Internship,2026-04-11,70,Open
2776,Business Analyst,TCS,Mumbai,Delhi,India,Onsite,Associate,1,7,17,"Azure,Python",Finance,1254441,410,Bachelor,Internship,2026-02-20,74,Open
2777,Data Scientist,Amazon,Hyderabad,Maharashtra,India,Remote,Senior,4,5,10,"Tableau,SQL",Retail,1491162,443,Master,Full-time,2026-06-14,66,Open
2778,ML Engineer,Wipro,Bengaluru,Tamil Nadu,India,Hybrid,Senior,8,16,9,"Tableau,SQL",IT Services,849899,309,Master,Contract,2026-05-04,65,Closed
2779,Software Engineer,Wipro,Hyderabad,Delhi,India,Remote,Associate,4,14,20,"Python,Pandas",Education,1064783,129,Master,Full-time,2026-03-17,54,Closed
2780,Data Analyst,Capgemini,Delhi,Tamil Nadu,India,Onsite,Mid,0,18,17,"Excel,SQL",Healthcare,1308940,59,Bachelor,Full-time,2026-03-18,75,Open
2781,Business Analyst,Accenture,Delhi,Karnataka,India,Onsite,Associate,4,29,20,"Azure,Python",Education,1732085,101,Bachelor,Contract,2026-01-21,93,Open
2782,Data Analyst,Google,Chennai,Telangana,India,Hybrid,Mid,8,8,14,"Python,Pandas",IT Services,1135487,383,Bachelor,Contract,2026-02-12,68,Closed
2783,ML Engineer,TechNova,Hyderabad,Delhi,India,Hybrid,Senior,4,29,5,"Tableau,SQL",Healthcare,1130203,481,Master,Internship,2026-05-31,69,Open
2784,Data Scientist,Microsoft,Chennai,Maharashtra,India,Hybrid,Mid,3,10,7,"Tableau,SQL",Education,1288387,146,Master,Contract,2026-04-06,54,Closed
2785,Data Analyst,Microsoft,Pune,Delhi,India,Hybrid,Entry,4,13,7,"Power BI,SQL",Finance,1130579,357,Bachelor,Full-time,2026-06-11,61,Closed
2786,ML Engineer,Accenture,Chennai,Karnataka,India,Onsite,Senior,1,14,15,"Python,SQL",IT Services,919370,414,Master,Contract,2026-05-12,53,Open
2787,Data Scientist,Capgemini,Bengaluru,Maharashtra,India,Remote,Mid,4,25,6,"Power BI,SQL",Retail,1372338,147,Bachelor,Internship,2026-02-07,83,Closed
2788,Software Engineer,Amazon,Delhi,Delhi,India,Remote,Entry,8,16,20,"Power BI,SQL",IT Services,389609,32,Bachelor,Internship,2026-04-26,85,Open
2789,ML Engineer,Accenture,Bengaluru,Karnataka,India,Onsite,Mid,3,15,18,"Power BI,SQL",Healthcare,1564383,326,Master,Full-time,2026-06-02,75,Closed
2790,Software Engineer,Wipro,Delhi,Maharashtra,India,Hybrid,Associate,8,9,20,"Power BI,SQL",Education,987775,471,Bachelor,Contract,2026-01-17,56,Closed
2791,ML Engineer,Accenture,Delhi,Maharashtra,India,Remote,Mid,4,28,10,"Azure,Python",IT Services,1062538,250,Bachelor,Full-time,2026-04-12,58,Closed
2792,BI Developer,Infosys,Bengaluru,Delhi,India,Onsite,Entry,0,17,18,"Tableau,SQL",Education,1076986,145,Master,Contract,2026-01-12,68,Closed
2793,BI Developer,Infosys,Bengaluru,Delhi,India,Onsite,Entry,5,26,4,"Tableau,SQL",Healthcare,1208746,326,Master,Full-time,2026-03-01,71,Closed
2794,ML Engineer,Amazon,Pune,Maharashtra,India,Onsite,Entry,0,28,9,"Excel,SQL",Retail,634354,54,Master,Full-time,2026-05-17,61,Closed
2795,Data Scientist,Capgemini,Bengaluru,Delhi,India,Onsite,Senior,1,25,14,"Power BI,SQL",Finance,1571638,347,Master,Internship,2026-01-18,50,Closed
2796,ML Engineer,Capgemini,Pune,Delhi,India,Remote,Entry,4,13,17,"Excel,SQL",IT Services,819154,123,Master,Contract,2026-02-10,54,Closed
2797,Software Engineer,TCS,Hyderabad,Karnataka,India,Remote,Entry,1,19,13,"Excel,SQL",Healthcare,795393,66,Bachelor,Internship,2026-01-07,54,Closed
2798,Data Scientist,Wipro,Hyderabad,Delhi,India,Hybrid,Mid,2,18,19,"Azure,Python",IT Services,1006587,149,Master,Full-time,2026-03-05,79,Closed
2799,Business Analyst,Accenture,Pune,Maharashtra,India,Remote,Associate,2,8,16,"Python,Pandas",IT Services,1396709,311,Bachelor,Full-time,2026-02-09,66,Open
2800,Data Scientist,Google,Hyderabad,Karnataka,India,Hybrid,Mid,0,28,16,"Azure,Python",Retail,1064412,210,Bachelor,Contract,2026-01-13,51,Closed
2801,Software Engineer,Infosys,Chennai,Telangana,India,Onsite,Entry,3,24,4,"Azure,Python",Education,310991,272,Bachelor,Contract,2026-06-10,69,Closed
2802,Software Engineer,Zoho,Chennai,Tamil Nadu,India,Remote,Senior,4,13,19,"Power BI,SQL",Education,399870,437,Bachelor,Contract,2026-02-17,74,Open
2803,BI Developer,Capgemini,Mumbai,Telangana,India,Onsite,Senior,0,24,7,"Python,SQL",Education,522581,382,Master,Internship,2026-04-27,81,Open
2804,Business Analyst,Accenture,Mumbai,Karnataka,India,Remote,Associate,0,12,16,"Azure,Python",Retail,671901,20,Bachelor,Full-time,2026-05-01,68,Closed
2805,BI Developer,Capgemini,Bengaluru,Delhi,India,Hybrid,Mid,1,5,14,"Azure,Python",Retail,314968,235,Bachelor,Contract,2026-06-08,69,Open
2806,ML Engineer,Amazon,Mumbai,Maharashtra,India,Onsite,Mid,0,15,13,"Excel,SQL",Healthcare,1618050,286,Master,Contract,2026-04-07,68,Closed
2807,Software Engineer,Zoho,Delhi,Maharashtra,India,Hybrid,Entry,7,18,4,"Python,Pandas",Education,1633598,68,Bachelor,Internship,2026-04-03,83,Closed
2808,ML Engineer,Google,Chennai,Tamil Nadu,India,Remote,Mid,5,21,4,"Azure,Python",Healthcare,808497,111,Bachelor,Full-time,2026-04-30,82,Open
2809,Data Scientist,Accenture,Delhi,Telangana,India,Onsite,Entry,6,24,8,"Tableau,SQL",Retail,939366,182,Master,Internship,2026-04-26,69,Closed
2810,ML Engineer,Microsoft,Pune,Tamil Nadu,India,Remote,Entry,5,21,19,"Python,Pandas",Education,933375,423,Bachelor,Full-time,2026-01-02,53,Closed
2811,Business Analyst,TCS,Delhi,Karnataka,India,Onsite,Associate,6,15,12,"Power BI,SQL",Education,1730534,428,Master,Full-time,2026-03-30,96,Open
2812,Software Engineer,TCS,Mumbai,Tamil Nadu,India,Remote,Entry,4,15,20,"Tableau,SQL",Healthcare,588523,422,Bachelor,Contract,2026-01-05,95,Open
2813,Software Engineer,Google,Bengaluru,Karnataka,India,Onsite,Associate,3,9,14,"Tableau,SQL",Retail,723675,377,Master,Internship,2026-03-01,50,Open
2814,Data Analyst,Infosys,Chennai,Karnataka,India,Onsite,Associate,0,12,20,"Power BI,SQL",Retail,1019746,466,Master,Full-time,2026-04-16,67,Open
2815,Software Engineer,Zoho,Pune,Maharashtra,India,Hybrid,Entry,6,20,5,"Azure,Python",Education,595387,308,Bachelor,Full-time,2026-04-05,76,Closed
2816,Business Analyst,Amazon,Bengaluru,Telangana,India,Onsite,Senior,1,3,4,"Power BI,SQL",Healthcare,480699,49,Bachelor,Internship,2026-03-06,78,Open
2817,Business Analyst,Zoho,Chennai,Maharashtra,India,Onsite,Mid,6,26,5,"Tableau,SQL",Finance,1393843,287,Bachelor,Internship,2026-04-22,93,Closed
2818,Data Analyst,Capgemini,Delhi,Maharashtra,India,Onsite,Associate,7,8,14,"Python,Pandas",Finance,1796813,433,Bachelor,Contract,2026-02-14,53,Closed
2819,Data Scientist,Google,Bengaluru,Delhi,India,Hybrid,Entry,3,20,19,"Azure,Python",IT Services,1358965,162,Bachelor,Contract,2026-06-01,82,Open
2820,BI Developer,Accenture,Hyderabad,Maharashtra,India,Onsite,Senior,1,27,19,"Tableau,SQL",Retail,785287,30,Master,Contract,2026-03-12,91,Closed
2821,ML Engineer,TCS,Chennai,Telangana,India,Remote,Senior,4,19,9,"Power BI,SQL",IT Services,806073,93,Bachelor,Full-time,2026-05-01,85,Open
2822,Data Scientist,Accenture,Hyderabad,Delhi,India,Remote,Entry,2,5,18,"Excel,SQL",IT Services,496025,476,Master,Contract,2026-01-23,83,Closed
2823,Software Engineer,TCS,Mumbai,Delhi,India,Hybrid,Senior,4,13,18,"Python,SQL",Education,508180,360,Master,Full-time,2026-06-06,70,Closed
2824,Data Analyst,Wipro,Hyderabad,Delhi,India,Hybrid,Associate,1,16,16,"Tableau,SQL",Finance,1498358,437,Master,Internship,2026-03-08,97,Open
2825,Data Scientist,Capgemini,Hyderabad,Maharashtra,India,Hybrid,Associate,8,30,10,"Azure,Python",Finance,1143030,211,Master,Contract,2026-04-27,69,Closed
2826,Data Analyst,TCS,Delhi,Karnataka,India,Onsite,Entry,5,17,15,"Excel,SQL",IT Services,1543636,458,Bachelor,Internship,2026-02-22,52,Open
2827,BI Developer,TCS,Bengaluru,Tamil Nadu,India,Remote,Mid,6,20,15,"Python,Pandas",Finance,1423538,455,Master,Full-time,2026-06-12,79,Open
2828,Data Analyst,TechNova,Mumbai,Karnataka,India,Remote,Mid,6,11,11,"Excel,SQL",IT Services,1731940,236,Master,Full-time,2026-05-20,88,Open
2829,BI Developer,Google,Chennai,Karnataka,India,Remote,Mid,4,30,5,"Python,Pandas",Education,1745194,432,Master,Contract,2026-05-18,84,Closed
2830,BI Developer,Google,Delhi,Karnataka,India,Onsite,Associate,2,17,14,"Python,SQL",Finance,1170216,168,Master,Full-time,2026-04-22,94,Closed
2831,BI Developer,TechNova,Hyderabad,Telangana,India,Hybrid,Senior,6,29,17,"Tableau,SQL",Healthcare,308475,415,Master,Internship,2026-05-18,50,Closed
2832,Software Engineer,Infosys,Chennai,Tamil Nadu,India,Hybrid,Senior,4,26,5,"Python,SQL",Education,337239,6,Bachelor,Contract,2026-04-09,93,Open
2833,Data Scientist,Accenture,Delhi,Karnataka,India,Hybrid,Entry,4,27,14,"Power BI,SQL",Education,1661869,239,Bachelor,Internship,2026-04-15,92,Open
2834,ML Engineer,Zoho,Bengaluru,Telangana,India,Hybrid,Senior,0,8,17,"Power BI,SQL",Retail,746825,133,Master,Internship,2026-04-26,61,Closed
2835,ML Engineer,Zoho,Hyderabad,Tamil Nadu,India,Onsite,Associate,5,20,20,"Tableau,SQL",Education,1298193,297,Master,Internship,2026-06-21,76,Closed
2836,ML Engineer,Capgemini,Hyderabad,Tamil Nadu,India,Onsite,Associate,8,7,7,"Azure,Python",Education,341338,46,Master,Contract,2026-03-07,86,Open
2837,ML Engineer,Amazon,Hyderabad,Telangana,India,Remote,Mid,3,10,17,"Python,Pandas",Healthcare,1210588,401,Master,Full-time,2026-01-08,78,Closed
2838,Software Engineer,Capgemini,Bengaluru,Karnataka,India,Hybrid,Entry,2,9,14,"Excel,SQL",Finance,1076715,103,Master,Contract,2026-03-15,97,Closed
2839,Data Scientist,Google,Delhi,Telangana,India,Hybrid,Associate,7,12,5,"Power BI,SQL",Education,1771022,125,Master,Full-time,2026-04-26,77,Closed
2840,Software Engineer,TCS,Chennai,Tamil Nadu,India,Onsite,Mid,0,23,20,"Tableau,SQL",IT Services,805145,277,Master,Full-time,2026-06-08,52,Closed
2841,Software Engineer,Infosys,Hyderabad,Delhi,India,Hybrid,Senior,6,4,20,"Azure,Python",Finance,319714,3,Bachelor,Full-time,2026-01-19,76,Open
2842,Business Analyst,Zoho,Bengaluru,Telangana,India,Onsite,Entry,5,18,10,"Python,SQL",Retail,1772441,347,Bachelor,Contract,2026-06-17,73,Closed
2843,ML Engineer,TechNova,Bengaluru,Karnataka,India,Remote,Associate,1,17,11,"Python,SQL",IT Services,539153,189,Bachelor,Internship,2026-05-30,55,Open
2844,Business Analyst,Zoho,Delhi,Maharashtra,India,Hybrid,Senior,7,10,6,"Azure,Python",IT Services,1624434,335,Bachelor,Internship,2026-02-25,86,Open
2845,ML Engineer,Capgemini,Mumbai,Tamil Nadu,India,Hybrid,Mid,2,3,20,"Python,SQL",Retail,1293956,186,Bachelor,Contract,2026-05-16,54,Open
2846,Data Scientist,Amazon,Hyderabad,Delhi,India,Remote,Associate,8,24,19,"Power BI,SQL",Retail,428343,385,Master,Full-time,2026-01-29,56,Open
2847,Software Engineer,Google,Delhi,Telangana,India,Onsite,Mid,4,25,8,"Excel,SQL",Retail,1731584,362,Bachelor,Full-time,2026-01-14,89,Closed
2848,BI Developer,Amazon,Pune,Karnataka,India,Remote,Senior,8,12,5,"Tableau,SQL",Retail,485483,292,Master,Contract,2026-05-26,96,Open
2849,ML Engineer,Accenture,Chennai,Delhi,India,Remote,Entry,5,29,14,"Python,SQL",Healthcare,1264604,161,Bachelor,Contract,2026-01-27,94,Closed
2850,Business Analyst,Google,Mumbai,Tamil Nadu,India,Onsite,Entry,8,4,8,"Excel,SQL",Healthcare,776903,94,Master,Contract,2026-01-14,89,Closed
2851,Business Analyst,Capgemini,Pune,Karnataka,India,Remote,Senior,8,17,17,"Python,SQL",Retail,1173438,44,Bachelor,Full-time,2026-02-04,63,Open
2852,BI Developer,TechNova,Hyderabad,Telangana,India,Remote,Associate,0,17,17,"Python,SQL",Education,1648044,132,Bachelor,Full-time,2026-03-26,50,Closed
2853,Software Engineer,Google,Delhi,Delhi,India,Hybrid,Associate,8,3,12,"Power BI,SQL",Finance,854311,351,Bachelor,Internship,2026-01-24,72,Closed
2854,ML Engineer,TCS,Hyderabad,Tamil Nadu,India,Onsite,Associate,2,9,19,"Tableau,SQL",Finance,1724100,418,Bachelor,Contract,2026-05-19,75,Closed
2855,ML Engineer,Amazon,Mumbai,Tamil Nadu,India,Hybrid,Associate,2,25,6,"Python,Pandas",IT Services,588313,151,Master,Contract,2026-05-29,88,Closed
2856,BI Developer,Wipro,Hyderabad,Karnataka,India,Hybrid,Associate,1,26,4,"Tableau,SQL",Education,1048130,173,Master,Contract,2026-06-20,53,Closed
2857,Software Engineer,Accenture,Bengaluru,Karnataka,India,Onsite,Senior,3,26,4,"Tableau,SQL",Healthcare,1029143,439,Master,Full-time,2026-06-07,93,Closed
2858,Business Analyst,Accenture,Delhi,Maharashtra,India,Remote,Associate,7,17,7,"Azure,Python",Finance,314885,346,Master,Internship,2026-06-13,78,Open
2859,Software Engineer,Microsoft,Mumbai,Tamil Nadu,India,Hybrid,Entry,6,26,5,"Excel,SQL",Finance,330953,108,Master,Full-time,2026-03-05,62,Closed
2860,ML Engineer,Capgemini,Mumbai,Tamil Nadu,India,Onsite,Associate,3,11,18,"Azure,Python",Retail,696198,398,Bachelor,Contract,2026-02-28,53,Closed
2861,Data Scientist,TechNova,Chennai,Karnataka,India,Onsite,Associate,4,15,7,"Python,SQL",Healthcare,854132,234,Master,Contract,2026-02-20,94,Open
2862,Software Engineer,Google,Delhi,Telangana,India,Hybrid,Entry,2,17,5,"Power BI,SQL",Retail,1050085,82,Bachelor,Contract,2026-06-15,53,Open
2863,Business Analyst,Google,Hyderabad,Karnataka,India,Onsite,Senior,2,13,10,"Tableau,SQL",Education,802118,12,Bachelor,Contract,2026-05-10,87,Open
2864,Data Scientist,Amazon,Hyderabad,Telangana,India,Remote,Mid,7,13,19,"Python,Pandas",IT Services,1753002,401,Bachelor,Full-time,2026-06-06,80,Open
2865,ML Engineer,TechNova,Bengaluru,Delhi,India,Hybrid,Senior,8,21,20,"Excel,SQL",IT Services,702050,414,Bachelor,Internship,2026-02-14,82,Open
2866,Data Analyst,Google,Bengaluru,Telangana,India,Remote,Mid,2,12,9,"Tableau,SQL",IT Services,1672625,125,Master,Internship,2026-02-16,88,Closed
2867,Business Analyst,Wipro,Mumbai,Tamil Nadu,India,Onsite,Senior,8,24,17,"Excel,SQL",IT Services,323069,12,Bachelor,Full-time,2026-02-25,78,Open
2868,Data Scientist,Infosys,Bengaluru,Karnataka,India,Onsite,Entry,3,6,4,"Azure,Python",Finance,310288,286,Master,Internship,2026-02-18,95,Closed
2869,Data Scientist,Google,Bengaluru,Karnataka,India,Onsite,Entry,7,5,12,"Tableau,SQL",Healthcare,1268575,330,Bachelor,Contract,2026-04-13,69,Closed
2870,Data Scientist,TCS,Delhi,Tamil Nadu,India,Onsite,Mid,6,29,14,"Excel,SQL",Retail,1471016,53,Bachelor,Internship,2026-01-22,95,Closed
2871,Software Engineer,TechNova,Bengaluru,Telangana,India,Remote,Mid,0,27,4,"Tableau,SQL",Retail,1464258,144,Bachelor,Full-time,2026-06-23,70,Closed
2872,Business Analyst,Zoho,Bengaluru,Maharashtra,India,Hybrid,Associate,1,27,9,"Azure,Python",Finance,732289,333,Bachelor,Full-time,2026-01-22,80,Closed
2873,BI Developer,Google,Delhi,Maharashtra,India,Onsite,Senior,8,12,16,"Azure,Python",Finance,1046164,256,Master,Internship,2026-04-02,78,Open
2874,BI Developer,Infosys,Bengaluru,Maharashtra,India,Onsite,Mid,8,23,6,"Excel,SQL",IT Services,1180819,96,Bachelor,Contract,2026-04-17,60,Closed
2875,Data Scientist,Accenture,Bengaluru,Tamil Nadu,India,Hybrid,Associate,8,22,16,"Power BI,SQL",Healthcare,1199491,463,Bachelor,Full-time,2026-03-29,53,Open
2876,Data Scientist,Capgemini,Mumbai,Maharashtra,India,Onsite,Entry,1,4,11,"Excel,SQL",Healthcare,918006,193,Master,Contract,2026-06-30,71,Closed
2877,Data Analyst,Microsoft,Bengaluru,Tamil Nadu,India,Remote,Associate,2,3,8,"Excel,SQL",Education,1782469,51,Bachelor,Full-time,2026-02-27,78,Open
2878,Business Analyst,TechNova,Bengaluru,Delhi,India,Hybrid,Mid,4,13,6,"Tableau,SQL",IT Services,364827,230,Master,Internship,2026-05-23,78,Closed
2879,BI Developer,Microsoft,Mumbai,Maharashtra,India,Onsite,Associate,7,26,13,"Tableau,SQL",Healthcare,730276,7,Master,Internship,2026-03-28,77,Closed
2880,Business Analyst,Wipro,Pune,Maharashtra,India,Hybrid,Entry,1,26,16,"Tableau,SQL",Retail,1537754,177,Master,Contract,2026-02-07,55,Closed
2881,Data Analyst,Capgemini,Pune,Maharashtra,India,Remote,Senior,8,22,4,"Excel,SQL",Education,1086276,5,Master,Contract,2026-03-26,78,Closed
2882,Data Scientist,Capgemini,Pune,Karnataka,India,Onsite,Mid,4,18,18,"Excel,SQL",Finance,925012,345,Master,Internship,2026-06-13,65,Closed
2883,ML Engineer,Zoho,Delhi,Tamil Nadu,India,Hybrid,Entry,2,14,19,"Python,SQL",Education,1646842,19,Master,Full-time,2026-06-11,97,Closed
2884,ML Engineer,Microsoft,Mumbai,Maharashtra,India,Onsite,Senior,1,14,13,"Tableau,SQL",Education,411692,161,Bachelor,Full-time,2026-06-10,75,Closed
2885,ML Engineer,Infosys,Bengaluru,Tamil Nadu,India,Remote,Mid,6,28,4,"Power BI,SQL",IT Services,1358198,39,Bachelor,Full-time,2026-06-12,54,Closed
2886,ML Engineer,Amazon,Bengaluru,Telangana,India,Hybrid,Senior,8,6,16,"Excel,SQL",Healthcare,961767,199,Bachelor,Full-time,2026-06-29,92,Open
2887,Data Analyst,TechNova,Chennai,Maharashtra,India,Remote,Entry,2,24,19,"Python,Pandas",Retail,718453,207,Master,Contract,2026-04-11,94,Open
2888,ML Engineer,Capgemini,Pune,Tamil Nadu,India,Onsite,Entry,1,20,19,"Python,Pandas",Finance,372405,467,Master,Full-time,2026-06-08,56,Open
2889,Data Scientist,Zoho,Pune,Tamil Nadu,India,Hybrid,Associate,2,29,5,"Python,SQL",IT Services,1253208,255,Master,Full-time,2026-05-16,65,Closed
2890,Data Analyst,Microsoft,Mumbai,Maharashtra,India,Onsite,Mid,6,13,10,"Python,Pandas",IT Services,1639549,403,Bachelor,Full-time,2026-01-30,68,Closed
2891,Software Engineer,TCS,Bengaluru,Maharashtra,India,Hybrid,Senior,3,4,10,"Azure,Python",Education,1279754,89,Bachelor,Full-time,2026-03-05,92,Open
2892,Data Analyst,Zoho,Bengaluru,Telangana,India,Onsite,Senior,5,19,19,"Python,Pandas",Education,839216,325,Bachelor,Internship,2026-04-19,82,Closed
2893,Data Analyst,Microsoft,Mumbai,Maharashtra,India,Onsite,Senior,0,7,7,"Tableau,SQL",Healthcare,917219,359,Master,Contract,2026-04-15,62,Closed
2894,Business Analyst,TechNova,Delhi,Delhi,India,Onsite,Entry,0,12,7,"Python,SQL",Education,617348,477,Master,Contract,2026-02-07,83,Closed
2895,ML Engineer,Amazon,Chennai,Delhi,India,Onsite,Associate,5,11,18,"Power BI,SQL",Retail,853627,324,Master,Internship,2026-03-10,96,Closed
2896,ML Engineer,TCS,Chennai,Delhi,India,Remote,Entry,5,9,8,"Python,Pandas",Education,1062340,342,Bachelor,Internship,2026-05-09,51,Open
2897,BI Developer,Zoho,Chennai,Tamil Nadu,India,Hybrid,Senior,2,5,10,"Power BI,SQL",Finance,1728172,473,Bachelor,Internship,2026-05-07,94,Open
2898,ML Engineer,TCS,Hyderabad,Tamil Nadu,India,Hybrid,Mid,7,21,15,"Azure,Python",Healthcare,984314,397,Master,Full-time,2026-05-05,63,Open
2899,Data Analyst,TCS,Delhi,Karnataka,India,Onsite,Senior,7,11,19,"Python,Pandas",Finance,777635,243,Master,Internship,2026-02-18,79,Closed
2900,BI Developer,Microsoft,Chennai,Karnataka,India,Onsite,Mid,4,6,6,"Excel,SQL",IT Services,406999,272,Bachelor,Internship,2026-04-11,94,Open
2901,ML Engineer,Amazon,Bengaluru,Karnataka,India,Onsite,Entry,2,4,7,"Azure,Python",Retail,1430347,206,Bachelor,Contract,2026-02-09,71,Open
2902,Software Engineer,Wipro,Delhi,Tamil Nadu,India,Remote,Entry,7,7,9,"Power BI,SQL",Education,578748,128,Master,Full-time,2026-03-19,79,Closed
2903,Data Scientist,Wipro,Mumbai,Telangana,India,Hybrid,Senior,5,25,13,"Power BI,SQL",IT Services,1112300,420,Bachelor,Internship,2026-05-17,72,Open
2904,Software Engineer,Infosys,Mumbai,Karnataka,India,Hybrid,Mid,7,4,20,"Excel,SQL",Retail,739290,17,Master,Full-time,2026-01-16,95,Open
2905,ML Engineer,Zoho,Chennai,Maharashtra,India,Hybrid,Mid,3,10,10,"Python,Pandas",Healthcare,1699674,125,Master,Full-time,2026-06-05,96,Closed
2906,Data Analyst,Infosys,Chennai,Delhi,India,Remote,Mid,4,27,12,"Python,SQL",Finance,1598253,65,Bachelor,Internship,2026-05-01,60,Closed
2907,ML Engineer,Google,Chennai,Telangana,India,Remote,Entry,1,27,18,"Python,Pandas",Healthcare,320263,247,Bachelor,Internship,2026-04-06,97,Open
2908,Software Engineer,Capgemini,Chennai,Maharashtra,India,Hybrid,Entry,1,8,4,"Tableau,SQL",Retail,709408,190,Bachelor,Contract,2026-05-22,74,Open
2909,ML Engineer,Zoho,Pune,Delhi,India,Onsite,Entry,6,9,8,"Python,Pandas",Retail,1040830,61,Bachelor,Full-time,2026-06-17,51,Open
2910,Software Engineer,Infosys,Chennai,Karnataka,India,Onsite,Mid,5,8,6,"Power BI,SQL",Healthcare,1629391,457,Master,Internship,2026-01-12,65,Closed
2911,Business Analyst,Zoho,Hyderabad,Maharashtra,India,Hybrid,Entry,7,19,19,"Tableau,SQL",Finance,502507,206,Bachelor,Full-time,2026-06-21,92,Closed
2912,BI Developer,Microsoft,Bengaluru,Telangana,India,Hybrid,Entry,2,11,9,"Python,SQL",Retail,320799,276,Master,Full-time,2026-01-12,78,Open
2913,Data Scientist,Infosys,Bengaluru,Tamil Nadu,India,Onsite,Senior,2,11,20,"Tableau,SQL",IT Services,402851,373,Master,Full-time,2026-01-04,60,Closed
2914,Data Analyst,Infosys,Pune,Tamil Nadu,India,Onsite,Associate,0,6,17,"Python,Pandas",Education,339635,128,Master,Internship,2026-02-03,97,Open
2915,Business Analyst,Zoho,Bengaluru,Maharashtra,India,Onsite,Mid,2,5,6,"Tableau,SQL",Education,387962,142,Bachelor,Full-time,2026-03-30,76,Closed
2916,BI Developer,Microsoft,Hyderabad,Telangana,India,Hybrid,Entry,8,8,4,"Power BI,SQL",Retail,1742037,198,Master,Full-time,2026-05-04,92,Open
2917,BI Developer,TCS,Bengaluru,Telangana,India,Remote,Entry,5,18,12,"Excel,SQL",IT Services,1344897,280,Master,Full-time,2026-01-27,97,Open
2918,ML Engineer,Capgemini,Pune,Telangana,India,Remote,Entry,7,23,5,"Excel,SQL",Healthcare,914449,180,Master,Contract,2026-01-25,64,Open
2919,Data Analyst,Amazon,Bengaluru,Karnataka,India,Remote,Associate,6,12,19,"Azure,Python",IT Services,1099779,494,Bachelor,Contract,2026-03-02,58,Closed
2920,Data Analyst,Capgemini,Hyderabad,Delhi,India,Remote,Mid,6,5,4,"Excel,SQL",Healthcare,440718,470,Bachelor,Internship,2026-03-16,83,Closed
2921,Data Scientist,Zoho,Pune,Karnataka,India,Hybrid,Senior,2,20,19,"Python,Pandas",Retail,1048553,295,Bachelor,Full-time,2026-06-25,83,Closed
2922,Data Analyst,Accenture,Bengaluru,Telangana,India,Onsite,Entry,3,5,4,"Tableau,SQL",Healthcare,1113075,429,Master,Full-time,2026-02-23,59,Open
2923,BI Developer,Microsoft,Chennai,Telangana,India,Remote,Senior,8,22,5,"Python,Pandas",Education,983170,263,Bachelor,Internship,2026-05-19,95,Closed
2924,Business Analyst,Capgemini,Mumbai,Karnataka,India,Onsite,Associate,2,13,5,"Python,SQL",Retail,1534341,247,Bachelor,Contract,2026-06-13,79,Open
2925,Data Analyst,TCS,Pune,Tamil Nadu,India,Hybrid,Associate,3,16,16,"Excel,SQL",Education,706318,362,Master,Internship,2026-06-15,59,Open
2926,Data Scientist,Amazon,Mumbai,Karnataka,India,Onsite,Mid,6,26,11,"Python,SQL",Education,1652609,480,Master,Contract,2026-04-11,88,Open
2927,Software Engineer,Zoho,Hyderabad,Delhi,India,Remote,Associate,3,23,9,"Azure,Python",IT Services,1689989,270,Bachelor,Internship,2026-03-05,74,Open
2928,Data Analyst,Infosys,Bengaluru,Tamil Nadu,India,Onsite,Associate,4,3,16,"Tableau,SQL",Healthcare,897719,210,Master,Contract,2026-03-23,61,Closed
2929,BI Developer,Accenture,Pune,Tamil Nadu,India,Onsite,Associate,2,13,9,"Python,Pandas",Finance,927031,430,Master,Internship,2026-06-30,70,Closed
2930,ML Engineer,Wipro,Hyderabad,Maharashtra,India,Remote,Associate,6,5,12,"Python,Pandas",Retail,932383,59,Master,Internship,2026-03-02,61,Closed
2931,ML Engineer,Google,Hyderabad,Delhi,India,Hybrid,Senior,4,14,17,"Python,Pandas",Retail,1375185,46,Bachelor,Full-time,2026-03-14,80,Open
2932,Software Engineer,Microsoft,Bengaluru,Telangana,India,Remote,Associate,2,21,6,"Azure,Python",Healthcare,1628158,496,Bachelor,Full-time,2026-01-21,79,Closed
2933,ML Engineer,Google,Pune,Maharashtra,India,Hybrid,Entry,7,11,16,"Excel,SQL",Education,481486,400,Master,Full-time,2026-04-22,76,Open
2934,Data Analyst,Wipro,Delhi,Tamil Nadu,India,Remote,Entry,5,11,19,"Tableau,SQL",IT Services,446552,181,Master,Contract,2026-03-02,83,Closed
2935,Business Analyst,Zoho,Hyderabad,Telangana,India,Onsite,Associate,7,18,13,"Python,Pandas",IT Services,1424552,304,Master,Full-time,2026-06-13,96,Closed
2936,Data Scientist,Infosys,Chennai,Tamil Nadu,India,Onsite,Associate,7,10,9,"Python,SQL",Finance,952669,179,Bachelor,Contract,2026-06-11,89,Closed
2937,Business Analyst,Amazon,Bengaluru,Karnataka,India,Onsite,Senior,3,19,4,"Python,Pandas",Healthcare,1506818,408,Bachelor,Contract,2026-06-27,52,Closed
2938,Data Analyst,Wipro,Bengaluru,Telangana,India,Hybrid,Associate,8,21,11,"Python,SQL",Education,864760,467,Master,Internship,2026-03-22,91,Open
2939,Software Engineer,TechNova,Mumbai,Tamil Nadu,India,Hybrid,Mid,8,16,5,"Python,SQL",Finance,602540,239,Master,Contract,2026-06-07,90,Open
2940,Software Engineer,Google,Chennai,Delhi,India,Hybrid,Senior,3,18,19,"Python,SQL",Finance,355686,141,Bachelor,Internship,2026-03-09,92,Open
2941,Business Analyst,Accenture,Delhi,Telangana,India,Remote,Mid,7,17,8,"Tableau,SQL",IT Services,1591463,497,Master,Internship,2026-03-20,67,Open
2942,Business Analyst,Capgemini,Delhi,Karnataka,India,Onsite,Senior,3,14,15,"Python,SQL",Education,767037,152,Master,Full-time,2026-05-10,90,Closed
2943,Data Scientist,Accenture,Pune,Karnataka,India,Onsite,Senior,7,29,16,"Tableau,SQL",Education,1275592,194,Master,Contract,2026-03-02,82,Open
2944,BI Developer,Microsoft,Hyderabad,Telangana,India,Remote,Mid,3,18,14,"Azure,Python",Retail,627320,387,Bachelor,Internship,2026-06-10,92,Open
2945,Data Analyst,Wipro,Chennai,Tamil Nadu,India,Hybrid,Entry,4,18,5,"Excel,SQL",Finance,1774281,461,Master,Full-time,2026-02-27,60,Closed
2946,Data Analyst,TCS,Pune,Telangana,India,Remote,Senior,0,28,18,"Azure,Python",Retail,511131,141,Master,Contract,2026-03-23,66,Closed
2947,Data Scientist,TCS,Mumbai,Karnataka,India,Remote,Associate,3,27,9,"Azure,Python",Retail,1603168,317,Master,Full-time,2026-04-10,68,Open
2948,Data Scientist,Zoho,Mumbai,Maharashtra,India,Remote,Entry,3,16,18,"Tableau,SQL",Healthcare,1233483,386,Bachelor,Full-time,2026-02-26,86,Closed
2949,ML Engineer,Google,Bengaluru,Karnataka,India,Remote,Entry,1,29,8,"Excel,SQL",Finance,1627568,227,Bachelor,Internship,2026-05-16,96,Open
2950,Data Scientist,Google,Hyderabad,Karnataka,India,Onsite,Mid,6,6,10,"Python,SQL",Finance,1390139,426,Master,Internship,2026-02-03,69,Open
2951,Data Analyst,Amazon,Pune,Maharashtra,India,Onsite,Entry,3,7,19,"Tableau,SQL",Education,729856,447,Master,Full-time,2026-03-10,74,Open
2952,ML Engineer,Wipro,Bengaluru,Delhi,India,Hybrid,Senior,3,13,6,"Azure,Python",Education,1170309,424,Bachelor,Internship,2026-03-19,70,Open
2953,Data Scientist,TCS,Hyderabad,Telangana,India,Remote,Entry,1,7,11,"Excel,SQL",Education,593814,44,Master,Full-time,2026-06-18,63,Open
2954,Business Analyst,Microsoft,Hyderabad,Maharashtra,India,Onsite,Mid,3,12,10,"Power BI,SQL",Finance,721110,324,Bachelor,Contract,2026-02-23,95,Open
2955,BI Developer,Google,Bengaluru,Tamil Nadu,India,Onsite,Senior,4,7,15,"Azure,Python",Finance,826943,440,Master,Contract,2026-05-25,96,Open
2956,Data Scientist,TechNova,Bengaluru,Maharashtra,India,Hybrid,Mid,7,16,17,"Tableau,SQL",IT Services,1546416,475,Bachelor,Contract,2026-06-28,77,Closed
2957,Data Scientist,TechNova,Chennai,Telangana,India,Hybrid,Entry,7,13,18,"Power BI,SQL",Healthcare,1324030,260,Master,Internship,2026-01-18,89,Closed
2958,Data Scientist,Infosys,Mumbai,Telangana,India,Remote,Mid,6,6,15,"Python,Pandas",IT Services,1787177,166,Bachelor,Internship,2026-04-02,76,Closed
2959,BI Developer,Accenture,Bengaluru,Telangana,India,Onsite,Associate,7,25,7,"Power BI,SQL",Retail,771411,384,Bachelor,Full-time,2026-01-12,68,Open
2960,ML Engineer,Infosys,Bengaluru,Telangana,India,Hybrid,Associate,1,29,19,"Power BI,SQL",Education,1587956,80,Master,Internship,2026-03-29,94,Closed
2961,ML Engineer,TCS,Delhi,Telangana,India,Onsite,Entry,2,21,15,"Tableau,SQL",Healthcare,1133500,290,Bachelor,Contract,2026-04-28,85,Closed
2962,ML Engineer,Google,Bengaluru,Telangana,India,Hybrid,Senior,1,29,11,"Azure,Python",Healthcare,1782903,275,Bachelor,Full-time,2026-03-27,78,Closed
2963,Data Analyst,Amazon,Pune,Tamil Nadu,India,Hybrid,Senior,6,29,6,"Tableau,SQL",Education,1310952,308,Bachelor,Contract,2026-05-14,50,Closed
2964,Business Analyst,Wipro,Mumbai,Maharashtra,India,Remote,Associate,8,3,9,"Tableau,SQL",Finance,629750,367,Bachelor,Contract,2026-04-07,85,Open
2965,ML Engineer,Microsoft,Mumbai,Karnataka,India,Hybrid,Senior,6,27,12,"Tableau,SQL",Healthcare,1608158,448,Bachelor,Internship,2026-03-16,54,Closed
2966,Data Scientist,Zoho,Bengaluru,Tamil Nadu,India,Onsite,Senior,2,30,19,"Excel,SQL",Healthcare,803527,118,Bachelor,Contract,2026-02-28,95,Open
2967,Data Analyst,Zoho,Hyderabad,Delhi,India,Onsite,Senior,7,4,11,"Excel,SQL",Education,771438,324,Master,Internship,2026-05-12,51,Open
2968,ML Engineer,Google,Bengaluru,Delhi,India,Remote,Associate,1,19,9,"Power BI,SQL",Education,1166374,51,Bachelor,Internship,2026-03-04,52,Closed
2969,Data Analyst,Accenture,Chennai,Maharashtra,India,Hybrid,Associate,5,17,12,"Azure,Python",Education,401173,174,Master,Internship,2026-02-20,86,Open
2970,Software Engineer,Google,Pune,Telangana,India,Remote,Senior,8,14,18,"Python,SQL",Retail,1360839,316,Master,Contract,2026-06-04,85,Closed
2971,Business Analyst,Microsoft,Chennai,Delhi,India,Onsite,Mid,6,23,9,"Python,SQL",Finance,563797,493,Bachelor,Full-time,2026-04-22,58,Open
2972,ML Engineer,Infosys,Hyderabad,Maharashtra,India,Remote,Mid,1,24,19,"Excel,SQL",Retail,1574857,429,Master,Contract,2026-06-07,94,Closed
2973,Data Analyst,Accenture,Chennai,Delhi,India,Remote,Associate,7,6,12,"Azure,Python",Healthcare,499959,195,Master,Full-time,2026-06-26,66,Open
2974,Data Scientist,Capgemini,Delhi,Tamil Nadu,India,Onsite,Entry,8,8,12,"Python,SQL",IT Services,822905,255,Master,Contract,2026-01-19,82,Closed
2975,Business Analyst,TCS,Chennai,Telangana,India,Remote,Entry,6,22,6,"Tableau,SQL",Retail,522912,79,Master,Internship,2026-05-18,86,Closed
2976,ML Engineer,Microsoft,Bengaluru,Telangana,India,Remote,Senior,5,11,9,"Python,SQL",Retail,1472681,143,Master,Internship,2026-05-22,65,Closed
2977,Data Analyst,TCS,Mumbai,Telangana,India,Hybrid,Senior,6,20,19,"Power BI,SQL",Healthcare,1496313,479,Master,Contract,2026-03-20,81,Closed
2978,Software Engineer,Wipro,Bengaluru,Karnataka,India,Onsite,Entry,3,10,19,"Power BI,SQL",Education,1081823,472,Master,Contract,2026-05-04,64,Closed
2979,Data Scientist,Google,Delhi,Maharashtra,India,Onsite,Associate,4,17,5,"Python,SQL",Retail,706705,46,Bachelor,Internship,2026-03-28,85,Open
2980,Business Analyst,Zoho,Pune,Karnataka,India,Onsite,Mid,5,10,7,"Azure,Python",Education,533331,201,Master,Full-time,2026-03-04,63,Closed
2981,Data Analyst,Google,Mumbai,Telangana,India,Hybrid,Entry,0,9,12,"Python,Pandas",Education,947725,19,Bachelor,Full-time,2026-03-13,79,Open
2982,Data Scientist,Microsoft,Hyderabad,Delhi,India,Onsite,Mid,3,22,12,"Python,Pandas",Education,1032528,203,Master,Contract,2026-05-14,67,Closed
2983,BI Developer,Wipro,Chennai,Delhi,India,Onsite,Entry,5,22,7,"Tableau,SQL",IT Services,883167,339,Master,Full-time,2026-02-05,59,Closed
2984,Software Engineer,Google,Chennai,Maharashtra,India,Remote,Senior,1,23,9,"Power BI,SQL",Healthcare,914560,65,Master,Internship,2026-06-27,77,Closed
2985,Business Analyst,Wipro,Delhi,Maharashtra,India,Remote,Senior,0,7,11,"Power BI,SQL",Education,1310514,176,Bachelor,Internship,2026-01-22,96,Open
2986,Business Analyst,Amazon,Pune,Karnataka,India,Onsite,Mid,3,10,19,"Python,Pandas",Education,567723,38,Bachelor,Internship,2026-06-03,67,Open
2987,ML Engineer,TechNova,Chennai,Telangana,India,Remote,Senior,7,29,10,"Power BI,SQL",IT Services,1653825,158,Master,Internship,2026-02-07,97,Open
2988,Software Engineer,Google,Mumbai,Tamil Nadu,India,Onsite,Mid,6,3,4,"Python,SQL",Finance,1058507,446,Bachelor,Full-time,2026-02-26,57,Open
2989,Data Analyst,Accenture,Chennai,Karnataka,India,Hybrid,Mid,3,16,17,"Azure,Python",Education,529075,463,Bachelor,Internship,2026-03-22,71,Open
2990,ML Engineer,Accenture,Hyderabad,Telangana,India,Onsite,Associate,7,26,9,"Azure,Python",Education,1385025,442,Bachelor,Full-time,2026-02-03,86,Closed
2991,Software Engineer,Capgemini,Hyderabad,Telangana,India,Remote,Mid,0,20,18,"Power BI,SQL",Finance,972263,221,Master,Internship,2026-03-16,87,Closed
2992,Data Analyst,Microsoft,Mumbai,Tamil Nadu,India,Onsite,Senior,7,12,18,"Azure,Python",Retail,1236514,394,Bachelor,Internship,2026-02-22,91,Closed
2993,Data Scientist,Wipro,Chennai,Maharashtra,India,Onsite,Entry,3,16,12,"Power BI,SQL",Healthcare,1145156,61,Master,Internship,2026-06-01,89,Open
2994,ML Engineer,Infosys,Delhi,Delhi,India,Hybrid,Entry,2,6,19,"Azure,Python",Finance,1243397,321,Master,Contract,2026-02-08,96,Closed
2995,Data Scientist,Capgemini,Hyderabad,Delhi,India,Remote,Associate,3,23,15,"Azure,Python",Finance,829686,126,Bachelor,Contract,2026-05-04,64,Open
2996,Data Analyst,Google,Hyderabad,Tamil Nadu,India,Onsite,Associate,2,13,19,"Python,SQL",Retail,1373608,164,Master,Contract,2026-01-30,94,Open
2997,ML Engineer,TechNova,Bengaluru,Maharashtra,India,Onsite,Associate,7,25,20,"Excel,SQL",Finance,1261114,197,Master,Internship,2026-06-08,64,Open
2998,BI Developer,Amazon,Delhi,Telangana,India,Hybrid,Associate,5,9,14,"Power BI,SQL",Finance,628772,134,Bachelor,Internship,2026-02-13,86,Closed
2999,Business Analyst,Wipro,Bengaluru,Tamil Nadu,India,Remote,Senior,6,13,15,"Python,Pandas",IT Services,1609020,462,Master,Contract,2026-04-09,79,Closed
3000,Data Analyst,Capgemini,Delhi,Telangana,India,Remote,Senior,0,23,19,"Python,SQL",Education,1770300,64,Master,Full-time,2026-04-05,94,Closed
3001,ML Engineer,Wipro,Chennai,Tamil Nadu,India,Onsite,Mid,4,26,20,"Power BI,SQL",Healthcare,360385,18,Bachelor,Contract,2026-02-25,83,Closed
3002,ML Engineer,Capgemini,Pune,Telangana,India,Remote,Entry,8,26,18,"Excel,SQL",Healthcare,818196,245,Bachelor,Internship,2026-01-07,77,Closed
3003,BI Developer,Infosys,Hyderabad,Delhi,India,Remote,Associate,6,29,5,"Python,Pandas",Education,934914,331,Bachelor,Contract,2026-06-18,77,Open
3004,Data Analyst,Microsoft,Bengaluru,Karnataka,India,Onsite,Entry,5,11,8,"Excel,SQL",Retail,1400991,412,Master,Contract,2026-05-29,78,Closed
3005,Software Engineer,TCS,Hyderabad,Karnataka,India,Hybrid,Entry,0,30,14,"Excel,SQL",Retail,1578329,453,Bachelor,Contract,2026-01-18,81,Closed
3006,BI Developer,Google,Hyderabad,Telangana,India,Hybrid,Mid,1,30,15,"Python,SQL",Education,316942,164,Bachelor,Full-time,2026-02-13,97,Open
3007,Software Engineer,Accenture,Pune,Tamil Nadu,India,Onsite,Entry,1,18,7,"Python,SQL",Healthcare,1757991,147,Bachelor,Contract,2026-03-19,51,Open
3008,Software Engineer,Capgemini,Mumbai,Karnataka,India,Hybrid,Senior,3,18,6,"Azure,Python",Education,1697739,283,Master,Contract,2026-01-23,88,Closed
3009,Data Scientist,TCS,Mumbai,Maharashtra,India,Remote,Associate,5,20,8,"Tableau,SQL",Healthcare,601452,339,Bachelor,Full-time,2026-05-06,95,Open
3010,Data Scientist,Google,Mumbai,Karnataka,India,Remote,Associate,0,30,5,"Python,Pandas",Healthcare,1175874,288,Bachelor,Full-time,2026-04-25,94,Closed
3011,ML Engineer,Microsoft,Bengaluru,Telangana,India,Onsite,Associate,6,10,17,"Python,Pandas",Healthcare,1526293,29,Master,Full-time,2026-03-24,80,Open
3012,Software Engineer,TCS,Mumbai,Telangana,India,Remote,Associate,6,9,6,"Tableau,SQL",Healthcare,1452368,221,Master,Full-time,2026-01-17,63,Closed
3013,Data Scientist,Zoho,Bengaluru,Karnataka,India,Onsite,Senior,7,11,6,"Excel,SQL",Retail,859360,177,Master,Full-time,2026-02-09,87,Closed
3014,Software Engineer,Accenture,Pune,Karnataka,India,Onsite,Entry,3,24,20,"Power BI,SQL",Finance,632107,340,Master,Internship,2026-03-11,84,Closed
3015,Data Scientist,Zoho,Delhi,Karnataka,India,Remote,Associate,4,6,19,"Azure,Python",Finance,1698237,410,Bachelor,Contract,2026-01-27,82,Closed
3016,Software Engineer,TechNova,Bengaluru,Karnataka,India,Remote,Entry,5,17,4,"Excel,SQL",Retail,1216716,42,Master,Contract,2026-02-04,91,Closed
3017,Software Engineer,TechNova,Mumbai,Maharashtra,India,Hybrid,Senior,5,19,4,"Power BI,SQL",Education,955831,354,Master,Contract,2026-01-25,85,Open
3018,BI Developer,Amazon,Pune,Telangana,India,Onsite,Mid,3,11,10,"Python,SQL",IT Services,826571,391,Master,Contract,2026-05-15,74,Open
3019,Business Analyst,TechNova,Bengaluru,Telangana,India,Onsite,Entry,0,15,6,"Excel,SQL",Finance,860425,127,Bachelor,Full-time,2026-01-08,77,Closed
3020,Data Analyst,TechNova,Delhi,Telangana,India,Hybrid,Entry,8,4,10,"Excel,SQL",Retail,1692972,230,Bachelor,Internship,2026-04-17,53,Open
3021,Data Scientist,TechNova,Bengaluru,Telangana,India,Onsite,Mid,7,14,10,"Python,Pandas",Education,776252,405,Master,Internship,2026-01-22,60,Open
3022,Data Analyst,Amazon,Pune,Telangana,India,Onsite,Mid,6,14,9,"Tableau,SQL",IT Services,1575144,256,Master,Internship,2026-06-19,54,Closed
3023,Data Analyst,Google,Hyderabad,Tamil Nadu,India,Hybrid,Mid,7,16,18,"Power BI,SQL",IT Services,1215905,101,Master,Contract,2026-05-31,74,Open
3024,Software Engineer,Google,Mumbai,Tamil Nadu,India,Hybrid,Mid,7,12,14,"Python,Pandas",IT Services,783186,287,Master,Contract,2026-01-13,89,Closed
3025,Business Analyst,Amazon,Pune,Maharashtra,India,Hybrid,Entry,5,17,5,"Azure,Python",Retail,701323,471,Bachelor,Full-time,2026-02-19,88,Open
3026,BI Developer,Infosys,Mumbai,Telangana,India,Hybrid,Senior,7,4,16,"Excel,SQL",Healthcare,645496,198,Master,Internship,2026-06-02,91,Open
3027,Data Scientist,Amazon,Pune,Delhi,India,Remote,Associate,4,4,16,"Tableau,SQL",Finance,1063785,304,Bachelor,Full-time,2026-01-11,68,Closed
3028,BI Developer,Google,Delhi,Delhi,India,Hybrid,Mid,2,19,18,"Tableau,SQL",Education,1024305,316,Bachelor,Full-time,2026-03-26,65,Closed
3029,Data Scientist,Zoho,Pune,Telangana,India,Hybrid,Senior,1,18,16,"Excel,SQL",IT Services,1295276,182,Bachelor,Internship,2026-05-13,64,Open
3030,Data Scientist,Infosys,Bengaluru,Tamil Nadu,India,Hybrid,Senior,0,20,4,"Tableau,SQL",IT Services,1040531,329,Master,Contract,2026-01-26,86,Closed
3031,ML Engineer,Accenture,Mumbai,Maharashtra,India,Remote,Mid,0,29,15,"Python,SQL",Retail,1368328,411,Master,Full-time,2026-06-18,88,Closed
3032,Business Analyst,TCS,Delhi,Tamil Nadu,India,Remote,Mid,4,26,20,"Python,SQL",Finance,459373,253,Master,Contract,2026-06-17,72,Closed
3033,Business Analyst,Infosys,Delhi,Maharashtra,India,Onsite,Associate,0,6,4,"Python,Pandas",Healthcare,851914,95,Master,Internship,2026-06-07,59,Open
3034,ML Engineer,TCS,Pune,Telangana,India,Remote,Senior,5,19,4,"Azure,Python",Healthcare,1572461,462,Bachelor,Internship,2026-05-18,89,Closed
3035,Data Analyst,Accenture,Chennai,Maharashtra,India,Hybrid,Entry,4,20,12,"Python,Pandas",Education,1450444,142,Master,Internship,2026-05-13,75,Open
3036,Business Analyst,Microsoft,Mumbai,Tamil Nadu,India,Hybrid,Mid,2,10,12,"Power BI,SQL",Education,552994,145,Bachelor,Full-time,2026-01-27,81,Open
3037,Business Analyst,Amazon,Bengaluru,Maharashtra,India,Onsite,Associate,2,28,18,"Python,Pandas",Healthcare,1352145,173,Bachelor,Internship,2026-06-17,88,Open
3038,ML Engineer,Zoho,Mumbai,Delhi,India,Remote,Entry,6,4,10,"Tableau,SQL",Healthcare,1254886,253,Bachelor,Contract,2026-02-21,72,Closed
3039,Business Analyst,Accenture,Bengaluru,Telangana,India,Hybrid,Mid,5,10,19,"Power BI,SQL",Finance,1422031,282,Master,Internship,2026-03-13,68,Open
3040,Software Engineer,Accenture,Chennai,Telangana,India,Onsite,Associate,8,17,15,"Azure,Python",Education,1655051,351,Master,Full-time,2026-06-28,90,Open
3041,Data Scientist,TCS,Delhi,Karnataka,India,Hybrid,Entry,5,9,17,"Python,Pandas",Healthcare,1608904,327,Bachelor,Contract,2026-03-11,50,Open
3042,BI Developer,Wipro,Delhi,Maharashtra,India,Remote,Entry,0,13,7,"Excel,SQL",Retail,1527016,53,Master,Full-time,2026-01-12,87,Closed
3043,Business Analyst,Google,Bengaluru,Telangana,India,Remote,Senior,2,12,5,"Python,Pandas",Retail,1706575,136,Master,Contract,2026-02-04,69,Open
3044,ML Engineer,Wipro,Chennai,Karnataka,India,Onsite,Senior,5,12,7,"Azure,Python",IT Services,1731342,150,Master,Internship,2026-06-25,94,Closed
3045,Software Engineer,Google,Chennai,Tamil Nadu,India,Remote,Entry,4,16,19,"Azure,Python",Education,458105,179,Bachelor,Internship,2026-04-28,57,Open
3046,Data Scientist,Accenture,Pune,Telangana,India,Remote,Associate,3,29,19,"Excel,SQL",Finance,432615,337,Master,Contract,2026-04-20,68,Open
3047,Software Engineer,Microsoft,Chennai,Karnataka,India,Hybrid,Entry,3,3,17,"Python,Pandas",Retail,1755984,357,Master,Full-time,2026-03-15,53,Open
3048,Software Engineer,TechNova,Bengaluru,Telangana,India,Hybrid,Entry,4,16,15,"Python,Pandas",Retail,1632762,247,Bachelor,Contract,2026-03-20,80,Closed
3049,Data Scientist,Zoho,Delhi,Tamil Nadu,India,Remote,Senior,3,8,12,"Azure,Python",IT Services,658288,170,Master,Full-time,2026-05-16,56,Closed
3050,Data Analyst,Capgemini,Hyderabad,Maharashtra,India,Hybrid,Entry,5,5,14,"Power BI,SQL",Healthcare,1032911,449,Bachelor,Contract,2026-06-18,72,Closed
3051,Software Engineer,Accenture,Pune,Karnataka,India,Hybrid,Mid,1,13,7,"Tableau,SQL",Finance,969116,13,Master,Contract,2026-05-25,54,Open
3052,Business Analyst,Amazon,Hyderabad,Maharashtra,India,Onsite,Entry,5,28,13,"Python,SQL",IT Services,417246,499,Bachelor,Contract,2026-06-03,65,Open
3053,ML Engineer,Capgemini,Chennai,Telangana,India,Remote,Mid,5,11,19,"Tableau,SQL",Education,570599,420,Bachelor,Internship,2026-06-26,72,Closed
3054,ML Engineer,TechNova,Bengaluru,Maharashtra,India,Hybrid,Senior,0,30,7,"Python,Pandas",Education,734839,433,Master,Full-time,2026-06-27,81,Open
3055,BI Developer,TechNova,Bengaluru,Delhi,India,Hybrid,Mid,8,8,15,"Azure,Python",Education,965086,466,Master,Full-time,2026-05-28,53,Open
3056,Data Scientist,Wipro,Mumbai,Tamil Nadu,India,Hybrid,Entry,0,27,20,"Excel,SQL",Education,719366,479,Bachelor,Internship,2026-05-15,91,Open
3057,Business Analyst,TechNova,Delhi,Tamil Nadu,India,Remote,Associate,8,7,14,"Python,Pandas",IT Services,1763720,488,Bachelor,Contract,2026-02-16,74,Open
3058,Data Analyst,TechNova,Mumbai,Karnataka,India,Onsite,Associate,7,9,13,"Python,Pandas",Education,1144490,367,Bachelor,Internship,2026-02-22,65,Closed
3059,Business Analyst,Google,Mumbai,Karnataka,India,Onsite,Mid,4,3,5,"Azure,Python",Healthcare,1033812,345,Master,Contract,2026-03-07,50,Open
3060,ML Engineer,Google,Pune,Telangana,India,Remote,Mid,3,9,10,"Azure,Python",Healthcare,1497617,179,Bachelor,Internship,2026-02-01,97,Open
3061,Software Engineer,Microsoft,Mumbai,Maharashtra,India,Hybrid,Senior,2,5,4,"Python,SQL",Retail,656348,261,Bachelor,Full-time,2026-06-06,89,Closed
3062,Business Analyst,Google,Chennai,Tamil Nadu,India,Remote,Entry,3,30,4,"Azure,Python",IT Services,1679482,77,Master,Internship,2026-01-08,96,Open
3063,Data Analyst,Google,Delhi,Karnataka,India,Remote,Associate,3,5,9,"Tableau,SQL",Retail,934252,431,Master,Internship,2026-05-02,56,Closed
3064,Data Analyst,Wipro,Pune,Tamil Nadu,India,Onsite,Entry,0,12,6,"Power BI,SQL",IT Services,1612136,128,Bachelor,Contract,2026-05-27,60,Open
3065,ML Engineer,Microsoft,Chennai,Telangana,India,Remote,Senior,2,27,5,"Python,SQL",Retail,1743333,130,Master,Full-time,2026-02-24,68,Open
3066,Software Engineer,Wipro,Mumbai,Maharashtra,India,Remote,Mid,1,5,16,"Python,SQL",IT Services,1539481,167,Bachelor,Internship,2026-05-11,71,Open
3067,Data Analyst,Infosys,Delhi,Tamil Nadu,India,Onsite,Mid,4,17,20,"Azure,Python",Healthcare,655152,228,Master,Internship,2026-05-21,72,Open
3068,Data Scientist,Zoho,Hyderabad,Telangana,India,Hybrid,Associate,7,9,11,"Python,Pandas",IT Services,1785454,193,Master,Full-time,2026-05-25,87,Open
3069,Data Scientist,Microsoft,Delhi,Maharashtra,India,Hybrid,Entry,8,13,4,"Azure,Python",IT Services,1092240,327,Master,Contract,2026-01-01,60,Open
3070,Business Analyst,Google,Hyderabad,Delhi,India,Hybrid,Mid,8,22,19,"Python,SQL",Healthcare,959218,354,Bachelor,Internship,2026-01-02,59,Open
3071,Data Analyst,TCS,Mumbai,Tamil Nadu,India,Hybrid,Associate,7,29,6,"Tableau,SQL",Education,995114,181,Master,Full-time,2026-06-11,71,Closed
3072,BI Developer,Google,Bengaluru,Delhi,India,Onsite,Senior,5,23,17,"Python,Pandas",Retail,1511940,492,Bachelor,Internship,2026-01-24,71,Closed
3073,Business Analyst,Wipro,Delhi,Delhi,India,Onsite,Mid,5,18,16,"Tableau,SQL",IT Services,901621,99,Bachelor,Full-time,2026-04-11,88,Closed
3074,Business Analyst,TechNova,Hyderabad,Delhi,India,Onsite,Entry,3,19,18,"Python,Pandas",Finance,478787,412,Bachelor,Full-time,2026-02-22,72,Closed
3075,ML Engineer,Infosys,Pune,Maharashtra,India,Onsite,Associate,7,11,7,"Excel,SQL",Healthcare,1559547,391,Bachelor,Full-time,2026-04-22,56,Closed
3076,Data Analyst,Infosys,Mumbai,Maharashtra,India,Remote,Senior,7,15,7,"Excel,SQL",IT Services,1054685,396,Master,Contract,2026-02-09,58,Open
3077,Data Analyst,Wipro,Hyderabad,Telangana,India,Remote,Associate,4,16,6,"Python,SQL",Education,421328,423,Bachelor,Internship,2026-05-10,98,Open
3078,Business Analyst,Wipro,Pune,Delhi,India,Remote,Entry,0,8,16,"Python,Pandas",Finance,989905,193,Bachelor,Contract,2026-06-29,62,Open
3079,BI Developer,Accenture,Pune,Maharashtra,India,Onsite,Mid,7,27,6,"Python,SQL",Education,921701,52,Master,Contract,2026-01-26,79,Open
3080,ML Engineer,Google,Delhi,Telangana,India,Hybrid,Associate,3,5,8,"Python,SQL",IT Services,684174,404,Master,Full-time,2026-03-21,91,Closed
3081,Data Scientist,Accenture,Hyderabad,Tamil Nadu,India,Hybrid,Entry,1,13,9,"Azure,Python",Retail,1162148,99,Master,Contract,2026-02-17,66,Closed
3082,Data Scientist,Accenture,Pune,Karnataka,India,Hybrid,Senior,3,29,13,"Tableau,SQL",Retail,794196,379,Bachelor,Contract,2026-01-18,75,Closed
3083,Data Analyst,Wipro,Bengaluru,Karnataka,India,Hybrid,Entry,0,12,7,"Excel,SQL",IT Services,793008,449,Bachelor,Contract,2026-01-13,61,Open
3084,ML Engineer,TechNova,Hyderabad,Karnataka,India,Hybrid,Mid,6,10,4,"Excel,SQL",Retail,582715,252,Bachelor,Full-time,2026-06-19,91,Closed
3085,Software Engineer,Google,Delhi,Karnataka,India,Hybrid,Associate,2,25,16,"Python,Pandas",Retail,1577493,292,Bachelor,Full-time,2026-06-11,54,Closed
3086,Data Scientist,Accenture,Mumbai,Tamil Nadu,India,Remote,Entry,3,28,14,"Python,SQL",Finance,724398,375,Master,Internship,2026-04-15,57,Open
3087,BI Developer,TCS,Mumbai,Tamil Nadu,India,Remote,Mid,6,30,14,"Python,Pandas",Education,1286690,166,Master,Internship,2026-06-04,63,Closed
3088,Data Scientist,Zoho,Mumbai,Telangana,India,Remote,Entry,8,27,5,"Tableau,SQL",Healthcare,1085968,179,Master,Internship,2026-04-11,89,Closed
3089,ML Engineer,Accenture,Bengaluru,Telangana,India,Remote,Senior,0,13,19,"Power BI,SQL",Healthcare,785970,351,Master,Internship,2026-05-22,59,Closed
3090,Business Analyst,TechNova,Hyderabad,Telangana,India,Hybrid,Entry,5,25,7,"Python,SQL",Finance,1728804,395,Master,Internship,2026-04-16,76,Open
3091,Data Analyst,Zoho,Bengaluru,Karnataka,India,Onsite,Associate,6,13,11,"Excel,SQL",Education,1772684,194,Bachelor,Internship,2026-02-17,81,Open
3092,Data Scientist,Amazon,Bengaluru,Karnataka,India,Onsite,Mid,5,14,15,"Azure,Python",Finance,319607,152,Bachelor,Full-time,2026-02-28,59,Closed
3093,Data Scientist,Microsoft,Mumbai,Tamil Nadu,India,Onsite,Entry,4,26,16,"Power BI,SQL",Healthcare,1289410,23,Bachelor,Contract,2026-05-11,53,Open
3094,Data Analyst,Microsoft,Mumbai,Maharashtra,India,Hybrid,Associate,3,7,5,"Azure,Python",Education,1005904,296,Bachelor,Internship,2026-03-23,59,Closed
3095,Software Engineer,TCS,Pune,Delhi,India,Onsite,Entry,1,30,9,"Azure,Python",Education,1538097,471,Master,Full-time,2026-06-16,65,Closed
3096,Business Analyst,Accenture,Chennai,Telangana,India,Remote,Entry,6,15,17,"Python,SQL",Education,466636,494,Bachelor,Internship,2026-05-15,65,Closed
3097,ML Engineer,Infosys,Bengaluru,Delhi,India,Hybrid,Associate,7,8,17,"Power BI,SQL",Finance,1194578,195,Bachelor,Contract,2026-03-02,76,Open
3098,Data Analyst,Accenture,Chennai,Telangana,India,Hybrid,Associate,5,28,6,"Power BI,SQL",Healthcare,1049517,262,Bachelor,Internship,2026-06-07,74,Open
3099,BI Developer,Capgemini,Mumbai,Delhi,India,Onsite,Entry,3,19,12,"Tableau,SQL",Finance,1179363,167,Bachelor,Contract,2026-03-28,58,Open
3100,BI Developer,Infosys,Mumbai,Delhi,India,Onsite,Associate,0,30,16,"Tableau,SQL",IT Services,569633,239,Master,Internship,2026-04-03,92,Closed
3101,Software Engineer,TCS,Delhi,Delhi,India,Hybrid,Entry,6,26,19,"Python,Pandas",Education,1566184,255,Bachelor,Contract,2026-02-16,52,Open
3102,ML Engineer,Microsoft,Mumbai,Telangana,India,Hybrid,Entry,3,6,16,"Python,SQL",Finance,959844,143,Master,Full-time,2026-04-09,63,Closed
3103,BI Developer,Accenture,Pune,Tamil Nadu,India,Onsite,Entry,6,28,19,"Power BI,SQL",Retail,771998,467,Bachelor,Contract,2026-06-04,97,Open
3104,ML Engineer,TechNova,Chennai,Telangana,India,Remote,Associate,1,12,10,"Azure,Python",IT Services,1491270,187,Master,Contract,2026-05-14,88,Closed
3105,Software Engineer,Capgemini,Delhi,Telangana,India,Hybrid,Associate,5,29,7,"Tableau,SQL",Retail,917475,93,Master,Internship,2026-06-06,97,Closed
3106,ML Engineer,Wipro,Bengaluru,Telangana,India,Remote,Entry,5,9,10,"Tableau,SQL",Finance,1304958,56,Bachelor,Internship,2026-03-13,97,Open
3107,Data Scientist,Zoho,Mumbai,Tamil Nadu,India,Hybrid,Mid,5,5,16,"Python,Pandas",Retail,654989,1,Bachelor,Internship,2026-04-21,60,Open
3108,ML Engineer,Zoho,Pune,Karnataka,India,Onsite,Entry,6,20,7,"Tableau,SQL",Finance,1476749,228,Master,Internship,2026-02-02,98,Open
3109,BI Developer,Wipro,Pune,Maharashtra,India,Hybrid,Mid,0,5,6,"Python,SQL",IT Services,351765,456,Master,Contract,2026-04-22,64,Open
3110,BI Developer,Zoho,Delhi,Karnataka,India,Remote,Associate,3,12,17,"Power BI,SQL",Finance,1060477,118,Master,Full-time,2026-03-19,61,Closed
3111,Data Scientist,Google,Hyderabad,Delhi,India,Hybrid,Senior,5,10,6,"Power BI,SQL",Finance,1078059,390,Master,Contract,2026-05-19,96,Closed
3112,Data Analyst,Infosys,Bengaluru,Tamil Nadu,India,Hybrid,Associate,0,15,16,"Excel,SQL",Finance,1592096,256,Master,Full-time,2026-03-22,57,Closed
3113,Software Engineer,Amazon,Pune,Tamil Nadu,India,Remote,Entry,1,20,16,"Azure,Python",Retail,1102134,211,Master,Contract,2026-01-31,97,Closed
3114,Software Engineer,Wipro,Bengaluru,Karnataka,India,Hybrid,Associate,1,19,20,"Azure,Python",Finance,367255,309,Bachelor,Contract,2026-01-04,97,Closed
3115,Business Analyst,Wipro,Hyderabad,Maharashtra,India,Onsite,Entry,4,30,17,"Tableau,SQL",IT Services,466787,111,Bachelor,Full-time,2026-06-10,56,Closed
3116,Business Analyst,Capgemini,Mumbai,Delhi,India,Remote,Associate,8,27,18,"Python,Pandas",Finance,1091672,205,Bachelor,Contract,2026-05-14,96,Closed
3117,Data Analyst,Amazon,Mumbai,Telangana,India,Onsite,Senior,4,4,9,"Azure,Python",Finance,541061,479,Master,Full-time,2026-02-10,83,Open
3118,Software Engineer,Amazon,Delhi,Telangana,India,Remote,Entry,0,23,7,"Power BI,SQL",Retail,340790,87,Master,Contract,2026-05-15,71,Closed
3119,Business Analyst,TechNova,Chennai,Karnataka,India,Hybrid,Mid,3,26,10,"Azure,Python",Education,1042124,134,Bachelor,Contract,2026-06-02,70,Closed
3120,BI Developer,Microsoft,Chennai,Karnataka,India,Hybrid,Associate,2,6,18,"Excel,SQL",Retail,1748227,373,Master,Contract,2026-06-22,57,Closed
3121,ML Engineer,Google,Delhi,Karnataka,India,Hybrid,Senior,7,9,17,"Excel,SQL",Education,684121,303,Bachelor,Full-time,2026-02-26,73,Open
3122,ML Engineer,Capgemini,Chennai,Delhi,India,Onsite,Associate,2,11,14,"Excel,SQL",Finance,612045,322,Master,Full-time,2026-04-01,59,Open
3123,Data Analyst,Capgemini,Hyderabad,Delhi,India,Remote,Mid,5,13,8,"Python,SQL",Education,368268,30,Master,Internship,2026-02-23,97,Open
3124,Software Engineer,Accenture,Mumbai,Maharashtra,India,Remote,Senior,6,15,19,"Azure,Python",IT Services,1799541,196,Master,Full-time,2026-01-06,65,Closed
3125,ML Engineer,Google,Chennai,Maharashtra,India,Remote,Mid,3,16,9,"Python,Pandas",IT Services,1302214,163,Master,Full-time,2026-01-24,72,Closed
3126,Data Analyst,Capgemini,Mumbai,Tamil Nadu,India,Remote,Senior,6,13,12,"Azure,Python",Retail,1176311,376,Bachelor,Contract,2026-06-20,89,Closed
3127,Data Scientist,Wipro,Pune,Telangana,India,Remote,Senior,8,27,19,"Tableau,SQL",IT Services,990989,284,Bachelor,Full-time,2026-03-01,60,Open
3128,BI Developer,TechNova,Delhi,Karnataka,India,Hybrid,Entry,8,3,4,"Python,SQL",Healthcare,1637919,252,Master,Contract,2026-03-20,79,Closed
3129,ML Engineer,Google,Hyderabad,Delhi,India,Onsite,Entry,7,11,15,"Tableau,SQL",Retail,1635311,312,Master,Internship,2026-04-22,56,Open
3130,Data Scientist,Microsoft,Bengaluru,Delhi,India,Onsite,Associate,8,20,7,"Tableau,SQL",IT Services,1453636,339,Master,Full-time,2026-06-21,61,Open
3131,Data Scientist,Wipro,Delhi,Tamil Nadu,India,Remote,Entry,8,7,14,"Tableau,SQL",Education,975436,244,Master,Contract,2026-06-05,57,Open
3132,Business Analyst,Infosys,Chennai,Maharashtra,India,Onsite,Senior,5,8,16,"Power BI,SQL",Retail,847791,95,Master,Contract,2026-04-19,80,Closed
3133,ML Engineer,Zoho,Hyderabad,Tamil Nadu,India,Remote,Senior,6,8,10,"Python,SQL",Retail,1152871,66,Bachelor,Full-time,2026-01-26,98,Open
3134,BI Developer,Accenture,Bengaluru,Karnataka,India,Remote,Entry,7,19,18,"Tableau,SQL",IT Services,1492590,345,Bachelor,Full-time,2026-05-26,53,Open
3135,BI Developer,Zoho,Hyderabad,Tamil Nadu,India,Hybrid,Senior,4,3,11,"Python,Pandas",Healthcare,949910,307,Master,Internship,2026-05-21,96,Open
3136,Data Scientist,Amazon,Hyderabad,Telangana,India,Remote,Entry,6,18,12,"Excel,SQL",Finance,1792261,40,Master,Contract,2026-06-20,79,Open
3137,Business Analyst,Capgemini,Chennai,Tamil Nadu,India,Hybrid,Associate,6,27,15,"Tableau,SQL",Education,625543,126,Master,Contract,2026-01-10,54,Open
3138,Software Engineer,Microsoft,Hyderabad,Telangana,India,Remote,Associate,4,5,17,"Azure,Python",Healthcare,472034,469,Bachelor,Contract,2026-03-26,69,Closed
3139,Business Analyst,Capgemini,Hyderabad,Karnataka,India,Remote,Entry,6,14,19,"Tableau,SQL",Healthcare,1015044,275,Bachelor,Internship,2026-04-06,98,Closed
3140,BI Developer,TCS,Pune,Delhi,India,Remote,Mid,2,18,20,"Power BI,SQL",Healthcare,797670,250,Bachelor,Contract,2026-03-08,68,Open
3141,Data Analyst,TCS,Chennai,Maharashtra,India,Remote,Senior,7,30,4,"Azure,Python",Retail,681742,308,Bachelor,Internship,2026-05-07,87,Closed
3142,Software Engineer,Wipro,Hyderabad,Telangana,India,Onsite,Mid,7,21,8,"Azure,Python",Education,1155011,214,Bachelor,Full-time,2026-01-20,98,Closed
3143,Business Analyst,Zoho,Hyderabad,Karnataka,India,Hybrid,Mid,8,22,15,"Python,SQL",IT Services,1247792,435,Master,Contract,2026-04-22,63,Open
3144,Data Scientist,Zoho,Mumbai,Karnataka,India,Hybrid,Entry,0,29,15,"Azure,Python",Finance,1377928,476,Master,Full-time,2026-01-19,65,Closed
3145,Business Analyst,Zoho,Pune,Delhi,India,Remote,Mid,6,20,10,"Excel,SQL",IT Services,1647979,461,Master,Internship,2026-04-16,63,Open
3146,Software Engineer,Microsoft,Hyderabad,Tamil Nadu,India,Remote,Entry,1,25,8,"Python,SQL",Retail,1335146,416,Master,Internship,2026-02-11,64,Open
3147,Data Scientist,Wipro,Delhi,Maharashtra,India,Onsite,Associate,8,10,4,"Azure,Python",Finance,1305763,348,Master,Contract,2026-05-31,72,Open
3148,Data Scientist,TechNova,Chennai,Telangana,India,Hybrid,Mid,8,17,12,"Power BI,SQL",Retail,1477252,183,Bachelor,Full-time,2026-06-20,72,Open
3149,ML Engineer,Google,Delhi,Karnataka,India,Onsite,Associate,6,4,16,"Azure,Python",Finance,880406,472,Master,Full-time,2026-01-27,80,Open
3150,Software Engineer,Infosys,Hyderabad,Delhi,India,Onsite,Entry,6,18,19,"Tableau,SQL",Finance,1673132,93,Master,Internship,2026-05-25,79,Closed
3151,BI Developer,Microsoft,Mumbai,Maharashtra,India,Hybrid,Mid,3,18,4,"Excel,SQL",IT Services,1107806,322,Master,Internship,2026-04-10,65,Open
3152,Data Analyst,Infosys,Chennai,Telangana,India,Hybrid,Senior,7,26,13,"Excel,SQL",Healthcare,1319337,73,Bachelor,Internship,2026-02-08,51,Closed
3153,Business Analyst,TCS,Pune,Karnataka,India,Hybrid,Senior,7,28,4,"Python,SQL",IT Services,1138513,143,Bachelor,Internship,2026-03-10,82,Closed
3154,ML Engineer,Capgemini,Delhi,Karnataka,India,Onsite,Senior,2,6,17,"Python,SQL",IT Services,1157784,403,Bachelor,Full-time,2026-03-06,56,Open
3155,Business Analyst,TechNova,Hyderabad,Delhi,India,Remote,Associate,7,16,17,"Python,SQL",IT Services,907911,288,Bachelor,Contract,2026-06-11,53,Closed
3156,Software Engineer,TCS,Pune,Tamil Nadu,India,Hybrid,Mid,6,3,19,"Tableau,SQL",Retail,619391,156,Master,Internship,2026-03-03,91,Open
3157,Business Analyst,Amazon,Bengaluru,Maharashtra,India,Hybrid,Entry,7,9,14,"Power BI,SQL",IT Services,1160287,451,Bachelor,Contract,2026-06-01,91,Open
3158,BI Developer,Google,Bengaluru,Delhi,India,Remote,Mid,3,21,17,"Azure,Python",Retail,1678896,303,Bachelor,Internship,2026-04-24,53,Closed
3159,Business Analyst,Infosys,Hyderabad,Telangana,India,Remote,Associate,0,24,16,"Python,Pandas",Education,1090622,314,Bachelor,Full-time,2026-03-31,57,Open
3160,ML Engineer,Amazon,Hyderabad,Telangana,India,Remote,Senior,1,13,15,"Excel,SQL",Healthcare,959832,185,Master,Internship,2026-06-24,60,Open
3161,Software Engineer,Microsoft,Mumbai,Karnataka,India,Hybrid,Mid,8,8,13,"Power BI,SQL",Education,827774,125,Bachelor,Internship,2026-01-08,92,Closed
3162,BI Developer,Google,Bengaluru,Telangana,India,Onsite,Entry,2,25,17,"Python,Pandas",Education,1451522,310,Master,Full-time,2026-01-12,64,Closed
3163,Data Scientist,Microsoft,Mumbai,Karnataka,India,Hybrid,Senior,6,16,14,"Azure,Python",Healthcare,348655,301,Master,Full-time,2026-03-15,55,Open
3164,Data Analyst,Microsoft,Chennai,Telangana,India,Hybrid,Entry,7,6,7,"Tableau,SQL",Retail,466830,218,Master,Contract,2026-01-17,78,Open
3165,Software Engineer,Zoho,Hyderabad,Tamil Nadu,India,Onsite,Entry,5,19,13,"Python,Pandas",Healthcare,1538392,28,Bachelor,Internship,2026-03-06,66,Open
3166,Data Scientist,Infosys,Mumbai,Tamil Nadu,India,Onsite,Senior,2,30,17,"Azure,Python",Retail,1169398,464,Bachelor,Full-time,2026-02-04,62,Closed
3167,BI Developer,TCS,Bengaluru,Karnataka,India,Remote,Associate,8,23,4,"Excel,SQL",IT Services,467917,167,Master,Full-time,2026-01-25,70,Closed
3168,BI Developer,Accenture,Bengaluru,Karnataka,India,Hybrid,Senior,3,16,7,"Power BI,SQL",Finance,1245739,71,Bachelor,Full-time,2026-01-21,53,Open
3169,Data Scientist,Amazon,Pune,Karnataka,India,Hybrid,Mid,5,24,20,"Excel,SQL",Education,1477396,457,Bachelor,Full-time,2026-06-24,54,Closed
3170,Data Scientist,Accenture,Bengaluru,Telangana,India,Hybrid,Associate,2,10,15,"Tableau,SQL",Healthcare,973815,472,Bachelor,Full-time,2026-01-31,68,Open
3171,Software Engineer,Capgemini,Bengaluru,Telangana,India,Hybrid,Mid,8,11,4,"Azure,Python",IT Services,1127124,481,Master,Internship,2026-06-30,87,Closed
3172,ML Engineer,Capgemini,Pune,Delhi,India,Onsite,Mid,4,19,18,"Excel,SQL",Education,1000952,361,Bachelor,Full-time,2026-02-02,76,Open
3173,Software Engineer,Infosys,Mumbai,Maharashtra,India,Hybrid,Associate,4,11,13,"Excel,SQL",IT Services,1735579,225,Bachelor,Full-time,2026-03-09,93,Closed
3174,Data Analyst,Capgemini,Pune,Tamil Nadu,India,Onsite,Mid,4,24,19,"Python,SQL",Retail,1447039,449,Master,Internship,2026-04-11,53,Closed
3175,Data Analyst,Accenture,Bengaluru,Maharashtra,India,Remote,Entry,4,12,9,"Excel,SQL",Education,1115786,29,Master,Full-time,2026-03-31,93,Closed
3176,Data Analyst,TechNova,Delhi,Telangana,India,Remote,Associate,5,6,13,"Python,Pandas",Retail,1723685,196,Bachelor,Contract,2026-01-02,60,Open
3177,Data Analyst,TCS,Chennai,Telangana,India,Remote,Associate,3,21,8,"Azure,Python",Finance,1588359,468,Bachelor,Contract,2026-06-12,58,Closed
3178,Data Scientist,Infosys,Hyderabad,Maharashtra,India,Hybrid,Entry,0,25,20,"Tableau,SQL",Education,903678,193,Master,Full-time,2026-05-08,76,Closed
3179,Data Scientist,Microsoft,Pune,Delhi,India,Remote,Entry,8,21,13,"Python,Pandas",Healthcare,644628,171,Master,Full-time,2026-02-08,83,Closed
3180,Software Engineer,TCS,Bengaluru,Karnataka,India,Onsite,Associate,4,21,13,"Excel,SQL",Education,545928,419,Master,Internship,2026-05-05,61,Open
3181,Business Analyst,TCS,Bengaluru,Telangana,India,Onsite,Mid,7,3,14,"Power BI,SQL",Healthcare,1665707,329,Bachelor,Internship,2026-03-07,51,Closed
3182,Data Analyst,TechNova,Pune,Maharashtra,India,Hybrid,Associate,6,30,10,"Excel,SQL",Healthcare,1552248,350,Master,Internship,2026-05-05,63,Closed
3183,BI Developer,Microsoft,Hyderabad,Telangana,India,Onsite,Associate,3,5,19,"Tableau,SQL",Healthcare,821656,201,Bachelor,Full-time,2026-02-05,63,Open
3184,Data Analyst,TechNova,Hyderabad,Tamil Nadu,India,Onsite,Associate,4,28,20,"Python,SQL",Healthcare,1319772,94,Master,Contract,2026-05-09,56,Open
3185,Software Engineer,Wipro,Bengaluru,Tamil Nadu,India,Remote,Mid,5,8,17,"Azure,Python",Healthcare,1641206,354,Master,Full-time,2026-06-11,57,Open
3186,Data Scientist,Infosys,Chennai,Maharashtra,India,Onsite,Associate,1,12,20,"Python,Pandas",Finance,467730,102,Master,Contract,2026-05-23,72,Closed
3187,BI Developer,Amazon,Delhi,Tamil Nadu,India,Remote,Senior,7,5,14,"Python,SQL",Finance,1114610,5,Bachelor,Full-time,2026-05-04,69,Open
3188,Software Engineer,Wipro,Delhi,Karnataka,India,Remote,Entry,7,10,19,"Azure,Python",Finance,663184,13,Bachelor,Internship,2026-02-22,77,Open
3189,Data Analyst,Google,Hyderabad,Telangana,India,Hybrid,Senior,3,9,4,"Azure,Python",Finance,1423965,274,Bachelor,Contract,2026-01-06,50,Open
3190,Data Analyst,Google,Hyderabad,Delhi,India,Remote,Entry,0,12,5,"Power BI,SQL",IT Services,912939,453,Bachelor,Internship,2026-01-21,92,Closed
3191,Software Engineer,Amazon,Pune,Telangana,India,Remote,Senior,5,3,13,"Tableau,SQL",Education,674077,52,Master,Full-time,2026-02-13,86,Open
3192,Data Analyst,Amazon,Delhi,Delhi,India,Remote,Entry,6,25,20,"Python,SQL",Retail,1135255,422,Bachelor,Full-time,2026-02-05,98,Closed
3193,Data Analyst,Zoho,Delhi,Maharashtra,India,Onsite,Mid,8,16,5,"Python,SQL",IT Services,896281,278,Bachelor,Contract,2026-05-04,66,Open
3194,BI Developer,Infosys,Chennai,Telangana,India,Remote,Mid,8,3,5,"Excel,SQL",IT Services,595673,75,Master,Internship,2026-05-10,80,Open
3195,Data Analyst,TCS,Bengaluru,Telangana,India,Hybrid,Mid,5,18,20,"Power BI,SQL",Healthcare,1643263,402,Bachelor,Full-time,2026-01-15,83,Open
3196,ML Engineer,Zoho,Mumbai,Karnataka,India,Hybrid,Entry,2,28,10,"Python,SQL",Retail,675952,105,Bachelor,Internship,2026-04-28,55,Closed
3197,Business Analyst,TCS,Chennai,Karnataka,India,Remote,Entry,7,22,17,"Python,SQL",Finance,953000,227,Bachelor,Internship,2026-06-27,51,Open
3198,Data Scientist,Zoho,Pune,Karnataka,India,Remote,Mid,4,4,10,"Power BI,SQL",Finance,436193,244,Master,Full-time,2026-05-19,74,Closed
3199,Software Engineer,TCS,Bengaluru,Karnataka,India,Remote,Associate,2,9,5,"Power BI,SQL",Finance,379175,21,Bachelor,Contract,2026-05-30,85,Open
3200,ML Engineer,Wipro,Mumbai,Delhi,India,Hybrid,Entry,6,6,9,"Power BI,SQL",IT Services,1282886,7,Master,Full-time,2026-02-19,52,Closed
3201,BI Developer,Capgemini,Delhi,Telangana,India,Remote,Senior,2,13,8,"Tableau,SQL",Finance,1096935,218,Bachelor,Internship,2026-03-13,79,Open
3202,BI Developer,Microsoft,Delhi,Karnataka,India,Onsite,Senior,8,19,16,"Tableau,SQL",Education,409940,364,Bachelor,Contract,2026-06-02,95,Closed
3203,BI Developer,TechNova,Pune,Tamil Nadu,India,Onsite,Associate,7,9,6,"Power BI,SQL",Healthcare,1338976,313,Bachelor,Contract,2026-01-23,91,Open
3204,Business Analyst,Amazon,Mumbai,Karnataka,India,Onsite,Senior,6,29,4,"Azure,Python",Education,1260475,386,Bachelor,Internship,2026-05-12,74,Closed
3205,ML Engineer,Accenture,Chennai,Delhi,India,Hybrid,Mid,0,4,6,"Excel,SQL",Finance,551688,135,Bachelor,Internship,2026-05-08,81,Closed
3206,Software Engineer,TechNova,Delhi,Delhi,India,Hybrid,Entry,5,18,18,"Excel,SQL",Retail,1473612,488,Bachelor,Full-time,2026-01-07,91,Open
3207,Data Analyst,Zoho,Delhi,Tamil Nadu,India,Remote,Entry,3,22,14,"Excel,SQL",Retail,1313435,5,Bachelor,Full-time,2026-06-22,50,Closed
3208,Data Analyst,Accenture,Bengaluru,Telangana,India,Remote,Associate,7,8,19,"Power BI,SQL",Finance,1164172,191,Bachelor,Full-time,2026-03-13,80,Open
3209,Software Engineer,Infosys,Mumbai,Karnataka,India,Hybrid,Entry,0,17,5,"Python,Pandas",Healthcare,1034269,424,Master,Internship,2026-06-29,89,Open
3210,Business Analyst,Capgemini,Hyderabad,Delhi,India,Remote,Senior,5,23,10,"Python,SQL",Retail,1259098,287,Master,Full-time,2026-02-10,51,Closed
3211,Data Analyst,TechNova,Hyderabad,Maharashtra,India,Remote,Mid,0,6,10,"Python,SQL",Healthcare,1340333,471,Master,Full-time,2026-04-11,72,Closed
3212,Data Analyst,Wipro,Bengaluru,Telangana,India,Hybrid,Associate,5,25,9,"Excel,SQL",Retail,1210702,60,Bachelor,Internship,2026-01-02,84,Open
3213,Data Analyst,TechNova,Pune,Telangana,India,Hybrid,Senior,5,30,16,"Power BI,SQL",IT Services,952379,473,Master,Full-time,2026-03-28,79,Open
3214,ML Engineer,TCS,Delhi,Delhi,India,Onsite,Senior,2,28,11,"Azure,Python",Retail,713038,106,Master,Internship,2026-05-01,56,Open
3215,Data Scientist,Capgemini,Hyderabad,Tamil Nadu,India,Onsite,Associate,5,24,12,"Python,Pandas",Finance,1326863,278,Master,Contract,2026-04-22,55,Closed
3216,Data Analyst,Microsoft,Hyderabad,Delhi,India,Remote,Entry,4,10,6,"Excel,SQL",Retail,551371,205,Bachelor,Contract,2026-03-04,80,Open
3217,ML Engineer,TCS,Mumbai,Maharashtra,India,Onsite,Mid,6,15,8,"Excel,SQL",IT Services,1397767,265,Bachelor,Internship,2026-02-02,97,Closed
3218,Data Scientist,Google,Delhi,Karnataka,India,Onsite,Associate,1,3,12,"Tableau,SQL",IT Services,1634171,26,Bachelor,Contract,2026-04-05,77,Closed
3219,ML Engineer,Wipro,Bengaluru,Telangana,India,Onsite,Entry,5,26,5,"Azure,Python",Finance,371442,488,Master,Internship,2026-01-14,82,Open
3220,ML Engineer,Microsoft,Mumbai,Karnataka,India,Hybrid,Entry,8,24,20,"Excel,SQL",Healthcare,788852,104,Bachelor,Contract,2026-01-31,80,Closed
3221,BI Developer,Google,Bengaluru,Delhi,India,Remote,Mid,4,8,7,"Power BI,SQL",Retail,555997,298,Master,Contract,2026-01-19,69,Closed
3222,BI Developer,Amazon,Hyderabad,Tamil Nadu,India,Hybrid,Mid,4,21,19,"Python,Pandas",Education,1362834,153,Master,Full-time,2026-06-11,94,Closed
3223,Business Analyst,Google,Delhi,Karnataka,India,Onsite,Mid,3,21,15,"Tableau,SQL",Retail,1674164,93,Master,Internship,2026-01-04,92,Closed
3224,BI Developer,TechNova,Pune,Tamil Nadu,India,Hybrid,Senior,0,25,7,"Python,SQL",Healthcare,933084,217,Master,Contract,2026-01-29,73,Closed
3225,ML Engineer,Wipro,Mumbai,Maharashtra,India,Hybrid,Senior,2,15,13,"Python,Pandas",Education,1682801,151,Master,Internship,2026-04-04,81,Open
3226,ML Engineer,Zoho,Hyderabad,Tamil Nadu,India,Remote,Senior,4,20,20,"Azure,Python",Retail,1647640,353,Bachelor,Full-time,2026-02-20,64,Closed
3227,Data Scientist,Wipro,Pune,Tamil Nadu,India,Remote,Associate,0,26,15,"Excel,SQL",Healthcare,1126632,95,Master,Full-time,2026-05-12,86,Closed
3228,Business Analyst,Microsoft,Delhi,Tamil Nadu,India,Hybrid,Associate,5,29,12,"Power BI,SQL",IT Services,1767595,464,Bachelor,Full-time,2026-04-24,88,Open
3229,Data Analyst,Microsoft,Bengaluru,Delhi,India,Hybrid,Associate,3,9,8,"Excel,SQL",Finance,1050634,427,Bachelor,Contract,2026-03-03,94,Closed
3230,ML Engineer,Accenture,Bengaluru,Telangana,India,Remote,Mid,7,20,12,"Python,Pandas",Retail,489875,44,Master,Contract,2026-01-23,65,Open
3231,Data Scientist,Google,Chennai,Maharashtra,India,Hybrid,Senior,1,14,8,"Excel,SQL",Education,344346,81,Master,Internship,2026-03-15,66,Closed
3232,BI Developer,TCS,Chennai,Delhi,India,Remote,Associate,7,13,17,"Tableau,SQL",Retail,1693831,94,Bachelor,Internship,2026-01-07,72,Open
3233,Software Engineer,Zoho,Pune,Karnataka,India,Remote,Entry,0,30,20,"Excel,SQL",IT Services,1189355,34,Bachelor,Contract,2026-05-15,60,Closed
3234,ML Engineer,Microsoft,Bengaluru,Telangana,India,Hybrid,Mid,3,14,13,"Tableau,SQL",Retail,1697919,169,Bachelor,Contract,2026-04-07,60,Open
3235,ML Engineer,Amazon,Hyderabad,Tamil Nadu,India,Remote,Entry,8,9,9,"Tableau,SQL",Finance,341240,151,Bachelor,Contract,2026-02-08,70,Closed
3236,ML Engineer,Wipro,Delhi,Karnataka,India,Hybrid,Mid,5,3,5,"Power BI,SQL",Education,1073789,355,Bachelor,Internship,2026-04-25,63,Open
3237,Data Analyst,Infosys,Delhi,Delhi,India,Hybrid,Mid,5,18,9,"Tableau,SQL",Finance,463451,132,Master,Full-time,2026-05-11,53,Open
3238,BI Developer,Microsoft,Hyderabad,Delhi,India,Hybrid,Associate,0,4,6,"Azure,Python",Education,1735216,269,Master,Contract,2026-05-12,52,Open
3239,Software Engineer,Infosys,Mumbai,Tamil Nadu,India,Onsite,Associate,8,6,4,"Tableau,SQL",Finance,1327853,71,Master,Internship,2026-04-13,67,Closed
3240,Data Analyst,Wipro,Mumbai,Delhi,India,Onsite,Mid,4,24,9,"Power BI,SQL",Retail,441110,416,Master,Contract,2026-05-21,92,Closed
3241,Data Analyst,Amazon,Delhi,Telangana,India,Remote,Entry,8,26,12,"Tableau,SQL",IT Services,466148,454,Bachelor,Full-time,2026-01-21,73,Closed
3242,BI Developer,Infosys,Chennai,Maharashtra,India,Hybrid,Senior,8,21,14,"Azure,Python",IT Services,1265708,484,Master,Contract,2026-02-10,73,Closed
3243,Business Analyst,Google,Hyderabad,Telangana,India,Onsite,Mid,8,27,5,"Azure,Python",Healthcare,350676,359,Master,Internship,2026-06-13,66,Closed
3244,Software Engineer,Infosys,Bengaluru,Tamil Nadu,India,Onsite,Senior,2,18,7,"Python,SQL",Retail,784195,305,Bachelor,Contract,2026-05-18,61,Open
3245,Business Analyst,Accenture,Delhi,Tamil Nadu,India,Hybrid,Mid,7,22,11,"Python,SQL",Finance,694681,370,Bachelor,Contract,2026-05-02,91,Closed
3246,Software Engineer,Capgemini,Pune,Telangana,India,Hybrid,Senior,2,21,16,"Python,Pandas",Retail,1663016,374,Bachelor,Internship,2026-03-07,80,Open
3247,BI Developer,Accenture,Chennai,Delhi,India,Remote,Senior,0,29,12,"Excel,SQL",Healthcare,731026,66,Master,Contract,2026-05-25,82,Open
3248,Software Engineer,Accenture,Pune,Tamil Nadu,India,Hybrid,Associate,2,12,7,"Azure,Python",IT Services,781094,409,Master,Internship,2026-04-03,60,Open
3249,Data Analyst,TechNova,Hyderabad,Delhi,India,Onsite,Entry,8,14,15,"Power BI,SQL",Finance,1327616,187,Bachelor,Full-time,2026-06-03,90,Open
3250,Business Analyst,Capgemini,Chennai,Telangana,India,Onsite,Entry,7,6,10,"Python,SQL",Healthcare,1105860,123,Bachelor,Full-time,2026-05-28,55,Closed
3251,Data Analyst,Wipro,Hyderabad,Maharashtra,India,Remote,Entry,7,19,4,"Azure,Python",Healthcare,1522827,216,Master,Contract,2026-04-19,92,Open
3252,Data Analyst,Accenture,Pune,Telangana,India,Hybrid,Senior,2,25,17,"Python,Pandas",Healthcare,1203333,298,Master,Contract,2026-06-05,90,Closed
3253,Software Engineer,Zoho,Hyderabad,Telangana,India,Onsite,Associate,0,5,13,"Python,Pandas",Education,1314209,428,Master,Full-time,2026-05-24,96,Closed
3254,Data Analyst,Accenture,Mumbai,Karnataka,India,Onsite,Entry,5,18,20,"Python,SQL",Healthcare,1358984,477,Master,Internship,2026-02-18,94,Open
3255,BI Developer,Amazon,Bengaluru,Karnataka,India,Onsite,Associate,0,22,11,"Python,Pandas",Retail,870199,237,Bachelor,Internship,2026-02-21,76,Open
3256,Data Scientist,TCS,Hyderabad,Delhi,India,Hybrid,Senior,0,28,18,"Power BI,SQL",IT Services,1559372,76,Master,Full-time,2026-06-12,59,Closed
3257,Software Engineer,Microsoft,Hyderabad,Karnataka,India,Remote,Entry,0,25,13,"Python,Pandas",IT Services,1094488,371,Master,Internship,2026-06-21,61,Closed
3258,ML Engineer,TechNova,Hyderabad,Tamil Nadu,India,Remote,Mid,8,7,15,"Power BI,SQL",IT Services,1729395,225,Bachelor,Full-time,2026-05-22,78,Open
3259,Data Scientist,Infosys,Mumbai,Karnataka,India,Remote,Senior,1,3,13,"Python,Pandas",Healthcare,517821,474,Master,Internship,2026-05-05,91,Closed
3260,Data Analyst,Zoho,Pune,Maharashtra,India,Hybrid,Mid,8,26,19,"Python,SQL",Retail,497730,152,Master,Full-time,2026-02-06,82,Open
3261,Software Engineer,Microsoft,Mumbai,Tamil Nadu,India,Onsite,Mid,0,27,6,"Python,SQL",Finance,911594,121,Master,Internship,2026-04-19,72,Closed
3262,BI Developer,Accenture,Delhi,Delhi,India,Hybrid,Entry,7,7,15,"Tableau,SQL",Finance,1776843,273,Master,Contract,2026-01-09,56,Open
3263,Data Scientist,Microsoft,Delhi,Maharashtra,India,Hybrid,Associate,6,13,10,"Python,Pandas",IT Services,1419462,340,Master,Contract,2026-02-01,53,Open
3264,Data Analyst,Wipro,Pune,Karnataka,India,Hybrid,Associate,1,18,19,"Tableau,SQL",IT Services,860811,346,Bachelor,Full-time,2026-03-15,75,Open
3265,Software Engineer,Google,Hyderabad,Maharashtra,India,Hybrid,Mid,0,30,17,"Power BI,SQL",Healthcare,457822,362,Bachelor,Contract,2026-02-23,80,Closed
3266,ML Engineer,Wipro,Bengaluru,Karnataka,India,Onsite,Associate,6,19,19,"Python,SQL",Retail,832999,390,Bachelor,Internship,2026-03-30,72,Open
3267,Software Engineer,Wipro,Bengaluru,Tamil Nadu,India,Remote,Entry,6,25,10,"Python,SQL",Retail,926609,331,Master,Internship,2026-02-06,78,Open
3268,Software Engineer,Infosys,Hyderabad,Telangana,India,Hybrid,Entry,0,13,17,"Azure,Python",Finance,1284503,59,Master,Internship,2026-04-03,60,Closed
3269,Business Analyst,TCS,Mumbai,Karnataka,India,Onsite,Entry,1,20,18,"Power BI,SQL",Retail,515557,187,Master,Contract,2026-04-07,98,Closed
3270,ML Engineer,Google,Pune,Tamil Nadu,India,Onsite,Entry,4,11,5,"Azure,Python",IT Services,450598,80,Bachelor,Contract,2026-05-08,67,Closed
3271,BI Developer,Microsoft,Hyderabad,Karnataka,India,Onsite,Entry,0,11,16,"Power BI,SQL",IT Services,1004573,282,Bachelor,Internship,2026-05-07,64,Open
3272,Software Engineer,Google,Chennai,Karnataka,India,Onsite,Associate,8,3,20,"Python,SQL",Finance,622681,251,Bachelor,Full-time,2026-01-24,73,Open
3273,ML Engineer,TechNova,Mumbai,Maharashtra,India,Onsite,Senior,5,14,4,"Python,SQL",Healthcare,1755359,86,Bachelor,Full-time,2026-02-05,80,Closed
3274,ML Engineer,Amazon,Hyderabad,Delhi,India,Onsite,Senior,6,18,9,"Excel,SQL",Healthcare,424866,225,Bachelor,Internship,2026-06-20,65,Closed
3275,Data Scientist,Amazon,Mumbai,Karnataka,India,Remote,Associate,1,26,8,"Python,SQL",Retail,1253180,66,Master,Contract,2026-02-14,81,Closed
3276,BI Developer,Accenture,Bengaluru,Karnataka,India,Hybrid,Mid,1,6,6,"Python,Pandas",IT Services,1049184,95,Bachelor,Full-time,2026-03-11,88,Closed
3277,BI Developer,Google,Hyderabad,Maharashtra,India,Onsite,Entry,4,5,12,"Python,SQL",Education,990006,296,Bachelor,Full-time,2026-02-03,68,Closed
3278,Data Analyst,Wipro,Bengaluru,Tamil Nadu,India,Onsite,Senior,6,12,5,"Tableau,SQL",Healthcare,976708,388,Bachelor,Internship,2026-01-28,53,Closed
3279,Data Scientist,TechNova,Chennai,Delhi,India,Onsite,Associate,7,10,8,"Python,Pandas",Retail,821542,288,Bachelor,Internship,2026-03-10,96,Open
3280,ML Engineer,Amazon,Hyderabad,Delhi,India,Hybrid,Entry,0,22,16,"Python,SQL",Education,631303,275,Bachelor,Contract,2026-05-10,53,Open
3281,BI Developer,Zoho,Bengaluru,Maharashtra,India,Onsite,Mid,8,19,9,"Azure,Python",Healthcare,482261,454,Bachelor,Full-time,2026-05-25,55,Open
3282,Data Scientist,Capgemini,Mumbai,Tamil Nadu,India,Hybrid,Entry,8,17,17,"Power BI,SQL",IT Services,1079160,270,Master,Contract,2026-05-05,94,Open
3283,Business Analyst,Capgemini,Bengaluru,Maharashtra,India,Remote,Mid,6,25,18,"Azure,Python",Education,1656373,274,Bachelor,Full-time,2026-03-04,74,Open
3284,BI Developer,Amazon,Delhi,Delhi,India,Remote,Senior,2,12,7,"Azure,Python",IT Services,1456356,410,Master,Contract,2026-05-16,68,Closed
3285,Software Engineer,TechNova,Mumbai,Maharashtra,India,Onsite,Mid,0,18,18,"Tableau,SQL",Education,1369517,280,Bachelor,Contract,2026-02-08,59,Open
3286,ML Engineer,Infosys,Chennai,Karnataka,India,Hybrid,Entry,3,23,7,"Power BI,SQL",IT Services,382103,133,Master,Contract,2026-05-02,84,Closed
3287,Business Analyst,Zoho,Bengaluru,Karnataka,India,Remote,Mid,4,17,12,"Azure,Python",Finance,1180670,137,Master,Full-time,2026-04-25,76,Closed
3288,Data Analyst,Wipro,Delhi,Telangana,India,Onsite,Senior,6,19,19,"Tableau,SQL",Finance,462734,319,Master,Internship,2026-06-30,54,Closed
3289,Business Analyst,Amazon,Bengaluru,Maharashtra,India,Hybrid,Senior,3,4,14,"Power BI,SQL",Finance,1771934,3,Master,Contract,2026-02-28,97,Closed
3290,Business Analyst,Microsoft,Delhi,Telangana,India,Hybrid,Associate,7,27,14,"Excel,SQL",Healthcare,1774555,198,Bachelor,Full-time,2026-01-31,79,Open
3291,BI Developer,Infosys,Bengaluru,Delhi,India,Onsite,Entry,1,29,11,"Python,SQL",Healthcare,547232,150,Master,Contract,2026-02-18,92,Open
3292,Data Scientist,Microsoft,Bengaluru,Tamil Nadu,India,Remote,Entry,4,14,12,"Power BI,SQL",Education,1122923,20,Bachelor,Full-time,2026-03-17,57,Open
3293,Data Scientist,TCS,Hyderabad,Tamil Nadu,India,Remote,Senior,8,30,17,"Excel,SQL",Education,984571,191,Bachelor,Contract,2026-06-11,59,Open
3294,Data Scientist,TechNova,Delhi,Tamil Nadu,India,Remote,Mid,8,11,15,"Python,Pandas",Retail,634821,262,Bachelor,Full-time,2026-01-21,85,Closed
3295,BI Developer,TechNova,Delhi,Telangana,India,Hybrid,Entry,6,14,8,"Power BI,SQL",Healthcare,408151,336,Bachelor,Internship,2026-01-08,62,Closed
3296,Software Engineer,Zoho,Bengaluru,Maharashtra,India,Remote,Senior,7,29,19,"Power BI,SQL",IT Services,1219168,62,Master,Full-time,2026-03-03,72,Open
3297,ML Engineer,Zoho,Bengaluru,Maharashtra,India,Onsite,Associate,8,24,12,"Excel,SQL",Retail,1208381,330,Master,Internship,2026-01-21,74,Closed
3298,ML Engineer,TCS,Delhi,Telangana,India,Onsite,Entry,1,9,15,"Azure,Python",Healthcare,1036856,92,Master,Contract,2026-01-14,59,Open
3299,Data Scientist,TCS,Chennai,Tamil Nadu,India,Onsite,Associate,3,27,19,"Tableau,SQL",Education,1721549,108,Master,Contract,2026-04-13,56,Closed
3300,Software Engineer,TechNova,Bengaluru,Telangana,India,Onsite,Senior,1,19,14,"Tableau,SQL",IT Services,414677,289,Bachelor,Contract,2026-04-29,72,Open
3301,Business Analyst,TechNova,Delhi,Maharashtra,India,Remote,Entry,8,9,20,"Python,SQL",Finance,617868,300,Master,Internship,2026-06-29,81,Closed
3302,Business Analyst,Microsoft,Mumbai,Tamil Nadu,India,Hybrid,Senior,1,12,7,"Python,Pandas",IT Services,1345953,425,Master,Contract,2026-04-25,78,Closed
3303,Data Scientist,Amazon,Hyderabad,Delhi,India,Onsite,Senior,6,17,13,"Python,SQL",Retail,1151598,166,Bachelor,Contract,2026-03-31,81,Open
3304,ML Engineer,Google,Chennai,Tamil Nadu,India,Remote,Mid,6,9,17,"Power BI,SQL",Retail,1403534,14,Bachelor,Contract,2026-01-13,50,Open
3305,Data Analyst,Zoho,Chennai,Tamil Nadu,India,Remote,Mid,1,26,4,"Python,SQL",Education,606481,443,Master,Full-time,2026-02-13,89,Closed
3306,Data Analyst,Microsoft,Hyderabad,Tamil Nadu,India,Onsite,Mid,6,25,5,"Tableau,SQL",Healthcare,1033211,316,Master,Contract,2026-03-22,80,Open
3307,Business Analyst,Wipro,Hyderabad,Maharashtra,India,Onsite,Senior,1,13,6,"Azure,Python",IT Services,970114,175,Bachelor,Full-time,2026-01-14,77,Open
3308,Data Analyst,Amazon,Delhi,Tamil Nadu,India,Onsite,Associate,7,8,15,"Azure,Python",IT Services,1315958,37,Master,Full-time,2026-02-27,87,Open
3309,BI Developer,TechNova,Bengaluru,Karnataka,India,Onsite,Mid,0,11,15,"Python,Pandas",Education,825247,397,Master,Full-time,2026-06-14,68,Closed
3310,Software Engineer,Wipro,Pune,Tamil Nadu,India,Onsite,Senior,4,4,18,"Azure,Python",Education,738788,99,Master,Internship,2026-05-08,79,Open
3311,BI Developer,Capgemini,Pune,Maharashtra,India,Hybrid,Associate,2,3,7,"Python,SQL",Education,349394,256,Bachelor,Internship,2026-05-29,71,Closed
3312,Business Analyst,TCS,Hyderabad,Maharashtra,India,Remote,Associate,0,9,6,"Python,SQL",Finance,1119470,276,Master,Full-time,2026-06-25,50,Closed
3313,Data Scientist,Accenture,Pune,Maharashtra,India,Onsite,Entry,1,26,14,"Tableau,SQL",Finance,1598207,471,Bachelor,Contract,2026-01-02,80,Closed
3314,Business Analyst,Infosys,Mumbai,Delhi,India,Remote,Entry,0,17,19,"Azure,Python",Healthcare,1504109,165,Master,Contract,2026-01-14,62,Closed
3315,Business Analyst,Infosys,Hyderabad,Tamil Nadu,India,Onsite,Mid,7,10,4,"Azure,Python",Finance,550344,225,Bachelor,Internship,2026-04-24,73,Closed
3316,BI Developer,TCS,Delhi,Delhi,India,Hybrid,Entry,7,6,16,"Python,Pandas",Retail,1003707,427,Master,Full-time,2026-03-31,62,Open
3317,Business Analyst,Amazon,Mumbai,Delhi,India,Onsite,Associate,4,27,12,"Python,SQL",Finance,1112577,275,Master,Contract,2026-05-16,93,Open
3318,BI Developer,Zoho,Delhi,Karnataka,India,Onsite,Associate,6,7,9,"Tableau,SQL",IT Services,806279,183,Bachelor,Full-time,2026-04-06,52,Open
3319,Data Scientist,Accenture,Bengaluru,Maharashtra,India,Hybrid,Senior,5,24,17,"Power BI,SQL",Retail,1375280,141,Master,Internship,2026-01-12,91,Closed
3320,Data Scientist,TCS,Pune,Tamil Nadu,India,Remote,Associate,7,3,4,"Azure,Python",IT Services,1760132,224,Master,Contract,2026-01-11,96,Closed
3321,Data Analyst,Wipro,Bengaluru,Karnataka,India,Hybrid,Entry,5,20,19,"Python,SQL",Education,1542569,132,Master,Full-time,2026-06-23,93,Open
3322,BI Developer,TCS,Bengaluru,Telangana,India,Remote,Mid,3,27,9,"Azure,Python",Finance,1614095,445,Bachelor,Internship,2026-03-18,66,Closed
3323,Business Analyst,TCS,Chennai,Karnataka,India,Hybrid,Senior,8,16,11,"Python,Pandas",Education,961938,87,Master,Internship,2026-05-06,53,Closed
3324,Data Analyst,Capgemini,Bengaluru,Tamil Nadu,India,Onsite,Mid,2,18,7,"Tableau,SQL",Education,1118076,215,Master,Full-time,2026-05-02,94,Open
3325,Business Analyst,Zoho,Bengaluru,Delhi,India,Hybrid,Associate,5,23,20,"Python,Pandas",Healthcare,456853,452,Master,Contract,2026-03-22,95,Closed
3326,ML Engineer,Amazon,Mumbai,Maharashtra,India,Remote,Mid,2,20,8,"Azure,Python",IT Services,1519955,382,Bachelor,Internship,2026-01-28,60,Open
3327,Software Engineer,Amazon,Delhi,Telangana,India,Remote,Mid,3,29,15,"Python,Pandas",Education,418920,282,Master,Internship,2026-03-30,95,Closed
3328,Data Analyst,Wipro,Chennai,Delhi,India,Onsite,Associate,4,30,14,"Power BI,SQL",Retail,649640,144,Bachelor,Contract,2026-05-16,54,Closed
3329,Business Analyst,TechNova,Hyderabad,Telangana,India,Onsite,Entry,0,16,20,"Python,Pandas",Education,317716,19,Bachelor,Contract,2026-03-29,75,Closed
3330,Software Engineer,Wipro,Hyderabad,Karnataka,India,Remote,Associate,4,15,18,"Python,Pandas",Education,1027927,416,Master,Full-time,2026-02-05,91,Open
3331,Data Analyst,TechNova,Bengaluru,Delhi,India,Hybrid,Senior,2,24,14,"Python,SQL",Retail,809511,317,Bachelor,Internship,2026-01-19,74,Closed
3332,Business Analyst,TCS,Chennai,Delhi,India,Onsite,Associate,0,30,7,"Python,Pandas",IT Services,671680,371,Bachelor,Internship,2026-04-24,88,Open
3333,ML Engineer,Infosys,Delhi,Maharashtra,India,Remote,Entry,5,26,18,"Excel,SQL",Education,1195518,112,Master,Contract,2026-06-07,67,Closed
3334,Data Scientist,TCS,Bengaluru,Delhi,India,Remote,Associate,8,4,7,"Python,SQL",Finance,1300035,94,Bachelor,Full-time,2026-02-08,93,Open
3335,ML Engineer,Amazon,Hyderabad,Telangana,India,Remote,Senior,1,3,17,"Azure,Python",Education,1732294,371,Master,Contract,2026-01-16,91,Open
3336,ML Engineer,Zoho,Chennai,Telangana,India,Onsite,Entry,0,21,12,"Excel,SQL",Finance,1776693,440,Bachelor,Internship,2026-03-12,66,Open
3337,Business Analyst,Amazon,Chennai,Delhi,India,Remote,Senior,6,18,16,"Excel,SQL",Retail,1771374,361,Master,Internship,2026-06-28,65,Open
3338,ML Engineer,TCS,Mumbai,Karnataka,India,Remote,Associate,2,18,13,"Python,Pandas",Healthcare,1702506,172,Bachelor,Internship,2026-02-22,81,Open
3339,ML Engineer,Amazon,Delhi,Telangana,India,Remote,Mid,0,11,6,"Python,Pandas",Healthcare,773503,378,Bachelor,Contract,2026-05-24,97,Open
3340,ML Engineer,Amazon,Bengaluru,Delhi,India,Onsite,Associate,0,22,9,"Python,SQL",Retail,1065059,336,Master,Full-time,2026-06-17,60,Closed
3341,Data Scientist,Google,Bengaluru,Maharashtra,India,Remote,Entry,6,8,7,"Azure,Python",IT Services,1106124,112,Master,Contract,2026-02-20,65,Closed
3342,ML Engineer,Capgemini,Mumbai,Maharashtra,India,Onsite,Associate,4,22,13,"Python,SQL",IT Services,1740297,381,Bachelor,Contract,2026-06-04,59,Open
3343,Data Analyst,Google,Bengaluru,Tamil Nadu,India,Hybrid,Associate,5,28,10,"Python,SQL",Retail,1029479,99,Master,Full-time,2026-06-22,69,Closed
3344,Data Scientist,Accenture,Bengaluru,Maharashtra,India,Remote,Senior,0,4,17,"Python,Pandas",Finance,1328335,445,Master,Full-time,2026-04-24,79,Closed
3345,ML Engineer,Infosys,Chennai,Delhi,India,Remote,Associate,8,4,16,"Python,Pandas",Healthcare,1359742,346,Bachelor,Full-time,2026-04-06,50,Closed
3346,Data Scientist,Google,Bengaluru,Delhi,India,Remote,Associate,5,12,20,"Power BI,SQL",Retail,1498031,52,Master,Full-time,2026-05-02,71,Closed
3347,Software Engineer,Zoho,Delhi,Tamil Nadu,India,Hybrid,Entry,6,17,8,"Python,Pandas",Finance,726669,429,Master,Full-time,2026-03-03,51,Closed
3348,Data Scientist,Accenture,Delhi,Maharashtra,India,Remote,Mid,2,23,5,"Excel,SQL",IT Services,1620880,375,Master,Full-time,2026-04-23,80,Closed
3349,Business Analyst,Wipro,Hyderabad,Delhi,India,Hybrid,Entry,5,26,17,"Tableau,SQL",Retail,620430,144,Master,Full-time,2026-02-17,59,Open
3350,Business Analyst,Accenture,Pune,Delhi,India,Remote,Senior,7,20,10,"Excel,SQL",IT Services,1209947,390,Bachelor,Contract,2026-06-22,88,Open
3351,Business Analyst,TCS,Chennai,Maharashtra,India,Onsite,Senior,4,22,6,"Power BI,SQL",Finance,1146689,453,Bachelor,Contract,2026-03-24,53,Open
3352,Data Analyst,Wipro,Delhi,Tamil Nadu,India,Hybrid,Entry,6,7,17,"Python,Pandas",Retail,1089369,20,Bachelor,Contract,2026-06-18,93,Closed
3353,Data Analyst,Wipro,Hyderabad,Delhi,India,Onsite,Mid,6,27,11,"Python,SQL",IT Services,620192,275,Master,Contract,2026-04-28,84,Open
3354,ML Engineer,Wipro,Chennai,Tamil Nadu,India,Hybrid,Senior,2,26,18,"Power BI,SQL",IT Services,934982,371,Bachelor,Contract,2026-06-03,70,Open
3355,Software Engineer,TechNova,Mumbai,Karnataka,India,Remote,Senior,0,12,11,"Excel,SQL",IT Services,370964,100,Master,Internship,2026-01-24,80,Open
3356,Business Analyst,Amazon,Hyderabad,Delhi,India,Remote,Mid,4,10,6,"Azure,Python",Finance,381601,388,Master,Internship,2026-03-09,67,Open
3357,Data Scientist,TechNova,Bengaluru,Maharashtra,India,Hybrid,Senior,6,20,9,"Python,SQL",Finance,1334148,209,Master,Full-time,2026-05-31,94,Closed
3358,BI Developer,Capgemini,Pune,Maharashtra,India,Remote,Senior,2,14,6,"Excel,SQL",Retail,471214,159,Master,Full-time,2026-01-06,76,Open
3359,Data Analyst,Zoho,Mumbai,Delhi,India,Onsite,Senior,3,24,9,"Power BI,SQL",IT Services,988301,138,Master,Internship,2026-02-09,70,Open
3360,Software Engineer,TCS,Pune,Maharashtra,India,Remote,Associate,0,11,5,"Tableau,SQL",Healthcare,1309218,184,Master,Contract,2026-01-13,98,Open
3361,ML Engineer,Accenture,Mumbai,Karnataka,India,Onsite,Associate,3,21,15,"Python,Pandas",Education,1058206,159,Bachelor,Contract,2026-05-30,88,Closed
3362,ML Engineer,Microsoft,Mumbai,Karnataka,India,Hybrid,Entry,1,18,18,"Python,Pandas",Finance,1352151,387,Bachelor,Contract,2026-05-11,79,Open
3363,ML Engineer,Accenture,Bengaluru,Karnataka,India,Onsite,Associate,8,17,12,"Tableau,SQL",Finance,1150610,155,Master,Internship,2026-06-29,88,Open
3364,Data Scientist,TCS,Pune,Delhi,India,Onsite,Associate,1,24,19,"Python,SQL",Education,1635887,103,Master,Internship,2026-03-10,86,Closed
3365,Data Scientist,Accenture,Mumbai,Telangana,India,Remote,Entry,0,19,8,"Tableau,SQL",Education,734932,235,Bachelor,Internship,2026-01-24,58,Open
3366,ML Engineer,Google,Pune,Maharashtra,India,Hybrid,Senior,3,22,13,"Azure,Python",Healthcare,976634,8,Master,Internship,2026-01-07,84,Open
3367,Software Engineer,Google,Bengaluru,Karnataka,India,Remote,Entry,0,7,6,"Azure,Python",Education,646770,373,Master,Contract,2026-06-24,76,Open
3368,ML Engineer,Google,Bengaluru,Delhi,India,Remote,Associate,7,14,11,"Python,Pandas",IT Services,843877,53,Master,Full-time,2026-05-24,95,Closed
3369,BI Developer,Amazon,Mumbai,Telangana,India,Hybrid,Senior,3,6,20,"Python,SQL",Finance,977224,134,Bachelor,Internship,2026-03-16,74,Open
3370,Data Scientist,Accenture,Pune,Maharashtra,India,Onsite,Senior,5,17,10,"Power BI,SQL",Finance,736008,43,Master,Contract,2026-03-14,73,Open
3371,Software Engineer,Infosys,Chennai,Telangana,India,Onsite,Associate,2,12,4,"Power BI,SQL",Retail,1297926,257,Bachelor,Full-time,2026-01-19,65,Open
3372,Business Analyst,TechNova,Pune,Tamil Nadu,India,Onsite,Mid,8,7,7,"Excel,SQL",Education,1677994,435,Bachelor,Contract,2026-05-29,70,Open
3373,Data Analyst,Infosys,Bengaluru,Delhi,India,Onsite,Associate,0,19,11,"Python,SQL",Healthcare,532926,155,Master,Full-time,2026-03-04,93,Closed
3374,Business Analyst,Infosys,Chennai,Telangana,India,Onsite,Entry,1,4,10,"Tableau,SQL",Education,1533654,138,Master,Full-time,2026-05-15,66,Open
3375,ML Engineer,Google,Delhi,Telangana,India,Hybrid,Mid,2,14,16,"Python,Pandas",Education,308761,279,Master,Internship,2026-05-05,70,Open
3376,BI Developer,Capgemini,Chennai,Tamil Nadu,India,Remote,Mid,4,24,6,"Azure,Python",Healthcare,555191,245,Bachelor,Contract,2026-03-06,73,Open
3377,Software Engineer,Google,Hyderabad,Delhi,India,Onsite,Senior,5,9,17,"Azure,Python",Education,607252,357,Bachelor,Full-time,2026-02-20,60,Closed
3378,Data Scientist,Microsoft,Delhi,Telangana,India,Remote,Associate,5,16,9,"Excel,SQL",Retail,362691,220,Bachelor,Internship,2026-04-09,87,Open
3379,BI Developer,TCS,Bengaluru,Delhi,India,Remote,Senior,6,25,5,"Excel,SQL",Retail,653775,267,Master,Internship,2026-05-28,67,Open
3380,Data Analyst,Wipro,Pune,Delhi,India,Hybrid,Senior,6,16,10,"Power BI,SQL",Education,465735,435,Master,Contract,2026-01-05,87,Closed
3381,Data Analyst,Amazon,Chennai,Telangana,India,Remote,Entry,3,15,11,"Tableau,SQL",Finance,1419541,36,Bachelor,Full-time,2026-03-03,54,Open
3382,BI Developer,Microsoft,Chennai,Maharashtra,India,Hybrid,Senior,5,11,5,"Python,SQL",Healthcare,828149,444,Master,Internship,2026-02-09,73,Open
3383,Business Analyst,Zoho,Mumbai,Tamil Nadu,India,Onsite,Senior,3,10,14,"Power BI,SQL",IT Services,1038219,166,Master,Contract,2026-02-21,63,Closed
3384,Software Engineer,Capgemini,Bengaluru,Karnataka,India,Onsite,Mid,0,8,16,"Power BI,SQL",IT Services,321611,239,Bachelor,Full-time,2026-02-17,78,Open
3385,Data Scientist,Microsoft,Mumbai,Telangana,India,Remote,Associate,6,20,5,"Power BI,SQL",Finance,1760648,39,Master,Internship,2026-01-27,54,Closed
3386,Data Scientist,Capgemini,Hyderabad,Telangana,India,Onsite,Mid,1,23,10,"Python,Pandas",Education,950497,185,Master,Full-time,2026-03-31,95,Closed
3387,Business Analyst,Google,Pune,Maharashtra,India,Remote,Entry,7,3,16,"Azure,Python",IT Services,1496340,95,Master,Contract,2026-06-18,55,Closed
3388,Data Analyst,Microsoft,Bengaluru,Tamil Nadu,India,Onsite,Senior,2,13,10,"Python,Pandas",Finance,1181586,103,Master,Contract,2026-05-18,88,Closed
3389,Data Analyst,Accenture,Pune,Tamil Nadu,India,Remote,Entry,2,6,8,"Azure,Python",Retail,571518,478,Master,Contract,2026-04-06,74,Closed
3390,Business Analyst,Microsoft,Bengaluru,Tamil Nadu,India,Onsite,Entry,6,26,17,"Power BI,SQL",IT Services,820629,331,Master,Internship,2026-04-22,75,Closed
3391,Business Analyst,TCS,Chennai,Maharashtra,India,Onsite,Senior,0,13,6,"Tableau,SQL",IT Services,804886,54,Master,Internship,2026-05-12,66,Open
3392,Business Analyst,Google,Mumbai,Maharashtra,India,Hybrid,Associate,7,3,16,"Excel,SQL",Retail,1471386,258,Master,Contract,2026-01-29,90,Closed
3393,Data Analyst,TCS,Pune,Telangana,India,Remote,Mid,7,8,5,"Azure,Python",Retail,707153,57,Bachelor,Contract,2026-02-18,82,Closed
3394,Data Scientist,TCS,Delhi,Telangana,India,Onsite,Senior,7,10,10,"Tableau,SQL",Finance,501595,174,Bachelor,Internship,2026-03-05,90,Open
3395,ML Engineer,Google,Mumbai,Karnataka,India,Onsite,Senior,6,19,14,"Python,Pandas",IT Services,1056738,109,Master,Contract,2026-04-27,54,Open
3396,Data Analyst,Capgemini,Delhi,Tamil Nadu,India,Onsite,Mid,2,14,19,"Power BI,SQL",Education,987484,345,Master,Full-time,2026-03-24,84,Closed
3397,BI Developer,TechNova,Pune,Telangana,India,Remote,Mid,4,24,18,"Power BI,SQL",Education,1235687,274,Bachelor,Full-time,2026-01-06,61,Closed
3398,ML Engineer,Microsoft,Mumbai,Telangana,India,Hybrid,Senior,8,18,11,"Power BI,SQL",Finance,1643448,382,Bachelor,Contract,2026-06-29,60,Open
3399,BI Developer,Capgemini,Bengaluru,Tamil Nadu,India,Hybrid,Senior,2,20,7,"Tableau,SQL",Healthcare,1035329,86,Bachelor,Internship,2026-02-14,86,Closed
3400,Business Analyst,Infosys,Delhi,Telangana,India,Onsite,Senior,7,6,8,"Excel,SQL",Healthcare,884240,478,Bachelor,Contract,2026-03-24,80,Closed
3401,Business Analyst,Wipro,Chennai,Tamil Nadu,India,Remote,Mid,5,29,16,"Excel,SQL",Retail,979026,240,Bachelor,Internship,2026-06-23,78,Open
3402,BI Developer,Amazon,Chennai,Telangana,India,Hybrid,Associate,5,10,6,"Power BI,SQL",Finance,1625486,483,Bachelor,Contract,2026-03-12,54,Closed
3403,ML Engineer,Wipro,Chennai,Maharashtra,India,Remote,Associate,8,28,16,"Tableau,SQL",Healthcare,1180731,407,Master,Contract,2026-03-30,67,Open
3404,Data Scientist,Capgemini,Hyderabad,Maharashtra,India,Remote,Entry,5,14,19,"Excel,SQL",IT Services,361252,162,Bachelor,Contract,2026-04-28,59,Open
3405,ML Engineer,TCS,Bengaluru,Telangana,India,Onsite,Senior,3,30,13,"Excel,SQL",Education,396552,308,Master,Contract,2026-01-18,82,Closed
3406,Data Analyst,TCS,Hyderabad,Delhi,India,Onsite,Entry,0,4,10,"Python,SQL",Healthcare,1126088,437,Master,Contract,2026-05-08,89,Closed
3407,Business Analyst,Microsoft,Chennai,Maharashtra,India,Onsite,Mid,6,10,15,"Azure,Python",Retail,543906,172,Bachelor,Contract,2026-03-13,78,Closed
3408,Data Scientist,Wipro,Mumbai,Delhi,India,Onsite,Mid,8,15,7,"Power BI,SQL",Education,896296,252,Master,Contract,2026-01-12,64,Closed
3409,Software Engineer,Wipro,Hyderabad,Telangana,India,Onsite,Mid,2,13,13,"Azure,Python",Finance,1251567,75,Bachelor,Full-time,2026-02-15,78,Open
3410,Data Analyst,Infosys,Bengaluru,Karnataka,India,Onsite,Associate,7,24,15,"Tableau,SQL",IT Services,1757656,51,Bachelor,Full-time,2026-02-22,71,Open
3411,ML Engineer,Zoho,Delhi,Tamil Nadu,India,Onsite,Senior,0,11,10,"Tableau,SQL",Retail,839021,393,Bachelor,Contract,2026-05-07,80,Open
3412,Data Analyst,Infosys,Hyderabad,Tamil Nadu,India,Hybrid,Mid,4,19,16,"Azure,Python",Finance,612649,417,Master,Full-time,2026-03-11,82,Closed
3413,Data Analyst,Accenture,Pune,Maharashtra,India,Onsite,Mid,4,11,16,"Excel,SQL",IT Services,1144763,397,Master,Contract,2026-06-21,94,Open
3414,BI Developer,Microsoft,Mumbai,Karnataka,India,Onsite,Entry,0,17,4,"Azure,Python",Healthcare,1655482,485,Master,Internship,2026-04-02,92,Closed
3415,Data Analyst,Wipro,Hyderabad,Delhi,India,Remote,Senior,0,9,10,"Python,Pandas",Retail,1552412,451,Master,Full-time,2026-06-05,77,Open
3416,Data Scientist,Microsoft,Pune,Telangana,India,Remote,Associate,5,28,6,"Python,Pandas",Healthcare,1533446,443,Master,Contract,2026-03-09,85,Closed
3417,Business Analyst,TCS,Pune,Telangana,India,Remote,Mid,1,29,20,"Python,Pandas",Finance,1135426,270,Bachelor,Full-time,2026-03-14,70,Open
3418,Software Engineer,Wipro,Hyderabad,Karnataka,India,Remote,Entry,3,28,20,"Azure,Python",Finance,910101,327,Master,Internship,2026-06-24,62,Open
3419,Software Engineer,Infosys,Pune,Telangana,India,Hybrid,Senior,8,3,15,"Excel,SQL",Finance,429080,37,Master,Full-time,2026-01-31,62,Closed
3420,ML Engineer,Accenture,Pune,Delhi,India,Hybrid,Senior,0,22,13,"Power BI,SQL",Retail,872029,29,Master,Full-time,2026-04-15,74,Closed
3421,Software Engineer,Zoho,Delhi,Delhi,India,Onsite,Associate,2,14,7,"Tableau,SQL",IT Services,664817,493,Bachelor,Contract,2026-01-14,66,Closed
3422,Business Analyst,Wipro,Delhi,Delhi,India,Remote,Entry,0,12,9,"Azure,Python",Finance,609203,230,Bachelor,Internship,2026-03-27,60,Closed
3423,Software Engineer,Microsoft,Chennai,Telangana,India,Remote,Associate,0,10,19,"Python,Pandas",IT Services,1497175,263,Bachelor,Contract,2026-02-07,93,Closed
3424,Software Engineer,Zoho,Bengaluru,Tamil Nadu,India,Hybrid,Mid,3,5,7,"Excel,SQL",Retail,1274170,492,Bachelor,Contract,2026-03-14,62,Open
3425,Business Analyst,TCS,Delhi,Telangana,India,Onsite,Entry,5,20,17,"Python,Pandas",IT Services,1333504,397,Bachelor,Internship,2026-01-07,65,Open
3426,Data Analyst,Google,Pune,Telangana,India,Remote,Senior,6,23,13,"Excel,SQL",Retail,1203502,343,Master,Internship,2026-06-25,68,Open
3427,Business Analyst,Wipro,Pune,Telangana,India,Remote,Mid,5,8,11,"Tableau,SQL",Finance,1564562,120,Bachelor,Internship,2026-01-12,72,Open
3428,Data Scientist,Google,Bengaluru,Karnataka,India,Hybrid,Associate,7,22,10,"Python,SQL",Education,1686198,168,Bachelor,Full-time,2026-04-18,67,Open
3429,Software Engineer,TCS,Bengaluru,Delhi,India,Hybrid,Associate,3,15,11,"Tableau,SQL",IT Services,994784,213,Master,Contract,2026-05-22,74,Closed
3430,Data Analyst,Capgemini,Hyderabad,Telangana,India,Remote,Associate,3,5,11,"Azure,Python",Healthcare,1631285,458,Master,Full-time,2026-01-18,65,Open
3431,Data Scientist,Infosys,Mumbai,Telangana,India,Remote,Senior,3,5,20,"Tableau,SQL",Education,788769,459,Master,Internship,2026-02-28,95,Open
3432,Business Analyst,Wipro,Bengaluru,Karnataka,India,Onsite,Entry,7,8,10,"Tableau,SQL",Healthcare,1075525,458,Bachelor,Contract,2026-05-26,96,Closed
3433,Data Scientist,Capgemini,Hyderabad,Telangana,India,Onsite,Entry,1,28,18,"Python,Pandas",Healthcare,1319384,277,Master,Contract,2026-04-11,59,Open
3434,Data Analyst,Google,Bengaluru,Maharashtra,India,Onsite,Mid,3,3,9,"Tableau,SQL",Finance,1377867,475,Bachelor,Contract,2026-04-22,56,Closed
3435,Data Analyst,Google,Mumbai,Maharashtra,India,Remote,Entry,2,16,11,"Tableau,SQL",Finance,957749,404,Master,Internship,2026-04-11,76,Closed
3436,Data Scientist,Amazon,Mumbai,Delhi,India,Hybrid,Mid,2,15,17,"Power BI,SQL",IT Services,1324362,385,Master,Full-time,2026-02-22,93,Closed
3437,Data Analyst,Infosys,Bengaluru,Karnataka,India,Remote,Associate,3,11,6,"Azure,Python",Finance,1666947,461,Bachelor,Internship,2026-06-06,80,Closed
3438,Software Engineer,Google,Delhi,Maharashtra,India,Hybrid,Entry,6,4,18,"Tableau,SQL",Healthcare,961514,215,Master,Full-time,2026-04-12,77,Closed
3439,Business Analyst,Wipro,Hyderabad,Tamil Nadu,India,Hybrid,Associate,6,6,5,"Python,Pandas",Healthcare,849883,484,Bachelor,Contract,2026-03-07,95,Closed
3440,Data Analyst,Accenture,Delhi,Delhi,India,Hybrid,Mid,5,30,16,"Python,Pandas",Education,678986,270,Master,Internship,2026-04-23,52,Open
3441,Business Analyst,Capgemini,Hyderabad,Tamil Nadu,India,Onsite,Entry,2,16,15,"Python,Pandas",IT Services,931471,474,Master,Full-time,2026-04-27,67,Open
3442,Software Engineer,Infosys,Bengaluru,Maharashtra,India,Onsite,Senior,7,18,8,"Tableau,SQL",Education,1084621,163,Bachelor,Full-time,2026-06-29,64,Open
3443,BI Developer,Accenture,Bengaluru,Karnataka,India,Onsite,Senior,6,24,11,"Azure,Python",Healthcare,1530989,29,Master,Full-time,2026-03-04,54,Closed
3444,BI Developer,TechNova,Hyderabad,Tamil Nadu,India,Remote,Entry,2,7,7,"Python,SQL",IT Services,1148174,138,Bachelor,Contract,2026-05-26,53,Closed
3445,ML Engineer,Capgemini,Bengaluru,Delhi,India,Remote,Associate,0,25,17,"Azure,Python",Education,365445,431,Master,Internship,2026-06-03,76,Open
3446,BI Developer,Accenture,Bengaluru,Maharashtra,India,Onsite,Senior,6,27,10,"Python,Pandas",Education,349236,7,Bachelor,Contract,2026-04-13,70,Closed
3447,Data Scientist,TechNova,Mumbai,Delhi,India,Remote,Senior,8,18,16,"Excel,SQL",Retail,1125062,18,Bachelor,Contract,2026-04-16,97,Open
3448,BI Developer,Wipro,Bengaluru,Tamil Nadu,India,Onsite,Senior,6,17,12,"Azure,Python",Finance,1433564,479,Master,Full-time,2026-05-30,80,Closed
3449,BI Developer,Zoho,Chennai,Telangana,India,Onsite,Senior,3,7,12,"Python,SQL",Healthcare,553458,267,Bachelor,Full-time,2026-02-14,98,Closed
3450,Software Engineer,Zoho,Delhi,Maharashtra,India,Remote,Associate,7,30,14,"Python,Pandas",Retail,1114870,181,Bachelor,Full-time,2026-04-16,55,Open
3451,Data Scientist,Microsoft,Chennai,Maharashtra,India,Hybrid,Associate,0,14,12,"Python,Pandas",Retail,1430864,380,Master,Full-time,2026-06-04,89,Open
3452,Software Engineer,Amazon,Delhi,Tamil Nadu,India,Onsite,Associate,0,8,20,"Python,Pandas",Healthcare,1387998,91,Bachelor,Full-time,2026-03-23,71,Open
3453,Business Analyst,Wipro,Pune,Delhi,India,Hybrid,Associate,6,25,13,"Tableau,SQL",IT Services,784476,222,Bachelor,Internship,2026-03-01,91,Closed
3454,ML Engineer,Amazon,Mumbai,Telangana,India,Remote,Senior,4,26,9,"Python,Pandas",Education,1389757,224,Master,Contract,2026-01-04,50,Open
3455,Software Engineer,Zoho,Hyderabad,Karnataka,India,Hybrid,Senior,2,22,10,"Azure,Python",Education,812781,67,Bachelor,Contract,2026-02-01,94,Open
3456,Data Scientist,Google,Bengaluru,Telangana,India,Onsite,Associate,0,15,12,"Tableau,SQL",Healthcare,487972,153,Master,Contract,2026-05-01,67,Open
3457,Business Analyst,Zoho,Hyderabad,Maharashtra,India,Hybrid,Entry,2,21,17,"Python,Pandas",Education,1543239,202,Master,Contract,2026-02-21,62,Closed
3458,Business Analyst,Wipro,Bengaluru,Karnataka,India,Hybrid,Entry,8,16,15,"Azure,Python",Finance,1596856,119,Bachelor,Contract,2026-05-15,70,Closed
3459,Data Scientist,Infosys,Hyderabad,Delhi,India,Onsite,Entry,2,22,19,"Python,SQL",Education,442772,242,Master,Full-time,2026-06-09,82,Closed
3460,Business Analyst,Capgemini,Delhi,Maharashtra,India,Remote,Associate,6,8,19,"Python,Pandas",IT Services,328778,245,Master,Internship,2026-06-22,62,Open
3461,Data Scientist,TCS,Pune,Karnataka,India,Onsite,Senior,7,17,18,"Excel,SQL",Healthcare,831527,103,Bachelor,Contract,2026-03-04,62,Closed
3462,ML Engineer,Google,Bengaluru,Telangana,India,Onsite,Associate,2,28,15,"Python,SQL",Retail,1034871,64,Bachelor,Full-time,2026-05-02,55,Closed
3463,Software Engineer,TCS,Pune,Telangana,India,Hybrid,Senior,5,19,4,"Azure,Python",Finance,1798726,301,Master,Internship,2026-01-20,81,Open
3464,ML Engineer,Wipro,Mumbai,Karnataka,India,Onsite,Associate,1,14,13,"Power BI,SQL",Education,579677,136,Bachelor,Contract,2026-02-07,94,Open
3465,ML Engineer,TechNova,Hyderabad,Maharashtra,India,Remote,Entry,6,19,6,"Python,Pandas",IT Services,1127741,383,Bachelor,Full-time,2026-04-30,70,Closed
3466,Software Engineer,Accenture,Pune,Delhi,India,Remote,Mid,7,3,10,"Python,SQL",Retail,690909,430,Master,Full-time,2026-05-19,73,Closed
3467,Software Engineer,Amazon,Pune,Telangana,India,Hybrid,Senior,8,12,6,"Python,Pandas",Finance,1709012,407,Bachelor,Contract,2026-03-20,74,Open
3468,Data Scientist,TCS,Mumbai,Maharashtra,India,Remote,Entry,8,18,4,"Python,Pandas",Education,493669,170,Bachelor,Contract,2026-03-26,82,Closed
3469,Data Scientist,TCS,Bengaluru,Karnataka,India,Remote,Entry,5,8,10,"Power BI,SQL",Finance,750595,445,Bachelor,Full-time,2026-02-23,80,Closed
3470,Business Analyst,Google,Chennai,Karnataka,India,Remote,Associate,3,24,12,"Python,SQL",Retail,1133111,317,Bachelor,Internship,2026-05-27,87,Open
3471,Business Analyst,TechNova,Chennai,Tamil Nadu,India,Remote,Senior,7,6,11,"Tableau,SQL",Healthcare,462951,441,Bachelor,Full-time,2026-02-22,93,Closed
3472,ML Engineer,Accenture,Delhi,Telangana,India,Remote,Senior,4,24,18,"Azure,Python",Retail,766830,152,Master,Internship,2026-02-12,74,Closed
3473,BI Developer,TechNova,Pune,Karnataka,India,Hybrid,Entry,0,28,9,"Excel,SQL",Healthcare,1113175,321,Bachelor,Contract,2026-05-29,59,Closed
3474,Software Engineer,TechNova,Pune,Tamil Nadu,India,Onsite,Senior,4,30,9,"Python,Pandas",Finance,1209013,217,Bachelor,Contract,2026-04-29,98,Closed
3475,ML Engineer,Zoho,Hyderabad,Tamil Nadu,India,Remote,Associate,3,21,17,"Python,Pandas",Retail,341994,157,Master,Contract,2026-01-19,82,Closed
3476,Business Analyst,Microsoft,Mumbai,Maharashtra,India,Onsite,Senior,0,21,14,"Python,Pandas",Healthcare,303950,2,Master,Internship,2026-04-01,84,Closed
3477,Business Analyst,Amazon,Delhi,Karnataka,India,Remote,Senior,2,9,20,"Excel,SQL",Finance,537048,132,Bachelor,Internship,2026-05-15,57,Open
3478,BI Developer,Capgemini,Chennai,Maharashtra,India,Hybrid,Associate,2,10,19,"Python,SQL",Finance,1660592,300,Master,Full-time,2026-01-19,94,Open
3479,Software Engineer,TCS,Delhi,Tamil Nadu,India,Hybrid,Entry,1,16,15,"Python,Pandas",Retail,1192817,0,Master,Full-time,2026-04-09,69,Closed
3480,Software Engineer,Accenture,Chennai,Delhi,India,Remote,Mid,8,23,16,"Python,SQL",Healthcare,1342583,184,Master,Full-time,2026-01-10,76,Open
3481,Business Analyst,Capgemini,Bengaluru,Delhi,India,Onsite,Senior,5,22,20,"Azure,Python",IT Services,1799029,373,Master,Contract,2026-01-09,63,Closed
3482,Software Engineer,TechNova,Chennai,Karnataka,India,Onsite,Mid,4,14,11,"Python,Pandas",Retail,1537548,209,Master,Full-time,2026-03-27,74,Closed
3483,Business Analyst,Amazon,Pune,Tamil Nadu,India,Remote,Entry,4,11,9,"Python,SQL",Education,758645,143,Master,Full-time,2026-03-18,74,Closed
3484,Business Analyst,Microsoft,Pune,Maharashtra,India,Remote,Entry,3,24,16,"Tableau,SQL",Education,536339,121,Bachelor,Contract,2026-02-25,69,Closed
3485,Software Engineer,Capgemini,Mumbai,Maharashtra,India,Remote,Senior,6,25,12,"Excel,SQL",Retail,802279,445,Bachelor,Contract,2026-05-03,93,Closed
3486,Data Scientist,TechNova,Hyderabad,Maharashtra,India,Hybrid,Mid,1,25,5,"Power BI,SQL",Finance,969264,356,Master,Internship,2026-04-05,61,Closed
3487,Data Analyst,Infosys,Chennai,Telangana,India,Hybrid,Entry,7,22,4,"Tableau,SQL",Healthcare,1652497,31,Bachelor,Contract,2026-01-21,62,Open
3488,Data Analyst,Zoho,Bengaluru,Maharashtra,India,Onsite,Mid,1,9,8,"Python,SQL",IT Services,883646,99,Bachelor,Contract,2026-06-06,71,Open
3489,Data Analyst,Capgemini,Chennai,Tamil Nadu,India,Remote,Mid,2,4,9,"Power BI,SQL",Retail,1726596,51,Bachelor,Internship,2026-05-19,92,Closed
3490,Data Scientist,Accenture,Bengaluru,Delhi,India,Hybrid,Entry,1,15,10,"Tableau,SQL",Retail,1647367,133,Bachelor,Contract,2026-06-20,81,Open
3491,Business Analyst,TechNova,Hyderabad,Telangana,India,Hybrid,Mid,1,25,15,"Python,Pandas",Finance,652053,316,Master,Contract,2026-02-27,57,Closed
3492,Software Engineer,TCS,Delhi,Telangana,India,Hybrid,Entry,3,16,8,"Power BI,SQL",Healthcare,1761990,142,Master,Internship,2026-05-11,54,Open
3493,ML Engineer,Wipro,Mumbai,Maharashtra,India,Remote,Senior,5,11,10,"Tableau,SQL",Finance,984196,87,Bachelor,Full-time,2026-01-28,51,Closed
3494,Data Analyst,Amazon,Delhi,Tamil Nadu,India,Remote,Mid,6,20,9,"Azure,Python",Education,371417,363,Master,Internship,2026-05-04,76,Closed
3495,Software Engineer,Infosys,Delhi,Tamil Nadu,India,Remote,Entry,1,22,20,"Tableau,SQL",Healthcare,1556441,170,Master,Contract,2026-04-19,86,Open
3496,Software Engineer,Zoho,Chennai,Delhi,India,Remote,Entry,3,28,6,"Tableau,SQL",Finance,449878,340,Master,Contract,2026-05-06,88,Open
3497,Business Analyst,Capgemini,Bengaluru,Telangana,India,Onsite,Mid,6,10,8,"Python,SQL",Healthcare,1062332,145,Bachelor,Internship,2026-01-11,83,Closed
3498,Data Analyst,Google,Chennai,Delhi,India,Remote,Entry,6,20,9,"Tableau,SQL",Healthcare,671028,214,Bachelor,Contract,2026-01-02,53,Closed
3499,ML Engineer,TechNova,Hyderabad,Tamil Nadu,India,Onsite,Associate,4,5,19,"Azure,Python",Education,971535,308,Master,Internship,2026-04-30,86,Open
3500,ML Engineer,TechNova,Delhi,Delhi,India,Onsite,Associate,8,12,15,"Python,SQL",Finance,908481,364,Bachelor,Internship,2026-03-14,95,Closed
3501,Data Scientist,TCS,Pune,Karnataka,India,Hybrid,Associate,7,10,13,"Excel,SQL",Finance,1121845,356,Master,Contract,2026-01-09,74,Closed
3502,Software Engineer,TCS,Hyderabad,Telangana,India,Hybrid,Entry,2,10,16,"Power BI,SQL",IT Services,1093878,188,Bachelor,Contract,2026-01-24,97,Open
3503,BI Developer,Infosys,Bengaluru,Delhi,India,Onsite,Senior,8,28,14,"Power BI,SQL",Healthcare,1048022,84,Master,Contract,2026-01-22,67,Closed
3504,Business Analyst,Zoho,Bengaluru,Maharashtra,India,Hybrid,Entry,1,27,6,"Tableau,SQL",IT Services,1518501,182,Bachelor,Internship,2026-01-03,63,Open
3505,Business Analyst,Amazon,Chennai,Maharashtra,India,Remote,Senior,2,3,10,"Power BI,SQL",IT Services,1768182,303,Master,Contract,2026-01-31,56,Open
3506,Business Analyst,Zoho,Bengaluru,Maharashtra,India,Hybrid,Mid,1,17,20,"Excel,SQL",Finance,337548,426,Master,Internship,2026-02-12,52,Open
3507,Data Analyst,Microsoft,Chennai,Karnataka,India,Remote,Mid,7,24,19,"Tableau,SQL",Retail,479103,449,Master,Full-time,2026-03-18,98,Open
3508,Business Analyst,Zoho,Pune,Maharashtra,India,Remote,Senior,0,3,6,"Python,SQL",IT Services,1212517,426,Master,Internship,2026-05-01,65,Open
3509,BI Developer,Google,Chennai,Maharashtra,India,Remote,Associate,8,30,5,"Azure,Python",IT Services,466658,327,Master,Full-time,2026-01-25,55,Open
3510,Software Engineer,Wipro,Hyderabad,Karnataka,India,Hybrid,Entry,6,7,17,"Python,Pandas",IT Services,948895,207,Master,Contract,2026-03-07,98,Open
3511,Software Engineer,Google,Pune,Maharashtra,India,Remote,Senior,5,10,12,"Excel,SQL",Healthcare,1051994,79,Bachelor,Full-time,2026-05-28,82,Closed
3512,Data Analyst,Zoho,Chennai,Karnataka,India,Onsite,Senior,0,14,16,"Python,Pandas",IT Services,341736,285,Bachelor,Contract,2026-03-14,84,Closed
3513,Data Analyst,TCS,Pune,Telangana,India,Remote,Senior,1,21,4,"Python,SQL",Retail,1209280,428,Master,Full-time,2026-04-03,93,Open
3514,Data Analyst,Google,Hyderabad,Telangana,India,Onsite,Senior,2,11,13,"Python,Pandas",Healthcare,1245226,108,Master,Contract,2026-06-09,81,Closed
3515,BI Developer,Google,Mumbai,Telangana,India,Onsite,Mid,0,12,11,"Excel,SQL",Retail,1073445,394,Master,Contract,2026-03-31,98,Closed
3516,Data Analyst,Infosys,Bengaluru,Maharashtra,India,Remote,Entry,3,20,11,"Azure,Python",Healthcare,1303937,49,Bachelor,Full-time,2026-06-05,98,Closed
3517,Data Analyst,Zoho,Hyderabad,Maharashtra,India,Hybrid,Senior,2,29,11,"Excel,SQL",Education,1021790,383,Bachelor,Contract,2026-02-01,54,Closed
3518,Data Scientist,Amazon,Delhi,Telangana,India,Remote,Entry,1,13,18,"Tableau,SQL",Finance,739750,420,Master,Internship,2026-02-17,73,Open
3519,BI Developer,Google,Hyderabad,Karnataka,India,Remote,Mid,2,6,5,"Tableau,SQL",Education,610818,101,Bachelor,Internship,2026-02-28,92,Closed
3520,Business Analyst,Wipro,Delhi,Delhi,India,Onsite,Senior,4,8,7,"Python,SQL",Retail,1717376,190,Bachelor,Internship,2026-05-21,52,Closed
3521,BI Developer,TechNova,Hyderabad,Tamil Nadu,India,Hybrid,Mid,3,3,20,"Power BI,SQL",IT Services,1016349,311,Master,Full-time,2026-01-03,72,Open
3522,ML Engineer,Capgemini,Hyderabad,Karnataka,India,Onsite,Entry,3,21,4,"Python,SQL",Education,1342702,195,Master,Internship,2026-04-20,96,Open
3523,Software Engineer,Zoho,Hyderabad,Delhi,India,Hybrid,Senior,1,16,19,"Power BI,SQL",Education,1589665,281,Master,Internship,2026-06-16,62,Closed
3524,Business Analyst,Wipro,Delhi,Telangana,India,Hybrid,Associate,5,3,16,"Tableau,SQL",Retail,1321617,305,Master,Contract,2026-01-14,92,Open
3525,Software Engineer,Wipro,Mumbai,Tamil Nadu,India,Onsite,Entry,3,26,6,"Excel,SQL",IT Services,1588263,128,Master,Contract,2026-02-21,76,Open
3526,Software Engineer,TCS,Mumbai,Maharashtra,India,Remote,Entry,7,15,5,"Python,SQL",Healthcare,1601218,347,Master,Full-time,2026-05-27,69,Open
3527,Software Engineer,Wipro,Delhi,Telangana,India,Onsite,Associate,5,6,6,"Power BI,SQL",Retail,1037268,282,Master,Contract,2026-01-24,92,Open
3528,ML Engineer,Google,Chennai,Tamil Nadu,India,Hybrid,Associate,0,8,17,"Power BI,SQL",Retail,1291961,264,Master,Full-time,2026-04-14,70,Closed
3529,Business Analyst,TCS,Hyderabad,Telangana,India,Onsite,Mid,6,6,17,"Azure,Python",IT Services,656916,410,Bachelor,Full-time,2026-04-13,61,Open
3530,Software Engineer,Infosys,Chennai,Tamil Nadu,India,Onsite,Mid,6,25,10,"Tableau,SQL",Education,1119543,64,Master,Contract,2026-03-26,60,Open
3531,Business Analyst,Zoho,Hyderabad,Tamil Nadu,India,Remote,Entry,2,15,14,"Python,Pandas",Education,1727702,117,Master,Contract,2026-04-28,88,Closed
3532,Business Analyst,Amazon,Delhi,Maharashtra,India,Hybrid,Entry,7,28,13,"Python,Pandas",Finance,934819,180,Bachelor,Contract,2026-04-23,86,Closed
3533,Data Analyst,Wipro,Hyderabad,Karnataka,India,Hybrid,Mid,6,14,10,"Azure,Python",Education,1014073,242,Master,Full-time,2026-04-21,63,Open
3534,Business Analyst,Wipro,Hyderabad,Maharashtra,India,Onsite,Mid,4,13,6,"Python,Pandas",Healthcare,390931,407,Master,Internship,2026-03-08,71,Open
3535,Data Scientist,Capgemini,Hyderabad,Maharashtra,India,Onsite,Entry,7,14,10,"Azure,Python",Healthcare,1148620,277,Master,Internship,2026-02-12,79,Open
3536,Data Scientist,Zoho,Bengaluru,Tamil Nadu,India,Onsite,Senior,7,26,8,"Excel,SQL",Education,972294,284,Bachelor,Internship,2026-06-03,64,Closed
3537,Data Scientist,TechNova,Pune,Tamil Nadu,India,Remote,Mid,2,21,15,"Excel,SQL",Education,1179562,184,Master,Internship,2026-05-03,73,Open
3538,Data Scientist,TechNova,Delhi,Maharashtra,India,Onsite,Entry,6,26,11,"Excel,SQL",Finance,1396734,184,Bachelor,Full-time,2026-04-04,52,Open
3539,Data Scientist,Wipro,Chennai,Delhi,India,Remote,Senior,8,25,7,"Azure,Python",Finance,910643,266,Master,Internship,2026-01-08,98,Open
3540,Data Scientist,TCS,Pune,Maharashtra,India,Remote,Senior,5,10,11,"Excel,SQL",IT Services,1285059,427,Master,Contract,2026-03-21,74,Open
3541,Data Scientist,TechNova,Chennai,Delhi,India,Hybrid,Mid,6,5,16,"Python,SQL",Finance,1114450,151,Master,Full-time,2026-06-26,68,Closed
3542,Business Analyst,Wipro,Delhi,Delhi,India,Remote,Mid,1,5,7,"Python,SQL",Education,1154143,184,Master,Contract,2026-05-14,73,Closed
3543,Business Analyst,Zoho,Bengaluru,Telangana,India,Onsite,Entry,4,5,12,"Python,Pandas",Education,696650,438,Bachelor,Full-time,2026-03-29,82,Closed
3544,Data Analyst,Zoho,Bengaluru,Tamil Nadu,India,Remote,Associate,6,10,7,"Azure,Python",Retail,578633,263,Bachelor,Contract,2026-06-27,59,Open
3545,ML Engineer,Accenture,Hyderabad,Maharashtra,India,Remote,Entry,2,8,14,"Power BI,SQL",Retail,1050319,25,Master,Full-time,2026-05-27,92,Closed
3546,ML Engineer,TechNova,Hyderabad,Karnataka,India,Hybrid,Mid,1,20,13,"Power BI,SQL",Education,1188428,455,Bachelor,Contract,2026-03-19,66,Open
3547,Business Analyst,TechNova,Delhi,Karnataka,India,Hybrid,Associate,8,23,9,"Python,SQL",Education,466601,479,Master,Internship,2026-05-24,50,Open
3548,BI Developer,TCS,Bengaluru,Maharashtra,India,Remote,Entry,0,25,19,"Excel,SQL",Education,1753380,249,Bachelor,Contract,2026-05-15,72,Closed
3549,ML Engineer,Wipro,Chennai,Telangana,India,Remote,Mid,6,16,8,"Python,SQL",Education,823787,237,Bachelor,Contract,2026-05-29,62,Open
3550,Business Analyst,Google,Bengaluru,Karnataka,India,Hybrid,Senior,7,16,14,"Python,Pandas",Healthcare,461406,70,Bachelor,Contract,2026-06-09,60,Closed
3551,Business Analyst,Accenture,Hyderabad,Telangana,India,Hybrid,Mid,7,21,5,"Azure,Python",Healthcare,1606058,366,Bachelor,Full-time,2026-04-03,51,Open
3552,BI Developer,Google,Mumbai,Maharashtra,India,Hybrid,Senior,3,18,9,"Power BI,SQL",IT Services,1611764,0,Bachelor,Full-time,2026-01-05,62,Closed
3553,Business Analyst,TCS,Delhi,Maharashtra,India,Remote,Senior,4,23,10,"Excel,SQL",Healthcare,657574,414,Bachelor,Contract,2026-06-09,85,Open
3554,Data Scientist,Amazon,Bengaluru,Tamil Nadu,India,Remote,Mid,1,13,17,"Power BI,SQL",Finance,1371891,496,Master,Full-time,2026-01-29,55,Open
3555,Business Analyst,Google,Delhi,Tamil Nadu,India,Hybrid,Entry,5,27,5,"Python,Pandas",Healthcare,1189897,269,Bachelor,Internship,2026-01-31,70,Open
3556,BI Developer,Capgemini,Bengaluru,Delhi,India,Remote,Mid,0,12,17,"Python,SQL",IT Services,301105,286,Master,Contract,2026-02-07,59,Open
3557,ML Engineer,TCS,Hyderabad,Delhi,India,Onsite,Senior,6,14,16,"Azure,Python",Finance,1421711,180,Bachelor,Contract,2026-03-29,64,Open
3558,Software Engineer,Google,Chennai,Telangana,India,Hybrid,Senior,3,26,7,"Python,SQL",IT Services,1111793,20,Master,Contract,2026-02-28,68,Open
3559,Software Engineer,TechNova,Hyderabad,Maharashtra,India,Remote,Senior,7,22,18,"Tableau,SQL",Retail,1350694,499,Master,Internship,2026-03-05,89,Closed
3560,ML Engineer,Accenture,Bengaluru,Tamil Nadu,India,Onsite,Senior,6,15,9,"Tableau,SQL",Finance,1652417,442,Master,Internship,2026-03-06,59,Closed
3561,Business Analyst,Zoho,Pune,Karnataka,India,Hybrid,Senior,3,26,14,"Python,SQL",Healthcare,927090,324,Master,Contract,2026-05-12,96,Open
3562,Software Engineer,Zoho,Hyderabad,Karnataka,India,Remote,Entry,3,11,7,"Python,SQL",Retail,1257180,139,Master,Internship,2026-06-08,64,Closed
3563,Business Analyst,Amazon,Mumbai,Telangana,India,Onsite,Mid,0,9,11,"Power BI,SQL",IT Services,1721509,177,Bachelor,Contract,2026-01-09,90,Closed
3564,Data Analyst,Zoho,Pune,Telangana,India,Hybrid,Entry,8,15,20,"Power BI,SQL",Education,767697,286,Bachelor,Contract,2026-05-01,76,Closed
3565,Data Analyst,Amazon,Pune,Tamil Nadu,India,Hybrid,Mid,0,3,16,"Excel,SQL",Finance,1624787,175,Master,Internship,2026-02-19,82,Closed
3566,Software Engineer,TechNova,Mumbai,Delhi,India,Onsite,Mid,4,16,18,"Power BI,SQL",Retail,663428,109,Master,Contract,2026-04-02,68,Closed
3567,BI Developer,Wipro,Bengaluru,Maharashtra,India,Remote,Mid,7,26,10,"Python,Pandas",Education,849899,110,Bachelor,Internship,2026-01-13,77,Open
3568,Data Scientist,Microsoft,Delhi,Delhi,India,Onsite,Associate,5,9,10,"Excel,SQL",Education,1100257,187,Bachelor,Internship,2026-02-24,91,Closed
3569,BI Developer,Zoho,Hyderabad,Delhi,India,Hybrid,Associate,8,24,4,"Azure,Python",Healthcare,1532223,419,Bachelor,Full-time,2026-04-24,53,Closed
3570,Business Analyst,Google,Hyderabad,Maharashtra,India,Remote,Mid,6,29,14,"Python,Pandas",Retail,1278015,40,Bachelor,Contract,2026-04-15,79,Open
3571,Data Analyst,Microsoft,Mumbai,Delhi,India,Onsite,Associate,5,17,4,"Tableau,SQL",IT Services,1330819,313,Master,Full-time,2026-02-02,97,Open
3572,Business Analyst,Wipro,Delhi,Telangana,India,Onsite,Senior,6,25,7,"Python,Pandas",Education,520563,328,Master,Full-time,2026-03-28,56,Closed
3573,ML Engineer,Google,Delhi,Delhi,India,Remote,Associate,6,20,6,"Power BI,SQL",IT Services,1149918,271,Master,Internship,2026-02-11,63,Open
3574,Software Engineer,Accenture,Delhi,Karnataka,India,Hybrid,Mid,5,8,4,"Power BI,SQL",Healthcare,310688,67,Bachelor,Internship,2026-05-01,79,Open
3575,Data Analyst,Amazon,Pune,Maharashtra,India,Onsite,Entry,8,24,14,"Azure,Python",Healthcare,483324,155,Master,Internship,2026-03-18,64,Closed
3576,ML Engineer,Accenture,Hyderabad,Delhi,India,Hybrid,Mid,1,18,15,"Power BI,SQL",IT Services,1351366,258,Bachelor,Full-time,2026-02-10,80,Closed
3577,Software Engineer,Capgemini,Chennai,Karnataka,India,Onsite,Senior,8,27,14,"Power BI,SQL",Healthcare,576480,283,Master,Contract,2026-03-29,68,Open
3578,Data Scientist,TCS,Bengaluru,Karnataka,India,Onsite,Associate,1,24,13,"Excel,SQL",Finance,1701299,320,Master,Full-time,2026-06-26,80,Open
3579,Business Analyst,Infosys,Chennai,Delhi,India,Hybrid,Senior,5,22,12,"Tableau,SQL",Healthcare,1689853,434,Bachelor,Contract,2026-04-20,83,Closed
3580,ML Engineer,Accenture,Delhi,Karnataka,India,Remote,Mid,8,14,12,"Python,Pandas",Finance,1405273,366,Bachelor,Contract,2026-02-17,74,Closed
3581,ML Engineer,Infosys,Mumbai,Tamil Nadu,India,Hybrid,Senior,2,24,14,"Tableau,SQL",Healthcare,1347886,425,Master,Internship,2026-01-05,75,Closed
3582,BI Developer,Microsoft,Pune,Maharashtra,India,Remote,Associate,6,27,16,"Power BI,SQL",IT Services,387584,373,Bachelor,Contract,2026-05-22,88,Closed
3583,BI Developer,Infosys,Bengaluru,Tamil Nadu,India,Hybrid,Senior,6,15,13,"Azure,Python",Finance,1773279,241,Bachelor,Internship,2026-02-26,91,Closed
3584,Software Engineer,Amazon,Bengaluru,Tamil Nadu,India,Onsite,Entry,2,28,8,"Python,SQL",Healthcare,629659,177,Bachelor,Internship,2026-04-07,65,Closed
3585,Data Scientist,Zoho,Bengaluru,Maharashtra,India,Remote,Mid,0,20,6,"Azure,Python",IT Services,1346249,234,Bachelor,Contract,2026-05-04,50,Closed
3586,BI Developer,Accenture,Bengaluru,Karnataka,India,Onsite,Mid,6,16,19,"Power BI,SQL",Healthcare,1784077,344,Master,Full-time,2026-02-26,76,Open
3587,ML Engineer,Amazon,Pune,Maharashtra,India,Hybrid,Entry,4,27,4,"Power BI,SQL",Education,1017935,123,Bachelor,Contract,2026-04-28,74,Open
3588,BI Developer,Amazon,Pune,Maharashtra,India,Onsite,Entry,4,17,9,"Python,SQL",Retail,328737,142,Master,Contract,2026-05-24,80,Closed
3589,BI Developer,Zoho,Pune,Telangana,India,Remote,Mid,8,30,13,"Power BI,SQL",Education,1166190,404,Bachelor,Contract,2026-01-28,98,Open
3590,Data Scientist,TechNova,Chennai,Maharashtra,India,Onsite,Entry,3,22,9,"Tableau,SQL",Education,1396432,423,Master,Internship,2026-04-16,81,Closed
3591,Data Scientist,TCS,Chennai,Karnataka,India,Remote,Mid,6,30,17,"Tableau,SQL",Finance,1646826,92,Master,Full-time,2026-05-12,81,Open
3592,Data Scientist,Zoho,Bengaluru,Delhi,India,Hybrid,Associate,2,24,18,"Tableau,SQL",Healthcare,337391,170,Bachelor,Internship,2026-03-11,63,Closed
3593,ML Engineer,Google,Pune,Delhi,India,Remote,Associate,3,15,9,"Power BI,SQL",Retail,602332,220,Bachelor,Internship,2026-06-19,51,Open
3594,Data Analyst,Amazon,Chennai,Karnataka,India,Onsite,Senior,2,21,14,"Python,Pandas",Education,382168,144,Master,Internship,2026-05-22,54,Open
3595,Data Scientist,Microsoft,Mumbai,Delhi,India,Onsite,Entry,1,26,14,"Azure,Python",Education,1378772,235,Master,Full-time,2026-02-24,58,Open
3596,Data Scientist,Amazon,Pune,Telangana,India,Hybrid,Mid,4,18,13,"Python,Pandas",Education,1196013,216,Bachelor,Full-time,2026-06-15,51,Closed
3597,Software Engineer,Accenture,Bengaluru,Maharashtra,India,Onsite,Associate,3,12,17,"Power BI,SQL",Healthcare,482679,284,Master,Internship,2026-05-30,54,Open
3598,ML Engineer,Zoho,Bengaluru,Maharashtra,India,Remote,Senior,1,16,5,"Python,SQL",IT Services,1461803,189,Master,Full-time,2026-06-05,81,Closed
3599,Data Scientist,Google,Chennai,Telangana,India,Hybrid,Entry,4,12,4,"Power BI,SQL",IT Services,1253095,408,Master,Internship,2026-04-11,76,Open
3600,ML Engineer,Amazon,Chennai,Karnataka,India,Onsite,Senior,2,8,12,"Power BI,SQL",IT Services,568606,104,Master,Internship,2026-06-04,86,Closed
3601,Business Analyst,Infosys,Hyderabad,Maharashtra,India,Remote,Associate,8,17,9,"Excel,SQL",Finance,1737345,69,Master,Internship,2026-02-18,68,Closed
3602,Business Analyst,Accenture,Mumbai,Delhi,India,Onsite,Senior,2,14,9,"Tableau,SQL",Finance,1402190,335,Master,Full-time,2026-04-07,67,Open
3603,Data Analyst,Zoho,Bengaluru,Tamil Nadu,India,Hybrid,Associate,8,17,13,"Tableau,SQL",Education,1410697,433,Master,Internship,2026-05-22,71,Open
3604,Business Analyst,Google,Bengaluru,Maharashtra,India,Onsite,Associate,0,8,13,"Tableau,SQL",Retail,683561,106,Master,Full-time,2026-05-30,90,Closed
3605,BI Developer,Infosys,Hyderabad,Karnataka,India,Hybrid,Entry,6,9,19,"Azure,Python",Education,766277,150,Bachelor,Contract,2026-05-08,91,Closed
3606,ML Engineer,TCS,Delhi,Karnataka,India,Onsite,Mid,3,24,5,"Power BI,SQL",Healthcare,609103,227,Master,Internship,2026-01-06,98,Open
3607,Business Analyst,Accenture,Hyderabad,Tamil Nadu,India,Hybrid,Entry,3,24,15,"Power BI,SQL",Healthcare,322703,255,Bachelor,Contract,2026-03-23,93,Closed
3608,Software Engineer,Capgemini,Bengaluru,Maharashtra,India,Remote,Associate,1,3,15,"Python,Pandas",Finance,547988,404,Master,Contract,2026-03-19,96,Open
3609,Business Analyst,Infosys,Delhi,Karnataka,India,Remote,Associate,3,5,9,"Excel,SQL",Education,793424,372,Master,Internship,2026-02-17,81,Closed
3610,Data Analyst,Infosys,Chennai,Tamil Nadu,India,Hybrid,Senior,0,10,10,"Python,SQL",Education,1517669,385,Master,Contract,2026-03-15,55,Closed
3611,BI Developer,Accenture,Bengaluru,Delhi,India,Hybrid,Mid,3,15,17,"Python,Pandas",Healthcare,1687766,430,Master,Full-time,2026-02-28,51,Open
3612,Business Analyst,TCS,Mumbai,Karnataka,India,Remote,Senior,8,4,14,"Python,SQL",Healthcare,1221016,50,Bachelor,Contract,2026-01-01,50,Open
3613,Data Analyst,Microsoft,Delhi,Telangana,India,Onsite,Entry,8,30,5,"Power BI,SQL",Finance,1180966,332,Bachelor,Full-time,2026-06-15,57,Closed
3614,Business Analyst,Zoho,Chennai,Tamil Nadu,India,Remote,Mid,2,11,12,"Excel,SQL",Retail,844044,225,Master,Internship,2026-05-07,58,Closed
3615,Business Analyst,Zoho,Hyderabad,Maharashtra,India,Onsite,Associate,5,20,6,"Tableau,SQL",Healthcare,774771,17,Master,Contract,2026-05-25,98,Closed
3616,Data Analyst,Infosys,Pune,Maharashtra,India,Remote,Mid,0,18,12,"Power BI,SQL",Education,1699415,4,Master,Full-time,2026-01-06,59,Open
3617,Software Engineer,TCS,Hyderabad,Maharashtra,India,Remote,Associate,8,5,18,"Azure,Python",Education,1418381,341,Bachelor,Contract,2026-01-17,93,Open
3618,BI Developer,Zoho,Mumbai,Delhi,India,Remote,Senior,7,23,13,"Tableau,SQL",Retail,1257788,339,Master,Contract,2026-01-16,91,Open
3619,Data Analyst,Capgemini,Mumbai,Telangana,India,Remote,Senior,5,26,13,"Power BI,SQL",IT Services,1702484,15,Bachelor,Internship,2026-06-16,76,Closed
3620,Business Analyst,Wipro,Hyderabad,Delhi,India,Hybrid,Entry,5,15,9,"Tableau,SQL",Education,704116,199,Master,Full-time,2026-05-08,86,Open
3621,ML Engineer,Google,Mumbai,Maharashtra,India,Remote,Entry,6,5,17,"Power BI,SQL",Retail,398072,145,Master,Internship,2026-05-25,60,Open
3622,Data Analyst,Infosys,Hyderabad,Delhi,India,Onsite,Mid,6,7,5,"Python,SQL",Education,657718,216,Master,Full-time,2026-05-26,71,Closed
3623,Software Engineer,TCS,Bengaluru,Tamil Nadu,India,Onsite,Senior,3,17,12,"Tableau,SQL",Healthcare,665103,71,Master,Internship,2026-02-15,86,Open
3624,BI Developer,Infosys,Chennai,Telangana,India,Remote,Mid,2,16,6,"Python,Pandas",Retail,676269,50,Master,Contract,2026-01-13,76,Closed
3625,ML Engineer,Accenture,Delhi,Telangana,India,Hybrid,Mid,1,15,16,"Tableau,SQL",Retail,1102575,301,Bachelor,Full-time,2026-01-26,84,Closed
3626,BI Developer,Google,Mumbai,Karnataka,India,Remote,Mid,8,14,8,"Excel,SQL",Healthcare,346757,143,Bachelor,Contract,2026-05-27,50,Closed
3627,BI Developer,Zoho,Mumbai,Delhi,India,Remote,Senior,6,4,20,"Tableau,SQL",Retail,518888,98,Bachelor,Internship,2026-05-27,79,Open
3628,Business Analyst,Zoho,Bengaluru,Telangana,India,Hybrid,Mid,6,11,17,"Azure,Python",Healthcare,950860,149,Master,Full-time,2026-02-25,74,Open
3629,Software Engineer,Wipro,Delhi,Maharashtra,India,Remote,Mid,0,27,8,"Excel,SQL",IT Services,1779714,157,Bachelor,Full-time,2026-06-04,76,Open
3630,BI Developer,Amazon,Hyderabad,Tamil Nadu,India,Remote,Senior,5,13,9,"Azure,Python",Healthcare,1015964,356,Master,Contract,2026-02-17,60,Closed
3631,Business Analyst,Wipro,Pune,Delhi,India,Remote,Mid,8,9,10,"Python,SQL",IT Services,1410208,454,Bachelor,Full-time,2026-05-23,60,Closed
3632,Software Engineer,TechNova,Pune,Karnataka,India,Remote,Entry,7,4,15,"Python,Pandas",IT Services,1441603,378,Master,Full-time,2026-05-01,59,Closed
3633,Software Engineer,Zoho,Pune,Telangana,India,Remote,Associate,2,14,12,"Power BI,SQL",IT Services,445203,97,Master,Full-time,2026-04-28,81,Open
3634,Business Analyst,Capgemini,Hyderabad,Telangana,India,Remote,Associate,2,21,11,"Azure,Python",Retail,1443255,144,Bachelor,Full-time,2026-05-04,74,Closed
3635,Business Analyst,Infosys,Chennai,Maharashtra,India,Onsite,Associate,0,18,20,"Python,Pandas",Finance,1347784,278,Bachelor,Internship,2026-05-08,80,Open
3636,Business Analyst,Wipro,Delhi,Tamil Nadu,India,Hybrid,Mid,7,17,12,"Power BI,SQL",IT Services,825755,3,Bachelor,Internship,2026-05-11,91,Closed
3637,Business Analyst,Accenture,Bengaluru,Tamil Nadu,India,Hybrid,Mid,2,24,15,"Tableau,SQL",Retail,565902,422,Bachelor,Full-time,2026-05-02,51,Closed
3638,BI Developer,TechNova,Bengaluru,Delhi,India,Onsite,Associate,8,9,7,"Python,SQL",Finance,829077,363,Master,Contract,2026-01-25,75,Closed
3639,Software Engineer,Google,Chennai,Telangana,India,Remote,Associate,0,20,15,"Power BI,SQL",Retail,1488572,267,Master,Contract,2026-03-16,96,Open
3640,BI Developer,TCS,Pune,Maharashtra,India,Onsite,Entry,5,7,19,"Python,SQL",Healthcare,1155189,256,Master,Internship,2026-06-21,92,Closed
3641,BI Developer,Zoho,Bengaluru,Karnataka,India,Onsite,Associate,2,4,13,"Azure,Python",Retail,1268834,327,Bachelor,Full-time,2026-03-28,60,Closed
3642,Data Scientist,Google,Chennai,Karnataka,India,Onsite,Entry,4,18,12,"Python,SQL",Healthcare,1789305,86,Master,Internship,2026-02-17,59,Open
3643,Software Engineer,Microsoft,Mumbai,Telangana,India,Hybrid,Senior,3,24,4,"Azure,Python",Healthcare,1633811,329,Master,Internship,2026-02-04,67,Closed
3644,Business Analyst,Infosys,Pune,Telangana,India,Onsite,Entry,5,9,4,"Python,SQL",IT Services,1777997,190,Bachelor,Internship,2026-02-16,88,Open
3645,BI Developer,Capgemini,Pune,Karnataka,India,Onsite,Mid,4,5,15,"Tableau,SQL",IT Services,886988,102,Bachelor,Full-time,2026-04-03,93,Open
3646,Business Analyst,Capgemini,Delhi,Tamil Nadu,India,Hybrid,Senior,8,13,12,"Excel,SQL",Retail,1509771,285,Bachelor,Full-time,2026-04-06,54,Open
3647,Business Analyst,Accenture,Hyderabad,Telangana,India,Hybrid,Senior,0,3,6,"Excel,SQL",Healthcare,1619459,119,Bachelor,Contract,2026-01-21,56,Closed
3648,Data Scientist,Google,Hyderabad,Telangana,India,Onsite,Associate,6,6,9,"Azure,Python",Finance,1797694,242,Master,Full-time,2026-04-14,88,Open
3649,BI Developer,Capgemini,Chennai,Karnataka,India,Hybrid,Entry,6,3,11,"Tableau,SQL",Education,1096149,230,Master,Contract,2026-02-05,53,Closed
3650,BI Developer,Capgemini,Chennai,Delhi,India,Onsite,Entry,6,14,19,"Power BI,SQL",Healthcare,637660,44,Master,Contract,2026-06-08,84,Closed
3651,Software Engineer,Zoho,Mumbai,Maharashtra,India,Onsite,Mid,2,8,17,"Azure,Python",Healthcare,1420482,66,Bachelor,Full-time,2026-05-05,52,Closed
3652,BI Developer,Google,Bengaluru,Maharashtra,India,Hybrid,Mid,1,4,16,"Azure,Python",Education,1234171,322,Bachelor,Full-time,2026-06-28,60,Open
3653,Data Scientist,TechNova,Mumbai,Delhi,India,Onsite,Mid,5,19,17,"Azure,Python",Healthcare,520047,62,Master,Contract,2026-05-08,95,Open
3654,Data Analyst,Zoho,Pune,Maharashtra,India,Onsite,Associate,5,18,4,"Power BI,SQL",Retail,1089225,434,Master,Full-time,2026-02-25,63,Open
3655,BI Developer,TechNova,Delhi,Telangana,India,Remote,Associate,1,18,6,"Power BI,SQL",Retail,1305630,458,Bachelor,Contract,2026-04-05,73,Open
3656,Software Engineer,Amazon,Mumbai,Delhi,India,Remote,Senior,3,18,15,"Azure,Python",IT Services,1791558,398,Bachelor,Contract,2026-02-08,76,Closed
3657,ML Engineer,Amazon,Hyderabad,Delhi,India,Hybrid,Senior,1,14,7,"Excel,SQL",Finance,1688362,127,Master,Contract,2026-03-12,56,Closed
3658,Software Engineer,Capgemini,Hyderabad,Telangana,India,Onsite,Mid,0,11,17,"Excel,SQL",Education,1278170,386,Bachelor,Contract,2026-02-21,81,Closed
3659,Data Scientist,Capgemini,Mumbai,Karnataka,India,Hybrid,Senior,1,14,7,"Azure,Python",Healthcare,1032241,212,Bachelor,Contract,2026-06-14,94,Open
3660,ML Engineer,Amazon,Bengaluru,Telangana,India,Onsite,Associate,1,29,20,"Azure,Python",Education,784074,460,Bachelor,Contract,2026-04-18,50,Open
3661,Business Analyst,Google,Pune,Tamil Nadu,India,Remote,Mid,0,14,7,"Python,Pandas",Healthcare,1472293,11,Master,Full-time,2026-05-24,75,Closed
3662,Data Scientist,Infosys,Mumbai,Delhi,India,Onsite,Entry,1,4,4,"Azure,Python",Retail,1010458,25,Master,Full-time,2026-04-22,64,Open
3663,Data Scientist,Amazon,Hyderabad,Telangana,India,Onsite,Senior,7,26,17,"Excel,SQL",IT Services,664875,83,Bachelor,Full-time,2026-05-10,73,Open
3664,Business Analyst,Google,Hyderabad,Delhi,India,Remote,Associate,3,19,8,"Python,Pandas",Retail,1389319,494,Bachelor,Contract,2026-03-13,56,Closed
3665,Software Engineer,Infosys,Chennai,Delhi,India,Onsite,Associate,0,9,4,"Excel,SQL",Education,957958,434,Bachelor,Contract,2026-05-31,73,Closed
3666,Business Analyst,Amazon,Pune,Telangana,India,Remote,Entry,8,10,20,"Azure,Python",Education,948337,309,Master,Full-time,2026-01-31,90,Closed
3667,Software Engineer,Amazon,Mumbai,Telangana,India,Remote,Associate,4,29,13,"Power BI,SQL",Healthcare,840217,168,Master,Full-time,2026-01-20,89,Open
3668,Data Analyst,Amazon,Mumbai,Telangana,India,Hybrid,Associate,6,25,12,"Python,SQL",Education,807778,455,Bachelor,Full-time,2026-03-21,61,Open
3669,Data Analyst,Zoho,Pune,Karnataka,India,Onsite,Senior,6,22,19,"Python,Pandas",Finance,1509707,372,Master,Full-time,2026-06-26,60,Closed
3670,Software Engineer,TechNova,Hyderabad,Telangana,India,Onsite,Mid,8,17,18,"Tableau,SQL",Retail,392747,430,Master,Internship,2026-05-25,69,Closed
3671,BI Developer,Accenture,Delhi,Telangana,India,Hybrid,Entry,2,6,13,"Tableau,SQL",Finance,1257480,300,Master,Internship,2026-04-23,91,Open
3672,Data Analyst,Microsoft,Bengaluru,Telangana,India,Hybrid,Associate,4,16,17,"Excel,SQL",Finance,1660163,150,Master,Internship,2026-02-26,89,Closed
3673,Data Analyst,Zoho,Pune,Telangana,India,Hybrid,Mid,6,3,19,"Python,SQL",Retail,1038553,340,Master,Internship,2026-06-20,96,Open
3674,Data Scientist,Microsoft,Chennai,Karnataka,India,Onsite,Mid,6,30,7,"Azure,Python",Finance,419325,46,Master,Contract,2026-04-11,76,Open
3675,ML Engineer,Zoho,Delhi,Karnataka,India,Onsite,Associate,5,13,8,"Power BI,SQL",IT Services,687518,126,Bachelor,Internship,2026-02-08,71,Closed
3676,Data Analyst,Capgemini,Delhi,Delhi,India,Remote,Associate,2,19,18,"Azure,Python",Education,624295,160,Bachelor,Internship,2026-02-19,60,Closed
3677,ML Engineer,Capgemini,Mumbai,Maharashtra,India,Remote,Associate,0,30,6,"Azure,Python",Finance,565548,340,Master,Internship,2026-02-03,60,Closed
3678,Data Scientist,Wipro,Hyderabad,Tamil Nadu,India,Onsite,Senior,1,25,10,"Azure,Python",IT Services,1627580,305,Master,Full-time,2026-03-08,51,Open
3679,Business Analyst,TCS,Pune,Delhi,India,Onsite,Mid,8,15,4,"Python,SQL",Retail,832163,82,Bachelor,Internship,2026-03-29,55,Open
3680,Data Analyst,Capgemini,Bengaluru,Delhi,India,Hybrid,Senior,6,8,14,"Azure,Python",Education,601168,7,Master,Contract,2026-04-05,82,Open
3681,Business Analyst,Wipro,Hyderabad,Karnataka,India,Onsite,Associate,8,16,12,"Excel,SQL",Finance,393342,151,Master,Full-time,2026-06-03,73,Closed
3682,BI Developer,TCS,Bengaluru,Delhi,India,Hybrid,Entry,0,30,17,"Python,Pandas",Retail,1006003,443,Master,Contract,2026-06-16,89,Open
3683,Data Analyst,Zoho,Hyderabad,Tamil Nadu,India,Onsite,Associate,4,15,6,"Python,SQL",Retail,1785778,176,Master,Internship,2026-04-27,91,Closed
3684,ML Engineer,Google,Delhi,Delhi,India,Onsite,Entry,7,21,10,"Tableau,SQL",IT Services,527698,327,Master,Full-time,2026-05-06,77,Open
3685,BI Developer,Wipro,Delhi,Tamil Nadu,India,Hybrid,Entry,6,29,11,"Azure,Python",Education,1278702,10,Bachelor,Internship,2026-03-06,86,Closed
3686,ML Engineer,Infosys,Pune,Delhi,India,Hybrid,Mid,7,26,12,"Python,SQL",IT Services,801714,34,Bachelor,Full-time,2026-03-26,55,Closed
3687,Software Engineer,Wipro,Pune,Tamil Nadu,India,Hybrid,Senior,6,24,14,"Power BI,SQL",Healthcare,432978,150,Bachelor,Full-time,2026-01-02,90,Open
3688,Data Scientist,TechNova,Hyderabad,Telangana,India,Remote,Senior,0,17,19,"Power BI,SQL",Healthcare,934949,218,Bachelor,Contract,2026-04-20,60,Open
3689,ML Engineer,Capgemini,Bengaluru,Telangana,India,Remote,Senior,7,18,19,"Python,Pandas",Retail,455574,152,Master,Contract,2026-02-26,96,Closed
3690,BI Developer,Infosys,Delhi,Maharashtra,India,Remote,Senior,0,25,19,"Azure,Python",IT Services,1406893,103,Bachelor,Contract,2026-03-25,75,Open
3691,Software Engineer,TechNova,Delhi,Telangana,India,Remote,Mid,3,5,17,"Power BI,SQL",Retail,1544731,311,Bachelor,Internship,2026-05-30,72,Closed
3692,Data Scientist,Amazon,Mumbai,Telangana,India,Onsite,Entry,3,19,15,"Power BI,SQL",IT Services,347398,111,Master,Contract,2026-04-18,97,Closed
3693,Data Analyst,Accenture,Bengaluru,Tamil Nadu,India,Hybrid,Associate,2,26,20,"Excel,SQL",Healthcare,550791,417,Bachelor,Full-time,2026-03-15,77,Closed
3694,Software Engineer,Wipro,Pune,Maharashtra,India,Onsite,Entry,7,10,6,"Python,SQL",Education,1548991,309,Bachelor,Internship,2026-06-19,83,Closed
3695,ML Engineer,Infosys,Hyderabad,Delhi,India,Onsite,Senior,1,3,18,"Tableau,SQL",Finance,1629305,401,Bachelor,Contract,2026-05-27,50,Closed
3696,Software Engineer,Amazon,Mumbai,Tamil Nadu,India,Onsite,Senior,4,24,5,"Power BI,SQL",Healthcare,1642282,274,Master,Internship,2026-05-12,67,Open
3697,ML Engineer,TechNova,Chennai,Delhi,India,Remote,Associate,3,27,17,"Python,Pandas",Healthcare,1260904,429,Master,Internship,2026-03-12,58,Open
3698,BI Developer,Amazon,Mumbai,Telangana,India,Onsite,Associate,3,9,13,"Azure,Python",Finance,1567448,98,Bachelor,Contract,2026-01-19,87,Closed
3699,Data Analyst,Capgemini,Bengaluru,Maharashtra,India,Onsite,Associate,6,3,18,"Power BI,SQL",IT Services,862665,70,Bachelor,Full-time,2026-06-21,57,Closed
3700,Software Engineer,TCS,Chennai,Telangana,India,Hybrid,Entry,3,26,12,"Excel,SQL",Retail,563767,399,Master,Internship,2026-05-31,79,Open
3701,Data Scientist,Infosys,Hyderabad,Delhi,India,Remote,Senior,8,19,19,"Tableau,SQL",Healthcare,1449646,264,Master,Contract,2026-04-22,79,Closed
3702,Software Engineer,TechNova,Hyderabad,Delhi,India,Remote,Associate,7,17,11,"Azure,Python",IT Services,961027,494,Bachelor,Full-time,2026-06-06,56,Closed
3703,Data Scientist,Infosys,Chennai,Maharashtra,India,Hybrid,Entry,7,19,9,"Python,SQL",Retail,681562,304,Master,Internship,2026-01-31,90,Open
3704,BI Developer,Accenture,Hyderabad,Karnataka,India,Remote,Entry,7,21,12,"Power BI,SQL",Education,811985,412,Bachelor,Contract,2026-01-18,64,Open
3705,BI Developer,Wipro,Bengaluru,Delhi,India,Remote,Senior,5,16,4,"Excel,SQL",Education,1037599,427,Master,Internship,2026-04-18,88,Closed
3706,ML Engineer,Amazon,Hyderabad,Maharashtra,India,Onsite,Mid,8,27,17,"Excel,SQL",Finance,1305481,184,Bachelor,Full-time,2026-05-07,98,Open
3707,Software Engineer,Microsoft,Hyderabad,Karnataka,India,Onsite,Mid,8,25,4,"Azure,Python",Finance,1540908,157,Bachelor,Contract,2026-05-05,72,Closed
3708,Business Analyst,Amazon,Delhi,Tamil Nadu,India,Remote,Entry,2,3,16,"Python,SQL",Education,1219072,251,Bachelor,Internship,2026-03-08,90,Open
3709,Business Analyst,Amazon,Mumbai,Maharashtra,India,Onsite,Entry,5,22,12,"Tableau,SQL",Healthcare,703236,315,Bachelor,Internship,2026-01-12,91,Closed
3710,Business Analyst,Zoho,Mumbai,Tamil Nadu,India,Hybrid,Senior,0,20,13,"Tableau,SQL",IT Services,943814,308,Master,Contract,2026-02-26,87,Closed
3711,Software Engineer,Capgemini,Delhi,Tamil Nadu,India,Remote,Entry,1,16,17,"Python,Pandas",Healthcare,489347,159,Bachelor,Internship,2026-05-05,69,Closed
3712,Business Analyst,Amazon,Pune,Telangana,India,Remote,Entry,4,19,8,"Python,SQL",IT Services,381156,214,Bachelor,Contract,2026-06-20,87,Closed
3713,ML Engineer,Infosys,Hyderabad,Tamil Nadu,India,Hybrid,Associate,8,23,12,"Power BI,SQL",Retail,943926,99,Bachelor,Internship,2026-03-01,57,Open
3714,Business Analyst,TCS,Mumbai,Karnataka,India,Onsite,Mid,0,7,19,"Python,Pandas",Education,1659663,278,Master,Contract,2026-02-27,85,Closed
3715,ML Engineer,Google,Pune,Tamil Nadu,India,Onsite,Entry,2,28,4,"Tableau,SQL",Retail,736276,138,Master,Internship,2026-06-07,88,Closed
3716,Software Engineer,Amazon,Chennai,Delhi,India,Remote,Senior,3,5,9,"Python,SQL",IT Services,1300205,386,Master,Full-time,2026-02-27,70,Open
3717,Software Engineer,TechNova,Bengaluru,Tamil Nadu,India,Remote,Entry,2,26,20,"Azure,Python",IT Services,754361,200,Master,Internship,2026-03-22,54,Closed
3718,Data Analyst,Capgemini,Bengaluru,Telangana,India,Remote,Mid,0,25,20,"Python,SQL",Finance,1426170,406,Bachelor,Internship,2026-04-11,75,Closed
3719,Data Scientist,Microsoft,Bengaluru,Telangana,India,Hybrid,Mid,8,17,5,"Tableau,SQL",Finance,1509593,406,Master,Full-time,2026-06-07,63,Closed
3720,Software Engineer,TCS,Bengaluru,Maharashtra,India,Hybrid,Associate,7,4,15,"Power BI,SQL",Healthcare,1163133,72,Bachelor,Contract,2026-03-17,86,Closed
3721,Software Engineer,Microsoft,Hyderabad,Maharashtra,India,Remote,Senior,3,30,12,"Python,SQL",IT Services,1227816,276,Bachelor,Full-time,2026-06-21,82,Open
3722,Data Scientist,Wipro,Bengaluru,Maharashtra,India,Onsite,Associate,6,9,18,"Azure,Python",Education,631366,103,Master,Full-time,2026-05-06,87,Closed
3723,Business Analyst,Infosys,Pune,Delhi,India,Hybrid,Mid,8,25,14,"Python,Pandas",Finance,1165919,55,Master,Full-time,2026-02-01,73,Closed
3724,ML Engineer,Microsoft,Delhi,Karnataka,India,Onsite,Mid,5,28,14,"Power BI,SQL",Healthcare,810947,56,Bachelor,Contract,2026-01-04,82,Closed
3725,ML Engineer,Microsoft,Pune,Karnataka,India,Hybrid,Mid,6,22,17,"Tableau,SQL",Education,1412844,17,Bachelor,Contract,2026-03-10,54,Closed
3726,BI Developer,Amazon,Pune,Maharashtra,India,Onsite,Mid,6,10,14,"Tableau,SQL",Finance,1760033,231,Master,Full-time,2026-06-21,69,Closed
3727,Business Analyst,Microsoft,Bengaluru,Maharashtra,India,Remote,Entry,8,30,13,"Tableau,SQL",IT Services,1295787,297,Bachelor,Contract,2026-04-09,83,Open
3728,Data Analyst,Amazon,Mumbai,Telangana,India,Onsite,Associate,3,8,9,"Tableau,SQL",Retail,1319456,54,Master,Internship,2026-01-05,95,Closed
3729,ML Engineer,Amazon,Bengaluru,Tamil Nadu,India,Onsite,Entry,0,22,17,"Power BI,SQL",IT Services,1501616,211,Bachelor,Full-time,2026-03-22,97,Closed
3730,Data Scientist,Accenture,Mumbai,Tamil Nadu,India,Remote,Senior,0,29,5,"Azure,Python",Healthcare,922881,454,Bachelor,Internship,2026-06-30,63,Open
3731,Data Analyst,TechNova,Hyderabad,Karnataka,India,Hybrid,Mid,1,13,19,"Python,SQL",Education,439276,40,Bachelor,Internship,2026-05-30,97,Closed
3732,Data Scientist,TechNova,Mumbai,Tamil Nadu,India,Hybrid,Associate,4,24,12,"Excel,SQL",IT Services,993547,192,Master,Full-time,2026-03-19,76,Open
3733,Data Analyst,Infosys,Chennai,Tamil Nadu,India,Remote,Entry,0,28,16,"Power BI,SQL",IT Services,844229,249,Bachelor,Internship,2026-01-31,62,Closed
3734,Business Analyst,Microsoft,Chennai,Delhi,India,Hybrid,Mid,2,3,17,"Power BI,SQL",IT Services,358970,329,Master,Full-time,2026-04-13,52,Closed
3735,ML Engineer,Accenture,Delhi,Karnataka,India,Hybrid,Mid,1,22,8,"Excel,SQL",Healthcare,1700832,102,Master,Internship,2026-04-28,76,Closed
3736,BI Developer,Wipro,Mumbai,Karnataka,India,Onsite,Associate,5,15,16,"Python,SQL",Education,553264,324,Master,Internship,2026-05-07,84,Open
3737,Software Engineer,Capgemini,Mumbai,Telangana,India,Onsite,Associate,8,12,8,"Python,SQL",Finance,1004366,397,Master,Full-time,2026-01-08,58,Closed
3738,ML Engineer,Infosys,Chennai,Delhi,India,Hybrid,Associate,2,24,6,"Power BI,SQL",Education,797830,323,Master,Internship,2026-01-22,93,Closed
3739,Data Analyst,Google,Mumbai,Karnataka,India,Remote,Mid,1,8,12,"Power BI,SQL",IT Services,1743903,112,Master,Full-time,2026-06-20,74,Closed
3740,Data Scientist,Amazon,Delhi,Maharashtra,India,Hybrid,Entry,5,16,6,"Python,Pandas",Healthcare,1234639,428,Bachelor,Full-time,2026-02-04,72,Open
3741,Data Analyst,Amazon,Hyderabad,Karnataka,India,Onsite,Entry,1,29,16,"Tableau,SQL",Retail,1741701,412,Master,Internship,2026-05-04,71,Closed
3742,Software Engineer,Zoho,Pune,Karnataka,India,Onsite,Entry,2,15,20,"Power BI,SQL",Finance,333851,193,Bachelor,Contract,2026-01-10,58,Closed
3743,BI Developer,Amazon,Mumbai,Maharashtra,India,Onsite,Mid,4,27,7,"Python,Pandas",Healthcare,487269,225,Master,Full-time,2026-06-08,81,Closed
3744,BI Developer,Amazon,Mumbai,Delhi,India,Remote,Mid,3,4,17,"Python,SQL",Healthcare,776802,402,Master,Full-time,2026-04-29,82,Closed
3745,Business Analyst,Wipro,Hyderabad,Maharashtra,India,Hybrid,Mid,6,4,12,"Excel,SQL",IT Services,1082583,469,Master,Contract,2026-02-27,74,Closed
3746,BI Developer,Amazon,Hyderabad,Karnataka,India,Hybrid,Entry,0,3,14,"Python,SQL",Education,531983,423,Bachelor,Internship,2026-05-21,59,Closed
3747,BI Developer,TCS,Pune,Tamil Nadu,India,Onsite,Entry,6,28,4,"Azure,Python",Healthcare,827230,80,Master,Contract,2026-01-22,69,Closed
3748,Software Engineer,TCS,Chennai,Tamil Nadu,India,Remote,Mid,5,30,9,"Python,SQL",IT Services,785980,116,Master,Contract,2026-06-07,98,Closed
3749,Business Analyst,TechNova,Bengaluru,Karnataka,India,Hybrid,Entry,1,12,18,"Python,Pandas",Healthcare,1250701,39,Master,Contract,2026-06-19,86,Open
3750,Data Scientist,Amazon,Delhi,Karnataka,India,Onsite,Senior,4,19,16,"Tableau,SQL",IT Services,1783344,54,Master,Full-time,2026-04-28,66,Open
3751,Business Analyst,Infosys,Bengaluru,Tamil Nadu,India,Onsite,Mid,4,6,19,"Python,Pandas",IT Services,435582,395,Master,Full-time,2026-03-25,51,Closed
3752,Data Analyst,Amazon,Chennai,Delhi,India,Remote,Senior,3,14,20,"Azure,Python",Finance,675460,492,Bachelor,Internship,2026-04-06,73,Closed
3753,BI Developer,Wipro,Delhi,Delhi,India,Hybrid,Associate,8,12,16,"Excel,SQL",Retail,1604779,324,Bachelor,Internship,2026-02-15,59,Open
3754,ML Engineer,Google,Hyderabad,Telangana,India,Hybrid,Senior,7,12,16,"Azure,Python",Education,1645773,121,Master,Full-time,2026-02-11,51,Closed
3755,Data Analyst,Google,Chennai,Tamil Nadu,India,Remote,Entry,3,13,19,"Python,Pandas",IT Services,1222269,474,Bachelor,Full-time,2026-04-22,68,Open
3756,Data Analyst,Amazon,Delhi,Delhi,India,Remote,Entry,8,20,7,"Tableau,SQL",Finance,934074,500,Bachelor,Contract,2026-05-23,58,Closed
3757,ML Engineer,Google,Hyderabad,Delhi,India,Hybrid,Entry,5,8,9,"Excel,SQL",Education,1604990,277,Bachelor,Contract,2026-04-22,56,Open
3758,Data Analyst,Accenture,Hyderabad,Delhi,India,Remote,Associate,1,23,13,"Power BI,SQL",IT Services,1262182,418,Bachelor,Full-time,2026-06-25,54,Open
3759,Data Analyst,TCS,Delhi,Karnataka,India,Onsite,Entry,3,15,9,"Azure,Python",Retail,349079,32,Master,Full-time,2026-03-27,90,Open
3760,Data Analyst,Google,Delhi,Karnataka,India,Hybrid,Entry,1,20,13,"Azure,Python",Education,549523,437,Master,Full-time,2026-04-11,87,Closed
3761,Data Scientist,TCS,Delhi,Tamil Nadu,India,Onsite,Associate,6,13,8,"Tableau,SQL",Retail,424945,138,Bachelor,Internship,2026-06-10,52,Open
3762,Software Engineer,TCS,Chennai,Karnataka,India,Hybrid,Senior,6,13,5,"Python,SQL",Education,1087120,363,Master,Full-time,2026-06-22,58,Open
3763,BI Developer,Zoho,Bengaluru,Karnataka,India,Hybrid,Senior,8,4,18,"Python,Pandas",Education,927171,65,Bachelor,Full-time,2026-06-06,62,Open
3764,Data Analyst,Microsoft,Mumbai,Karnataka,India,Hybrid,Associate,6,17,6,"Azure,Python",Healthcare,599460,451,Master,Contract,2026-06-02,81,Open
3765,ML Engineer,TCS,Hyderabad,Tamil Nadu,India,Hybrid,Associate,4,20,4,"Python,Pandas",Education,774842,24,Master,Full-time,2026-04-02,79,Open
3766,ML Engineer,TCS,Bengaluru,Telangana,India,Hybrid,Mid,5,26,13,"Power BI,SQL",Education,1008483,130,Bachelor,Contract,2026-03-17,93,Open
3767,ML Engineer,Google,Hyderabad,Karnataka,India,Onsite,Associate,4,11,20,"Power BI,SQL",Education,1627983,352,Bachelor,Contract,2026-04-18,50,Open
3768,BI Developer,TechNova,Delhi,Maharashtra,India,Hybrid,Associate,2,24,14,"Excel,SQL",Finance,854412,430,Bachelor,Full-time,2026-04-02,92,Open
3769,Business Analyst,Zoho,Delhi,Telangana,India,Hybrid,Entry,0,22,7,"Excel,SQL",Education,901630,323,Master,Internship,2026-01-06,71,Open
3770,Data Analyst,Microsoft,Chennai,Maharashtra,India,Remote,Entry,4,10,9,"Azure,Python",IT Services,1506372,97,Bachelor,Contract,2026-03-25,83,Open
3771,Software Engineer,Microsoft,Mumbai,Karnataka,India,Hybrid,Entry,3,15,6,"Python,Pandas",IT Services,1596411,412,Bachelor,Full-time,2026-04-13,87,Closed
3772,BI Developer,Zoho,Hyderabad,Tamil Nadu,India,Hybrid,Senior,3,20,6,"Azure,Python",Retail,872922,332,Master,Internship,2026-02-03,98,Open
3773,BI Developer,TCS,Delhi,Maharashtra,India,Remote,Senior,6,15,5,"Excel,SQL",Retail,1548876,408,Bachelor,Full-time,2026-04-28,88,Open
3774,Business Analyst,TCS,Mumbai,Delhi,India,Hybrid,Entry,8,19,9,"Power BI,SQL",Healthcare,677615,370,Master,Internship,2026-04-27,75,Closed
3775,Data Analyst,Infosys,Pune,Delhi,India,Onsite,Associate,8,14,15,"Tableau,SQL",Education,1007412,377,Master,Contract,2026-02-24,93,Closed
3776,Data Scientist,Amazon,Bengaluru,Tamil Nadu,India,Remote,Entry,7,30,8,"Power BI,SQL",Education,805973,329,Bachelor,Internship,2026-01-13,95,Closed
3777,Software Engineer,TechNova,Chennai,Tamil Nadu,India,Remote,Mid,6,12,18,"Python,Pandas",Retail,1793618,163,Master,Full-time,2026-05-04,89,Closed
3778,BI Developer,Capgemini,Chennai,Delhi,India,Hybrid,Senior,2,25,13,"Python,SQL",Healthcare,1361235,366,Bachelor,Internship,2026-05-21,84,Open
3779,ML Engineer,TechNova,Hyderabad,Maharashtra,India,Onsite,Mid,0,24,16,"Excel,SQL",Retail,1418352,418,Bachelor,Full-time,2026-03-24,77,Open
3780,Business Analyst,Amazon,Pune,Karnataka,India,Remote,Mid,2,9,10,"Python,SQL",Education,1204842,89,Bachelor,Contract,2026-03-05,86,Open
3781,ML Engineer,Infosys,Mumbai,Maharashtra,India,Onsite,Entry,6,7,6,"Tableau,SQL",Education,1780296,310,Bachelor,Full-time,2026-01-25,75,Closed
3782,ML Engineer,TechNova,Mumbai,Karnataka,India,Remote,Senior,6,15,18,"Tableau,SQL",Retail,751668,119,Master,Full-time,2026-06-04,79,Open
3783,Data Scientist,TCS,Pune,Karnataka,India,Remote,Mid,5,9,4,"Python,SQL",Retail,1495405,317,Master,Internship,2026-04-30,60,Closed
3784,ML Engineer,Capgemini,Chennai,Maharashtra,India,Hybrid,Senior,2,3,12,"Python,SQL",IT Services,1047036,360,Master,Contract,2026-04-08,98,Open
3785,ML Engineer,Zoho,Mumbai,Karnataka,India,Onsite,Senior,1,16,5,"Python,SQL",Finance,1781560,101,Bachelor,Full-time,2026-02-18,55,Open
3786,BI Developer,Wipro,Mumbai,Maharashtra,India,Remote,Entry,1,29,18,"Tableau,SQL",Healthcare,1008331,152,Master,Internship,2026-02-07,91,Open
3787,Data Scientist,Zoho,Chennai,Maharashtra,India,Remote,Mid,1,7,4,"Python,SQL",Finance,926976,408,Bachelor,Full-time,2026-06-03,54,Open
3788,BI Developer,TCS,Chennai,Karnataka,India,Hybrid,Associate,5,16,11,"Excel,SQL",Retail,1665897,54,Master,Internship,2026-02-08,83,Open
3789,Software Engineer,Microsoft,Delhi,Telangana,India,Remote,Mid,8,30,11,"Excel,SQL",IT Services,1131537,283,Master,Full-time,2026-02-12,50,Open
3790,Software Engineer,Microsoft,Bengaluru,Tamil Nadu,India,Remote,Mid,2,4,17,"Excel,SQL",Retail,1202251,24,Master,Internship,2026-04-28,88,Open
3791,Business Analyst,Wipro,Delhi,Karnataka,India,Remote,Senior,7,25,10,"Python,SQL",Retail,491764,437,Bachelor,Full-time,2026-01-16,81,Open
3792,Software Engineer,Zoho,Bengaluru,Telangana,India,Hybrid,Entry,1,4,6,"Power BI,SQL",Education,1581552,408,Bachelor,Full-time,2026-02-03,52,Open
3793,BI Developer,Microsoft,Pune,Karnataka,India,Onsite,Entry,4,21,14,"Azure,Python",Retail,1372837,162,Master,Internship,2026-05-08,52,Closed
3794,Business Analyst,Microsoft,Mumbai,Delhi,India,Onsite,Mid,8,3,14,"Azure,Python",Education,1262732,439,Master,Full-time,2026-06-15,71,Open
3795,Software Engineer,TechNova,Hyderabad,Karnataka,India,Remote,Associate,8,20,11,"Python,Pandas",Retail,1314311,210,Bachelor,Contract,2026-02-13,96,Closed
3796,Data Analyst,Infosys,Mumbai,Tamil Nadu,India,Onsite,Entry,7,20,12,"Python,SQL",IT Services,880212,29,Bachelor,Internship,2026-03-28,82,Closed
3797,Business Analyst,Accenture,Pune,Tamil Nadu,India,Hybrid,Senior,7,29,7,"Python,Pandas",IT Services,1770767,451,Bachelor,Internship,2026-02-12,93,Open
3798,Software Engineer,Microsoft,Hyderabad,Delhi,India,Hybrid,Mid,3,3,12,"Azure,Python",Education,855504,276,Bachelor,Full-time,2026-05-14,84,Closed
3799,Software Engineer,Google,Mumbai,Delhi,India,Remote,Senior,7,20,13,"Python,SQL",Education,1028322,381,Master,Contract,2026-03-06,66,Closed
3800,Software Engineer,Accenture,Pune,Maharashtra,India,Onsite,Associate,1,9,10,"Excel,SQL",Education,757657,275,Bachelor,Internship,2026-01-28,95,Closed
3801,Data Analyst,Infosys,Bengaluru,Maharashtra,India,Hybrid,Mid,1,10,19,"Power BI,SQL",Finance,1580184,467,Bachelor,Internship,2026-02-09,95,Open
3802,Data Scientist,Capgemini,Delhi,Karnataka,India,Onsite,Mid,1,15,20,"Python,SQL",IT Services,1727316,223,Bachelor,Contract,2026-06-05,98,Closed
3803,Data Analyst,TechNova,Mumbai,Delhi,India,Remote,Associate,7,25,14,"Python,Pandas",Education,327109,1,Bachelor,Contract,2026-01-21,73,Closed
3804,Data Scientist,Wipro,Delhi,Karnataka,India,Remote,Associate,6,10,7,"Python,Pandas",Finance,996966,416,Bachelor,Full-time,2026-06-29,98,Open
3805,ML Engineer,Amazon,Delhi,Telangana,India,Remote,Entry,2,7,20,"Python,Pandas",IT Services,1454264,96,Master,Internship,2026-03-14,79,Open
3806,Business Analyst,TechNova,Pune,Maharashtra,India,Remote,Senior,0,22,9,"Python,Pandas",IT Services,810160,46,Bachelor,Internship,2026-03-12,72,Closed
3807,Software Engineer,Accenture,Hyderabad,Delhi,India,Remote,Senior,4,14,19,"Azure,Python",Healthcare,1604542,181,Bachelor,Contract,2026-04-25,75,Closed
3808,ML Engineer,Microsoft,Pune,Maharashtra,India,Onsite,Entry,7,19,6,"Python,SQL",Education,1633672,353,Master,Internship,2026-04-14,92,Open
3809,Business Analyst,Google,Pune,Maharashtra,India,Remote,Associate,0,4,20,"Excel,SQL",Healthcare,675997,349,Bachelor,Internship,2026-02-06,82,Closed
3810,Software Engineer,Amazon,Chennai,Telangana,India,Hybrid,Senior,5,5,9,"Python,Pandas",Finance,737041,280,Bachelor,Internship,2026-05-01,75,Closed
3811,Software Engineer,Google,Bengaluru,Karnataka,India,Hybrid,Senior,2,22,9,"Power BI,SQL",Healthcare,416413,281,Master,Contract,2026-02-11,58,Open
3812,Business Analyst,Infosys,Pune,Maharashtra,India,Onsite,Entry,3,28,8,"Tableau,SQL",IT Services,1316314,149,Bachelor,Internship,2026-06-25,52,Closed
3813,BI Developer,Capgemini,Pune,Tamil Nadu,India,Onsite,Entry,6,15,7,"Python,SQL",Education,379671,133,Master,Internship,2026-05-02,83,Closed
3814,Data Scientist,Capgemini,Chennai,Tamil Nadu,India,Onsite,Senior,8,8,19,"Tableau,SQL",Finance,1351089,320,Bachelor,Contract,2026-03-16,81,Open
3815,Business Analyst,Amazon,Delhi,Delhi,India,Remote,Entry,4,28,10,"Tableau,SQL",Finance,764600,103,Master,Contract,2026-04-09,69,Open
3816,BI Developer,TechNova,Chennai,Telangana,India,Onsite,Entry,4,22,11,"Excel,SQL",IT Services,705109,159,Bachelor,Internship,2026-02-16,53,Open
3817,Business Analyst,TCS,Mumbai,Maharashtra,India,Hybrid,Entry,1,17,14,"Excel,SQL",Retail,1770073,168,Master,Contract,2026-01-11,64,Open
3818,Data Scientist,Wipro,Delhi,Telangana,India,Hybrid,Senior,2,23,11,"Python,Pandas",Finance,688402,220,Master,Internship,2026-04-17,87,Closed
3819,ML Engineer,Google,Bengaluru,Maharashtra,India,Onsite,Associate,8,13,5,"Azure,Python",Education,812530,36,Master,Full-time,2026-01-02,54,Open
3820,Software Engineer,Microsoft,Chennai,Tamil Nadu,India,Hybrid,Mid,5,10,20,"Power BI,SQL",Finance,1475382,328,Master,Contract,2026-04-26,65,Closed
3821,BI Developer,Infosys,Mumbai,Telangana,India,Onsite,Mid,1,4,18,"Azure,Python",Retail,1740707,418,Master,Full-time,2026-03-30,52,Open
3822,Business Analyst,Infosys,Chennai,Tamil Nadu,India,Onsite,Entry,4,18,8,"Power BI,SQL",IT Services,1103682,204,Master,Contract,2026-01-25,86,Closed
3823,BI Developer,TCS,Hyderabad,Telangana,India,Hybrid,Mid,5,23,13,"Excel,SQL",Finance,1699658,223,Master,Full-time,2026-03-27,56,Open
3824,Data Scientist,Google,Mumbai,Maharashtra,India,Hybrid,Senior,1,18,13,"Azure,Python",Healthcare,307179,43,Master,Full-time,2026-01-24,88,Closed
3825,Business Analyst,Wipro,Delhi,Tamil Nadu,India,Hybrid,Associate,3,3,15,"Tableau,SQL",Healthcare,613369,142,Master,Internship,2026-05-15,56,Open
3826,Software Engineer,TechNova,Hyderabad,Maharashtra,India,Hybrid,Mid,4,23,18,"Azure,Python",Healthcare,1479367,447,Master,Internship,2026-06-16,97,Open
3827,Business Analyst,Wipro,Chennai,Maharashtra,India,Hybrid,Mid,5,14,12,"Python,Pandas",Finance,327931,259,Bachelor,Internship,2026-02-04,51,Closed
3828,Data Scientist,Zoho,Delhi,Tamil Nadu,India,Onsite,Mid,1,18,14,"Azure,Python",Education,534361,229,Bachelor,Internship,2026-01-14,76,Open
3829,Business Analyst,TCS,Hyderabad,Maharashtra,India,Remote,Mid,6,25,19,"Python,Pandas",IT Services,797962,105,Master,Contract,2026-02-16,92,Open
3830,BI Developer,Zoho,Bengaluru,Karnataka,India,Hybrid,Associate,4,12,7,"Python,Pandas",Retail,1354229,423,Bachelor,Contract,2026-02-18,71,Open
3831,BI Developer,Google,Hyderabad,Telangana,India,Remote,Associate,7,4,11,"Power BI,SQL",Retail,991881,297,Bachelor,Contract,2026-02-06,53,Open
3832,ML Engineer,Zoho,Delhi,Maharashtra,India,Onsite,Mid,4,12,10,"Tableau,SQL",Retail,1146291,245,Master,Internship,2026-02-19,88,Closed
3833,BI Developer,Amazon,Bengaluru,Tamil Nadu,India,Hybrid,Mid,3,3,13,"Python,Pandas",Education,1445847,342,Bachelor,Internship,2026-04-28,53,Open
3834,Data Scientist,Capgemini,Chennai,Maharashtra,India,Hybrid,Entry,1,24,7,"Excel,SQL",Healthcare,464098,392,Bachelor,Full-time,2026-05-30,71,Closed
3835,Software Engineer,Accenture,Chennai,Karnataka,India,Hybrid,Senior,7,3,15,"Azure,Python",IT Services,1386961,343,Master,Full-time,2026-03-17,51,Closed
3836,Business Analyst,Google,Chennai,Delhi,India,Hybrid,Associate,7,22,5,"Python,Pandas",Education,577776,437,Master,Full-time,2026-04-04,57,Open
3837,Software Engineer,TechNova,Bengaluru,Maharashtra,India,Remote,Senior,6,27,6,"Python,Pandas",Education,1766133,36,Bachelor,Contract,2026-01-21,88,Open
3838,Data Scientist,TCS,Mumbai,Telangana,India,Remote,Mid,8,5,11,"Excel,SQL",Healthcare,1367713,129,Bachelor,Internship,2026-05-05,66,Open
3839,BI Developer,TechNova,Bengaluru,Maharashtra,India,Hybrid,Associate,8,17,19,"Python,Pandas",IT Services,1513874,21,Bachelor,Contract,2026-02-17,75,Open
3840,ML Engineer,Zoho,Mumbai,Karnataka,India,Remote,Mid,3,5,15,"Tableau,SQL",Finance,935165,138,Master,Contract,2026-01-08,83,Open
3841,Software Engineer,TCS,Chennai,Delhi,India,Remote,Senior,7,15,18,"Python,Pandas",Retail,661325,335,Bachelor,Full-time,2026-06-15,87,Closed
3842,Software Engineer,Amazon,Chennai,Tamil Nadu,India,Hybrid,Senior,3,15,12,"Python,Pandas",Retail,1264695,192,Bachelor,Internship,2026-02-26,70,Open
3843,Business Analyst,Capgemini,Delhi,Delhi,India,Hybrid,Senior,4,28,5,"Power BI,SQL",Education,839609,184,Bachelor,Contract,2026-04-10,96,Closed
3844,Business Analyst,Microsoft,Hyderabad,Tamil Nadu,India,Remote,Entry,8,25,20,"Excel,SQL",Finance,637567,91,Master,Contract,2026-02-16,92,Open
3845,Business Analyst,Amazon,Bengaluru,Karnataka,India,Onsite,Entry,0,7,20,"Tableau,SQL",Retail,1604203,135,Master,Contract,2026-04-10,61,Closed
3846,Business Analyst,Infosys,Bengaluru,Delhi,India,Remote,Entry,6,9,15,"Azure,Python",Retail,418887,168,Bachelor,Internship,2026-04-15,69,Open
3847,BI Developer,TechNova,Hyderabad,Maharashtra,India,Onsite,Mid,6,18,10,"Python,Pandas",Finance,1450150,468,Bachelor,Internship,2026-06-14,77,Closed
3848,ML Engineer,Microsoft,Mumbai,Tamil Nadu,India,Onsite,Senior,4,25,15,"Excel,SQL",Retail,423923,19,Master,Full-time,2026-04-08,76,Open
3849,Data Analyst,Infosys,Chennai,Telangana,India,Remote,Associate,5,8,10,"Power BI,SQL",IT Services,339280,202,Bachelor,Internship,2026-03-21,54,Open
3850,Data Scientist,Capgemini,Mumbai,Karnataka,India,Onsite,Mid,0,14,20,"Tableau,SQL",Education,593825,0,Master,Internship,2026-05-02,66,Open
3851,BI Developer,Amazon,Chennai,Maharashtra,India,Remote,Entry,5,23,10,"Python,Pandas",Healthcare,971297,399,Bachelor,Full-time,2026-01-13,60,Open
3852,BI Developer,TechNova,Bengaluru,Maharashtra,India,Hybrid,Mid,4,23,4,"Power BI,SQL",Healthcare,1659702,112,Bachelor,Internship,2026-03-28,73,Open
3853,Data Analyst,Accenture,Hyderabad,Maharashtra,India,Remote,Associate,2,10,8,"Python,Pandas",Education,1676224,266,Bachelor,Full-time,2026-01-07,87,Open
3854,ML Engineer,Infosys,Mumbai,Maharashtra,India,Onsite,Mid,8,27,15,"Power BI,SQL",Finance,535777,59,Master,Contract,2026-06-11,79,Closed
3855,ML Engineer,Zoho,Pune,Maharashtra,India,Onsite,Senior,3,30,20,"Python,SQL",Retail,689770,440,Bachelor,Contract,2026-02-13,80,Closed
3856,ML Engineer,Capgemini,Delhi,Telangana,India,Hybrid,Senior,8,15,18,"Excel,SQL",Education,438437,304,Bachelor,Internship,2026-01-27,81,Open
3857,Data Scientist,Google,Delhi,Delhi,India,Hybrid,Entry,0,17,5,"Python,SQL",Healthcare,962430,115,Master,Internship,2026-02-06,92,Closed
3858,BI Developer,TCS,Pune,Delhi,India,Onsite,Associate,3,3,4,"Power BI,SQL",Healthcare,745875,500,Bachelor,Full-time,2026-06-29,96,Open
3859,BI Developer,Google,Mumbai,Maharashtra,India,Hybrid,Associate,1,26,15,"Tableau,SQL",Healthcare,788616,488,Master,Internship,2026-03-26,61,Open
3860,BI Developer,Amazon,Pune,Delhi,India,Hybrid,Mid,5,25,20,"Power BI,SQL",Healthcare,632183,272,Bachelor,Internship,2026-03-28,61,Closed
3861,Data Scientist,TCS,Chennai,Tamil Nadu,India,Onsite,Entry,3,4,18,"Python,SQL",IT Services,1112137,40,Bachelor,Full-time,2026-05-12,78,Closed
3862,Data Analyst,TCS,Chennai,Maharashtra,India,Remote,Mid,0,16,6,"Power BI,SQL",Education,662903,16,Master,Contract,2026-05-25,53,Open
3863,Business Analyst,TCS,Bengaluru,Maharashtra,India,Remote,Entry,0,29,17,"Python,Pandas",Healthcare,1731407,393,Master,Contract,2026-03-01,72,Closed
3864,Business Analyst,Amazon,Hyderabad,Karnataka,India,Onsite,Entry,8,12,10,"Power BI,SQL",IT Services,757825,189,Bachelor,Full-time,2026-05-05,82,Open
3865,BI Developer,Capgemini,Delhi,Tamil Nadu,India,Onsite,Senior,1,4,11,"Python,SQL",Education,626524,253,Master,Contract,2026-03-04,51,Closed
3866,ML Engineer,Capgemini,Mumbai,Karnataka,India,Onsite,Entry,2,27,6,"Power BI,SQL",IT Services,969334,306,Bachelor,Internship,2026-03-24,79,Closed
3867,Data Analyst,Capgemini,Mumbai,Telangana,India,Onsite,Senior,5,28,9,"Azure,Python",Education,1151670,278,Bachelor,Full-time,2026-03-27,93,Open
3868,ML Engineer,TechNova,Delhi,Tamil Nadu,India,Hybrid,Senior,0,17,17,"Tableau,SQL",Retail,1342509,44,Master,Internship,2026-03-23,84,Open
3869,BI Developer,Amazon,Hyderabad,Tamil Nadu,India,Hybrid,Senior,8,16,7,"Python,Pandas",Education,549661,344,Bachelor,Contract,2026-03-06,58,Closed
3870,Business Analyst,Infosys,Chennai,Maharashtra,India,Onsite,Senior,8,24,9,"Azure,Python",Retail,1144154,125,Bachelor,Contract,2026-06-17,78,Open
3871,BI Developer,Google,Chennai,Karnataka,India,Onsite,Associate,8,18,6,"Azure,Python",Education,546420,361,Master,Full-time,2026-05-24,87,Open
3872,Data Scientist,Infosys,Mumbai,Delhi,India,Hybrid,Senior,0,13,17,"Python,SQL",Finance,422232,258,Master,Internship,2026-03-12,67,Open
3873,BI Developer,Infosys,Bengaluru,Telangana,India,Onsite,Associate,8,25,19,"Python,Pandas",Retail,551372,263,Bachelor,Internship,2026-02-10,68,Open
3874,Business Analyst,TCS,Chennai,Maharashtra,India,Hybrid,Entry,7,5,10,"Azure,Python",IT Services,758609,31,Bachelor,Contract,2026-02-07,75,Closed
3875,Data Analyst,Microsoft,Pune,Delhi,India,Hybrid,Senior,7,19,19,"Excel,SQL",Finance,414212,72,Bachelor,Contract,2026-02-25,77,Open
3876,ML Engineer,Microsoft,Hyderabad,Delhi,India,Remote,Associate,3,7,4,"Python,Pandas",Education,1570844,290,Master,Full-time,2026-06-19,90,Open
3877,Business Analyst,Google,Delhi,Tamil Nadu,India,Onsite,Entry,2,16,18,"Python,Pandas",Healthcare,1014883,210,Bachelor,Contract,2026-03-02,83,Open
3878,Data Analyst,Zoho,Chennai,Telangana,India,Remote,Associate,2,9,16,"Tableau,SQL",Healthcare,1482530,135,Master,Internship,2026-06-23,54,Closed
3879,Data Analyst,Amazon,Chennai,Tamil Nadu,India,Hybrid,Senior,5,27,17,"Power BI,SQL",Healthcare,633279,91,Master,Internship,2026-04-26,72,Open
3880,Data Analyst,TCS,Delhi,Karnataka,India,Remote,Entry,1,11,13,"Python,SQL",Healthcare,1707537,246,Bachelor,Internship,2026-05-01,57,Closed
3881,Data Analyst,Wipro,Delhi,Maharashtra,India,Remote,Entry,5,18,13,"Tableau,SQL",Education,1445221,104,Bachelor,Full-time,2026-06-07,68,Open
3882,Data Analyst,Wipro,Mumbai,Maharashtra,India,Hybrid,Senior,6,20,6,"Power BI,SQL",Education,617935,164,Master,Contract,2026-06-21,57,Open
3883,BI Developer,Amazon,Chennai,Delhi,India,Onsite,Entry,2,26,15,"Python,SQL",IT Services,761008,57,Bachelor,Internship,2026-01-12,65,Closed
3884,ML Engineer,TCS,Chennai,Karnataka,India,Onsite,Associate,0,4,15,"Tableau,SQL",Retail,834456,395,Master,Contract,2026-03-26,88,Open
3885,ML Engineer,Google,Mumbai,Maharashtra,India,Hybrid,Entry,6,21,16,"Python,SQL",IT Services,901190,487,Bachelor,Contract,2026-05-25,68,Closed
3886,ML Engineer,Microsoft,Mumbai,Maharashtra,India,Onsite,Associate,8,12,4,"Power BI,SQL",Education,1569399,378,Bachelor,Contract,2026-02-14,96,Closed
3887,Software Engineer,Wipro,Bengaluru,Tamil Nadu,India,Hybrid,Entry,7,12,4,"Python,Pandas",Retail,1734301,495,Bachelor,Contract,2026-04-29,74,Open
3888,ML Engineer,Capgemini,Pune,Delhi,India,Onsite,Associate,6,25,12,"Azure,Python",Education,1040269,468,Master,Internship,2026-04-08,90,Closed
3889,Business Analyst,Microsoft,Delhi,Telangana,India,Remote,Entry,8,19,9,"Excel,SQL",Education,1451949,119,Bachelor,Contract,2026-02-09,61,Open
3890,ML Engineer,Microsoft,Hyderabad,Delhi,India,Onsite,Associate,2,19,15,"Power BI,SQL",Finance,1670931,114,Master,Full-time,2026-02-01,87,Open
3891,BI Developer,Wipro,Chennai,Telangana,India,Hybrid,Mid,5,20,18,"Python,Pandas",Retail,915383,468,Bachelor,Contract,2026-02-16,59,Open
3892,Data Scientist,Wipro,Chennai,Tamil Nadu,India,Remote,Mid,3,20,16,"Power BI,SQL",Healthcare,1201564,244,Master,Full-time,2026-02-04,63,Closed
3893,Business Analyst,Google,Mumbai,Telangana,India,Hybrid,Senior,4,15,5,"Python,Pandas",Finance,651048,289,Bachelor,Contract,2026-06-14,94,Open
3894,Software Engineer,Accenture,Mumbai,Delhi,India,Remote,Entry,6,13,7,"Tableau,SQL",Education,988137,203,Master,Internship,2026-01-26,84,Open
3895,Business Analyst,Accenture,Mumbai,Karnataka,India,Remote,Associate,6,26,12,"Power BI,SQL",Education,1119913,212,Bachelor,Internship,2026-04-23,95,Open
3896,Data Scientist,Infosys,Bengaluru,Telangana,India,Hybrid,Mid,1,7,8,"Tableau,SQL",Finance,914746,23,Bachelor,Contract,2026-01-06,50,Open
3897,BI Developer,TechNova,Mumbai,Telangana,India,Remote,Senior,3,16,4,"Python,Pandas",Retail,1134880,204,Master,Contract,2026-03-29,90,Open
3898,Data Scientist,Wipro,Chennai,Telangana,India,Remote,Associate,7,28,10,"Python,SQL",Healthcare,1488277,234,Bachelor,Full-time,2026-01-01,67,Open
3899,Data Scientist,Google,Pune,Delhi,India,Onsite,Senior,3,27,15,"Tableau,SQL",Healthcare,412847,195,Master,Full-time,2026-01-14,90,Closed
3900,Software Engineer,Capgemini,Pune,Maharashtra,India,Remote,Entry,0,22,15,"Power BI,SQL",Retail,1520989,73,Master,Internship,2026-04-30,60,Open
3901,Data Analyst,Amazon,Bengaluru,Tamil Nadu,India,Remote,Mid,4,26,17,"Python,Pandas",Retail,1709886,441,Master,Full-time,2026-05-04,84,Open
3902,Data Scientist,Amazon,Delhi,Telangana,India,Remote,Associate,3,20,6,"Excel,SQL",Finance,564205,212,Bachelor,Contract,2026-02-23,68,Open
3903,BI Developer,TechNova,Pune,Telangana,India,Remote,Senior,5,4,14,"Tableau,SQL",Healthcare,1275239,17,Bachelor,Internship,2026-02-26,90,Closed
3904,Business Analyst,Microsoft,Chennai,Telangana,India,Onsite,Entry,4,20,11,"Azure,Python",Retail,1456305,201,Bachelor,Internship,2026-03-24,60,Closed
3905,Software Engineer,Infosys,Pune,Karnataka,India,Remote,Mid,5,27,15,"Python,Pandas",Healthcare,1208244,392,Master,Full-time,2026-06-13,87,Closed
3906,Data Scientist,Zoho,Chennai,Delhi,India,Onsite,Mid,6,29,18,"Excel,SQL",Healthcare,989705,52,Master,Contract,2026-04-28,66,Closed
3907,Software Engineer,Zoho,Delhi,Maharashtra,India,Remote,Senior,4,28,5,"Azure,Python",Retail,404464,37,Master,Contract,2026-01-04,86,Open
3908,Data Analyst,TCS,Delhi,Maharashtra,India,Remote,Associate,1,14,15,"Azure,Python",Retail,1618657,247,Master,Contract,2026-04-24,63,Open
3909,ML Engineer,Zoho,Delhi,Maharashtra,India,Remote,Associate,6,30,18,"Python,SQL",Retail,672934,454,Master,Internship,2026-03-28,94,Closed
3910,ML Engineer,Google,Delhi,Tamil Nadu,India,Onsite,Entry,2,29,15,"Python,SQL",Finance,1040281,260,Bachelor,Contract,2026-03-10,58,Open
3911,Software Engineer,Microsoft,Hyderabad,Karnataka,India,Remote,Associate,2,28,19,"Power BI,SQL",Retail,1278146,96,Bachelor,Contract,2026-06-13,64,Open
3912,ML Engineer,Capgemini,Hyderabad,Karnataka,India,Hybrid,Associate,1,18,4,"Azure,Python",Healthcare,1750844,74,Master,Contract,2026-04-18,66,Closed
3913,Data Analyst,Accenture,Bengaluru,Telangana,India,Hybrid,Senior,7,22,16,"Azure,Python",IT Services,1029039,470,Master,Full-time,2026-01-25,54,Open
3914,BI Developer,Capgemini,Pune,Telangana,India,Onsite,Mid,6,17,4,"Python,Pandas",Finance,1265318,257,Master,Internship,2026-03-01,50,Open
3915,BI Developer,Zoho,Delhi,Tamil Nadu,India,Hybrid,Senior,2,11,5,"Python,Pandas",IT Services,1347565,193,Master,Contract,2026-04-02,94,Closed
3916,Data Analyst,Wipro,Chennai,Tamil Nadu,India,Hybrid,Entry,2,7,11,"Azure,Python",Education,660162,451,Bachelor,Internship,2026-04-27,69,Closed
3917,Software Engineer,TCS,Hyderabad,Tamil Nadu,India,Onsite,Senior,4,26,6,"Python,Pandas",Finance,779430,350,Master,Internship,2026-06-02,81,Closed
3918,Data Scientist,Accenture,Pune,Maharashtra,India,Hybrid,Senior,3,6,10,"Python,Pandas",Finance,1527625,226,Master,Internship,2026-03-03,60,Closed
3919,BI Developer,TCS,Delhi,Karnataka,India,Hybrid,Mid,1,18,15,"Python,SQL",Healthcare,790540,440,Master,Contract,2026-01-28,78,Open
3920,Data Scientist,Microsoft,Delhi,Maharashtra,India,Onsite,Mid,1,16,13,"Python,SQL",Healthcare,958792,365,Bachelor,Full-time,2026-04-03,94,Closed
3921,ML Engineer,Microsoft,Chennai,Maharashtra,India,Hybrid,Associate,6,5,20,"Python,SQL",Finance,853190,42,Bachelor,Contract,2026-02-19,57,Closed
3922,Data Analyst,Zoho,Pune,Maharashtra,India,Onsite,Entry,4,18,9,"Tableau,SQL",Healthcare,772472,318,Bachelor,Contract,2026-02-01,98,Open
3923,ML Engineer,Infosys,Bengaluru,Telangana,India,Remote,Senior,7,27,10,"Azure,Python",Healthcare,666786,141,Master,Internship,2026-01-31,78,Open
3924,Business Analyst,Zoho,Mumbai,Tamil Nadu,India,Remote,Mid,4,7,6,"Python,SQL",Healthcare,830510,377,Bachelor,Contract,2026-04-22,64,Open
3925,Data Analyst,Accenture,Hyderabad,Maharashtra,India,Remote,Associate,4,18,15,"Python,Pandas",Finance,728689,108,Bachelor,Full-time,2026-01-22,70,Closed
3926,Software Engineer,Amazon,Chennai,Delhi,India,Hybrid,Entry,0,16,4,"Python,Pandas",Healthcare,1574674,224,Master,Internship,2026-05-12,76,Closed
3927,BI Developer,Accenture,Delhi,Delhi,India,Remote,Senior,4,4,10,"Python,Pandas",Retail,568524,353,Master,Internship,2026-05-23,72,Open
3928,Software Engineer,Infosys,Bengaluru,Telangana,India,Remote,Mid,1,25,6,"Tableau,SQL",Finance,1046401,179,Bachelor,Contract,2026-04-05,81,Closed
3929,Software Engineer,Wipro,Delhi,Delhi,India,Remote,Senior,5,27,19,"Python,SQL",Retail,979118,174,Master,Contract,2026-05-01,83,Open
3930,ML Engineer,Amazon,Chennai,Karnataka,India,Remote,Associate,6,17,15,"Tableau,SQL",Retail,1082100,273,Master,Full-time,2026-04-22,90,Open
3931,Data Scientist,Accenture,Hyderabad,Tamil Nadu,India,Onsite,Mid,3,27,5,"Python,SQL",Healthcare,1028762,484,Bachelor,Internship,2026-03-06,86,Closed
3932,BI Developer,Capgemini,Mumbai,Delhi,India,Remote,Senior,7,3,12,"Tableau,SQL",Finance,1364171,479,Master,Full-time,2026-06-12,94,Open
3933,Business Analyst,Infosys,Delhi,Tamil Nadu,India,Onsite,Associate,6,21,17,"Python,Pandas",Healthcare,771348,486,Bachelor,Internship,2026-01-05,95,Closed
3934,Data Scientist,Accenture,Pune,Karnataka,India,Onsite,Entry,4,11,13,"Excel,SQL",IT Services,519081,301,Master,Internship,2026-02-25,80,Closed
3935,BI Developer,Amazon,Chennai,Tamil Nadu,India,Remote,Entry,1,24,11,"Power BI,SQL",Healthcare,998325,127,Bachelor,Contract,2026-05-01,95,Closed
3936,BI Developer,Zoho,Delhi,Karnataka,India,Remote,Entry,4,27,16,"Power BI,SQL",Finance,1566412,49,Master,Internship,2026-03-22,69,Closed
3937,Data Scientist,Infosys,Mumbai,Delhi,India,Onsite,Mid,8,7,18,"Tableau,SQL",Education,1395016,36,Bachelor,Full-time,2026-03-18,56,Closed
3938,Data Scientist,Google,Mumbai,Tamil Nadu,India,Hybrid,Associate,8,23,10,"Python,Pandas",IT Services,568533,273,Master,Contract,2026-06-20,82,Closed
3939,ML Engineer,Microsoft,Bengaluru,Tamil Nadu,India,Onsite,Senior,6,14,12,"Power BI,SQL",Healthcare,865368,51,Bachelor,Internship,2026-04-19,77,Closed
3940,Business Analyst,Microsoft,Chennai,Maharashtra,India,Onsite,Entry,6,26,9,"Tableau,SQL",Finance,1509648,483,Master,Contract,2026-06-17,62,Closed
3941,Software Engineer,Accenture,Hyderabad,Delhi,India,Hybrid,Mid,8,13,16,"Python,SQL",Education,1325480,165,Bachelor,Internship,2026-02-13,63,Open
3942,Software Engineer,Capgemini,Delhi,Karnataka,India,Hybrid,Entry,5,6,19,"Power BI,SQL",Healthcare,766987,300,Master,Full-time,2026-05-23,84,Open
3943,Data Analyst,Amazon,Mumbai,Karnataka,India,Remote,Senior,5,30,14,"Power BI,SQL",Retail,836587,327,Bachelor,Internship,2026-02-27,55,Closed
3944,BI Developer,Wipro,Pune,Maharashtra,India,Onsite,Associate,0,17,8,"Python,Pandas",Retail,1185334,227,Bachelor,Contract,2026-03-17,54,Open
3945,Data Analyst,Microsoft,Chennai,Delhi,India,Hybrid,Mid,4,4,4,"Power BI,SQL",IT Services,1282753,475,Master,Full-time,2026-05-05,62,Closed
3946,Data Analyst,TechNova,Bengaluru,Tamil Nadu,India,Onsite,Senior,1,8,14,"Azure,Python",Retail,661946,464,Bachelor,Full-time,2026-02-12,62,Open
3947,Data Scientist,Google,Pune,Maharashtra,India,Hybrid,Senior,4,21,18,"Python,SQL",Healthcare,634742,272,Master,Full-time,2026-04-18,90,Open
3948,ML Engineer,Infosys,Bengaluru,Karnataka,India,Onsite,Entry,5,6,16,"Power BI,SQL",Retail,1341366,489,Master,Contract,2026-05-29,65,Open
3949,Data Scientist,Infosys,Hyderabad,Tamil Nadu,India,Onsite,Associate,0,8,15,"Azure,Python",IT Services,554075,454,Master,Internship,2026-05-21,74,Open
3950,Data Scientist,TCS,Hyderabad,Telangana,India,Hybrid,Senior,6,27,10,"Tableau,SQL",Finance,1587155,180,Bachelor,Full-time,2026-01-12,86,Closed
3951,Software Engineer,Capgemini,Bengaluru,Telangana,India,Remote,Mid,2,8,7,"Tableau,SQL",Finance,1556143,470,Bachelor,Internship,2026-06-13,60,Closed
3952,BI Developer,Capgemini,Pune,Karnataka,India,Remote,Mid,4,14,5,"Power BI,SQL",IT Services,1439321,188,Bachelor,Contract,2026-06-18,56,Open
3953,Data Analyst,Wipro,Pune,Delhi,India,Hybrid,Associate,0,5,10,"Power BI,SQL",IT Services,964509,399,Bachelor,Contract,2026-03-15,98,Closed
3954,Software Engineer,TCS,Delhi,Maharashtra,India,Hybrid,Associate,1,16,9,"Tableau,SQL",Education,642389,154,Master,Contract,2026-03-03,84,Open
3955,Data Analyst,Google,Delhi,Maharashtra,India,Remote,Associate,3,14,14,"Azure,Python",Healthcare,446567,388,Bachelor,Full-time,2026-01-24,98,Open
3956,Software Engineer,Google,Chennai,Telangana,India,Hybrid,Entry,7,6,15,"Python,Pandas",Retail,1724078,239,Master,Internship,2026-01-23,82,Open
3957,Data Scientist,Infosys,Delhi,Karnataka,India,Remote,Associate,5,19,16,"Excel,SQL",Education,1580177,147,Bachelor,Contract,2026-06-26,57,Closed
3958,Business Analyst,TechNova,Chennai,Delhi,India,Onsite,Associate,3,18,5,"Python,Pandas",Retail,304476,308,Master,Contract,2026-06-11,82,Open
3959,BI Developer,TCS,Bengaluru,Tamil Nadu,India,Onsite,Mid,1,27,11,"Excel,SQL",Finance,1503443,447,Master,Contract,2026-03-05,83,Closed
3960,Data Scientist,TechNova,Delhi,Karnataka,India,Hybrid,Entry,7,21,11,"Power BI,SQL",IT Services,1010808,240,Bachelor,Full-time,2026-02-28,79,Open
3961,ML Engineer,TCS,Hyderabad,Maharashtra,India,Onsite,Associate,8,12,19,"Power BI,SQL",Finance,1259850,244,Master,Full-time,2026-01-27,61,Open
3962,Software Engineer,TCS,Pune,Tamil Nadu,India,Onsite,Senior,6,18,12,"Azure,Python",Healthcare,1269513,356,Bachelor,Contract,2026-02-28,95,Closed
3963,Software Engineer,Accenture,Bengaluru,Karnataka,India,Hybrid,Mid,7,23,11,"Python,Pandas",IT Services,1246303,170,Bachelor,Contract,2026-06-01,93,Open
3964,Data Analyst,Zoho,Hyderabad,Tamil Nadu,India,Onsite,Senior,2,14,14,"Python,SQL",Retail,683817,460,Master,Internship,2026-01-12,98,Open
3965,Business Analyst,Microsoft,Mumbai,Telangana,India,Remote,Mid,7,8,4,"Python,Pandas",IT Services,844495,388,Master,Full-time,2026-05-18,56,Closed
3966,Business Analyst,Wipro,Mumbai,Delhi,India,Remote,Senior,8,23,11,"Tableau,SQL",Healthcare,1142445,178,Master,Contract,2026-06-14,69,Open
3967,Data Analyst,TechNova,Mumbai,Telangana,India,Hybrid,Entry,1,10,18,"Azure,Python",Education,845396,122,Bachelor,Full-time,2026-05-02,71,Open
3968,Software Engineer,TCS,Bengaluru,Delhi,India,Onsite,Mid,7,26,11,"Excel,SQL",Healthcare,1436202,393,Master,Contract,2026-04-30,61,Open
3969,Business Analyst,Amazon,Mumbai,Maharashtra,India,Onsite,Mid,7,17,12,"Excel,SQL",Healthcare,1089407,257,Bachelor,Contract,2026-01-14,75,Open
3970,ML Engineer,TechNova,Hyderabad,Tamil Nadu,India,Remote,Associate,2,11,15,"Azure,Python",IT Services,626112,338,Master,Internship,2026-06-09,95,Closed
3971,Business Analyst,TCS,Pune,Tamil Nadu,India,Onsite,Senior,7,23,12,"Azure,Python",Finance,867423,32,Master,Internship,2026-05-27,83,Closed
3972,ML Engineer,Amazon,Chennai,Maharashtra,India,Remote,Entry,1,8,12,"Excel,SQL",Education,1750901,315,Bachelor,Full-time,2026-06-14,59,Closed
3973,Data Scientist,Capgemini,Pune,Delhi,India,Remote,Entry,1,13,18,"Tableau,SQL",Healthcare,1760358,17,Master,Internship,2026-05-03,61,Open
3974,Data Scientist,Capgemini,Bengaluru,Karnataka,India,Onsite,Associate,7,22,11,"Python,SQL",Finance,628512,241,Bachelor,Internship,2026-06-04,67,Open
3975,ML Engineer,Capgemini,Delhi,Tamil Nadu,India,Remote,Senior,6,20,10,"Tableau,SQL",Finance,895893,281,Master,Full-time,2026-06-09,54,Open
3976,Data Scientist,Google,Delhi,Tamil Nadu,India,Hybrid,Associate,1,10,18,"Azure,Python",Education,508941,73,Bachelor,Contract,2026-01-31,93,Closed
3977,Business Analyst,Zoho,Bengaluru,Maharashtra,India,Hybrid,Entry,3,30,4,"Azure,Python",IT Services,1515466,126,Master,Full-time,2026-06-21,75,Closed
3978,Data Scientist,Zoho,Bengaluru,Tamil Nadu,India,Remote,Entry,8,9,6,"Python,Pandas",Finance,352803,324,Bachelor,Internship,2026-03-26,61,Closed
3979,BI Developer,Wipro,Mumbai,Tamil Nadu,India,Onsite,Associate,3,21,4,"Azure,Python",Finance,897798,133,Master,Contract,2026-01-13,71,Open
3980,Software Engineer,Amazon,Mumbai,Maharashtra,India,Hybrid,Entry,6,6,9,"Power BI,SQL",Healthcare,939054,189,Master,Full-time,2026-06-11,97,Open
3981,ML Engineer,Microsoft,Bengaluru,Delhi,India,Onsite,Entry,5,30,12,"Excel,SQL",Healthcare,513151,51,Bachelor,Full-time,2026-01-20,63,Closed
3982,Business Analyst,Wipro,Delhi,Tamil Nadu,India,Onsite,Associate,2,27,13,"Excel,SQL",Finance,1750796,474,Master,Full-time,2026-01-30,81,Closed
3983,Software Engineer,Wipro,Mumbai,Telangana,India,Remote,Entry,2,22,19,"Python,Pandas",Education,1751952,332,Master,Contract,2026-02-26,94,Open
3984,ML Engineer,Capgemini,Delhi,Tamil Nadu,India,Onsite,Senior,4,15,18,"Python,SQL",Education,1654334,267,Bachelor,Internship,2026-05-08,88,Closed
3985,Data Scientist,TCS,Mumbai,Karnataka,India,Hybrid,Mid,6,6,12,"Excel,SQL",Retail,1553743,35,Master,Full-time,2026-02-28,54,Closed
3986,Software Engineer,TCS,Delhi,Maharashtra,India,Hybrid,Senior,4,12,13,"Python,SQL",Finance,524082,162,Master,Full-time,2026-04-23,85,Closed
3987,Software Engineer,TCS,Delhi,Delhi,India,Onsite,Associate,6,8,14,"Tableau,SQL",IT Services,770537,239,Master,Contract,2026-06-13,73,Open
3988,Business Analyst,TechNova,Pune,Tamil Nadu,India,Onsite,Entry,1,21,5,"Azure,Python",IT Services,1479703,176,Bachelor,Internship,2026-02-19,83,Open
3989,Data Scientist,Amazon,Hyderabad,Delhi,India,Remote,Senior,0,4,14,"Power BI,SQL",Retail,1563229,346,Bachelor,Full-time,2026-05-30,58,Open
3990,Data Analyst,Amazon,Hyderabad,Telangana,India,Onsite,Senior,8,27,6,"Azure,Python",Healthcare,919821,474,Bachelor,Contract,2026-02-06,79,Closed
3991,ML Engineer,Infosys,Pune,Delhi,India,Onsite,Entry,8,4,4,"Excel,SQL",Education,829044,450,Master,Contract,2026-06-15,55,Open
3992,Data Scientist,Google,Hyderabad,Karnataka,India,Hybrid,Senior,4,24,5,"Excel,SQL",Finance,1252770,40,Master,Contract,2026-01-19,89,Closed
3993,Software Engineer,Capgemini,Delhi,Telangana,India,Hybrid,Associate,7,7,6,"Power BI,SQL",Education,1167341,467,Master,Contract,2026-04-15,83,Closed
3994,Data Analyst,Accenture,Delhi,Tamil Nadu,India,Hybrid,Mid,3,12,11,"Python,Pandas",IT Services,1648658,93,Bachelor,Contract,2026-06-05,52,Closed
3995,Data Scientist,Google,Pune,Maharashtra,India,Onsite,Associate,3,18,8,"Tableau,SQL",Finance,765773,108,Master,Internship,2026-01-09,90,Open
3996,ML Engineer,Infosys,Hyderabad,Tamil Nadu,India,Remote,Entry,4,23,5,"Power BI,SQL",Education,1158842,424,Master,Contract,2026-05-06,52,Closed
3997,Software Engineer,Zoho,Hyderabad,Karnataka,India,Remote,Entry,7,4,19,"Python,Pandas",Education,553951,228,Master,Contract,2026-01-18,87,Open
3998,Software Engineer,Wipro,Bengaluru,Maharashtra,India,Remote,Entry,3,18,6,"Power BI,SQL",Retail,1739557,427,Master,Internship,2026-01-09,95,Open
3999,Business Analyst,Capgemini,Pune,Karnataka,India,Onsite,Senior,3,18,11,"Power BI,SQL",Education,583274,231,Bachelor,Contract,2026-06-11,94,Open
4000,Data Scientist,Zoho,Delhi,Maharashtra,India,Onsite,Mid,5,9,12,"Tableau,SQL",IT Services,1426721,146,Master,Full-time,2026-04-03,50,Open
4001,ML Engineer,Infosys,Delhi,Tamil Nadu,India,Remote,Senior,0,23,8,"Azure,Python",Healthcare,514611,276,Master,Contract,2026-03-04,93,Closed
4002,ML Engineer,Google,Mumbai,Telangana,India,Hybrid,Mid,2,21,10,"Azure,Python",IT Services,1001257,322,Master,Internship,2026-01-19,88,Open
4003,Data Analyst,Zoho,Hyderabad,Tamil Nadu,India,Onsite,Mid,7,19,14,"Excel,SQL",Finance,749493,287,Bachelor,Internship,2026-02-13,59,Open
4004,Data Analyst,Capgemini,Hyderabad,Karnataka,India,Hybrid,Associate,7,15,6,"Python,SQL",Healthcare,970199,432,Bachelor,Contract,2026-02-21,57,Open
4005,Data Analyst,Wipro,Pune,Karnataka,India,Onsite,Mid,0,24,14,"Python,SQL",Education,1284891,305,Bachelor,Internship,2026-05-12,62,Closed
4006,Data Scientist,Wipro,Pune,Telangana,India,Hybrid,Associate,6,10,10,"Python,SQL",Finance,745176,464,Master,Internship,2026-04-29,74,Closed
4007,Business Analyst,Amazon,Pune,Tamil Nadu,India,Remote,Senior,2,27,8,"Power BI,SQL",Education,617915,29,Master,Internship,2026-01-07,94,Closed
4008,Data Analyst,Zoho,Delhi,Karnataka,India,Hybrid,Entry,3,18,4,"Python,SQL",Retail,563645,178,Bachelor,Contract,2026-05-25,55,Closed
4009,ML Engineer,Capgemini,Hyderabad,Telangana,India,Remote,Associate,0,25,17,"Excel,SQL",Retail,828667,385,Master,Contract,2026-02-11,67,Open
4010,Software Engineer,Amazon,Hyderabad,Karnataka,India,Onsite,Senior,8,28,4,"Python,SQL",Retail,342479,139,Bachelor,Internship,2026-01-31,85,Open
4011,Data Analyst,Google,Pune,Telangana,India,Remote,Mid,8,16,14,"Azure,Python",Finance,1589099,344,Master,Internship,2026-04-08,98,Open
4012,Software Engineer,Infosys,Delhi,Maharashtra,India,Hybrid,Senior,3,17,5,"Tableau,SQL",Retail,1445513,486,Master,Full-time,2026-06-13,79,Open
4013,ML Engineer,Amazon,Hyderabad,Telangana,India,Remote,Senior,1,21,5,"Power BI,SQL",Retail,1073727,8,Master,Full-time,2026-05-04,84,Open
4014,Data Scientist,Accenture,Delhi,Telangana,India,Hybrid,Entry,2,10,4,"Python,Pandas",Healthcare,1581507,227,Master,Contract,2026-03-02,79,Closed
4015,Data Scientist,Google,Hyderabad,Delhi,India,Hybrid,Mid,4,20,16,"Excel,SQL",Finance,392122,92,Master,Contract,2026-05-24,97,Closed
4016,Data Analyst,TCS,Mumbai,Delhi,India,Remote,Entry,1,16,8,"Python,SQL",Healthcare,727269,43,Bachelor,Contract,2026-05-10,91,Closed
4017,BI Developer,TechNova,Mumbai,Telangana,India,Remote,Entry,2,11,18,"Tableau,SQL",Retail,1246735,45,Master,Internship,2026-02-10,67,Closed
4018,Data Analyst,Microsoft,Pune,Karnataka,India,Remote,Mid,6,17,13,"Python,Pandas",Healthcare,1164624,401,Master,Full-time,2026-03-08,74,Closed
4019,Data Analyst,Capgemini,Bengaluru,Maharashtra,India,Remote,Associate,8,20,6,"Excel,SQL",Finance,419948,392,Bachelor,Internship,2026-04-19,60,Open
4020,ML Engineer,TechNova,Delhi,Tamil Nadu,India,Onsite,Associate,5,24,17,"Excel,SQL",Healthcare,1642235,421,Master,Contract,2026-01-25,70,Closed
4021,Data Scientist,TCS,Pune,Telangana,India,Hybrid,Entry,2,22,13,"Tableau,SQL",Retail,1693521,430,Bachelor,Internship,2026-04-27,97,Open
4022,Data Scientist,Accenture,Delhi,Karnataka,India,Hybrid,Senior,7,28,4,"Excel,SQL",IT Services,677810,205,Master,Contract,2026-04-19,62,Open
4023,Data Scientist,Amazon,Hyderabad,Delhi,India,Remote,Associate,0,8,7,"Tableau,SQL",Finance,328775,419,Bachelor,Full-time,2026-03-12,69,Open
4024,Data Analyst,Capgemini,Mumbai,Karnataka,India,Onsite,Senior,7,23,17,"Tableau,SQL",Education,1321815,209,Master,Full-time,2026-03-26,53,Closed
4025,Data Scientist,Amazon,Pune,Karnataka,India,Onsite,Senior,7,18,9,"Tableau,SQL",Education,1051115,90,Bachelor,Full-time,2026-01-23,65,Open
4026,BI Developer,Wipro,Pune,Telangana,India,Remote,Senior,2,23,10,"Excel,SQL",Healthcare,364032,270,Master,Full-time,2026-06-21,75,Closed
4027,BI Developer,Amazon,Bengaluru,Delhi,India,Remote,Mid,4,15,5,"Tableau,SQL",IT Services,1469268,137,Master,Full-time,2026-04-06,64,Closed
4028,Business Analyst,TechNova,Pune,Delhi,India,Hybrid,Mid,2,4,5,"Python,Pandas",Education,1144692,132,Master,Internship,2026-04-01,84,Closed
4029,Data Analyst,Microsoft,Mumbai,Delhi,India,Remote,Entry,2,7,6,"Power BI,SQL",Retail,1021871,239,Master,Internship,2026-01-20,61,Open
4030,Data Analyst,Zoho,Pune,Maharashtra,India,Remote,Senior,7,15,17,"Python,SQL",Healthcare,1531621,439,Bachelor,Contract,2026-01-23,87,Closed
4031,Data Scientist,Microsoft,Pune,Maharashtra,India,Hybrid,Senior,0,6,8,"Tableau,SQL",Finance,958074,197,Master,Contract,2026-06-01,91,Open
4032,Software Engineer,Zoho,Pune,Maharashtra,India,Remote,Mid,0,14,10,"Excel,SQL",IT Services,1789980,479,Master,Internship,2026-02-28,86,Closed
4033,Business Analyst,Google,Delhi,Telangana,India,Onsite,Mid,2,28,10,"Python,SQL",Education,500814,252,Master,Full-time,2026-01-18,58,Closed
4034,ML Engineer,Amazon,Bengaluru,Delhi,India,Hybrid,Mid,1,26,13,"Python,SQL",Education,650655,163,Master,Internship,2026-01-19,82,Open
4035,Software Engineer,Microsoft,Chennai,Maharashtra,India,Remote,Mid,5,11,11,"Python,SQL",Retail,1742072,60,Bachelor,Contract,2026-03-23,98,Closed
4036,Data Scientist,Capgemini,Hyderabad,Tamil Nadu,India,Hybrid,Entry,0,30,10,"Power BI,SQL",Finance,1731363,294,Bachelor,Internship,2026-03-03,71,Closed
4037,ML Engineer,Capgemini,Bengaluru,Telangana,India,Hybrid,Entry,6,25,20,"Python,Pandas",IT Services,819033,183,Master,Internship,2026-03-21,78,Open
4038,Data Scientist,TechNova,Chennai,Telangana,India,Onsite,Entry,6,20,11,"Python,Pandas",Education,1764647,24,Master,Contract,2026-05-28,82,Closed
4039,BI Developer,Wipro,Delhi,Karnataka,India,Hybrid,Entry,8,12,19,"Tableau,SQL",Finance,1797119,410,Master,Contract,2026-03-04,50,Open
4040,Business Analyst,Zoho,Bengaluru,Karnataka,India,Onsite,Associate,0,30,17,"Python,SQL",Finance,930349,10,Master,Contract,2026-02-05,77,Open
4041,BI Developer,Amazon,Delhi,Telangana,India,Hybrid,Associate,7,28,20,"Azure,Python",IT Services,1321658,432,Master,Full-time,2026-02-14,77,Open
4042,Business Analyst,Infosys,Mumbai,Tamil Nadu,India,Remote,Senior,6,4,13,"Python,SQL",Retail,1478770,276,Master,Internship,2026-04-17,94,Closed
4043,Data Scientist,Infosys,Pune,Maharashtra,India,Onsite,Senior,3,23,20,"Azure,Python",Retail,1464603,374,Bachelor,Full-time,2026-05-15,65,Closed
4044,Business Analyst,Zoho,Hyderabad,Tamil Nadu,India,Remote,Entry,6,15,14,"Azure,Python",Retail,887916,120,Master,Contract,2026-01-27,67,Closed
4045,BI Developer,Google,Hyderabad,Delhi,India,Onsite,Associate,3,7,13,"Tableau,SQL",IT Services,1260570,51,Bachelor,Full-time,2026-01-15,77,Closed
4046,Data Analyst,TechNova,Hyderabad,Delhi,India,Remote,Mid,7,24,11,"Azure,Python",IT Services,1091532,456,Bachelor,Internship,2026-01-04,75,Closed
4047,ML Engineer,Accenture,Bengaluru,Telangana,India,Remote,Associate,2,11,11,"Azure,Python",IT Services,1091494,127,Bachelor,Contract,2026-01-08,89,Closed
4048,ML Engineer,Zoho,Hyderabad,Tamil Nadu,India,Remote,Entry,8,13,17,"Power BI,SQL",Finance,441020,277,Bachelor,Full-time,2026-01-28,86,Open
4049,Business Analyst,Amazon,Bengaluru,Maharashtra,India,Hybrid,Entry,2,28,12,"Power BI,SQL",Healthcare,1362962,307,Master,Contract,2026-05-08,95,Closed
4050,Data Analyst,TCS,Pune,Maharashtra,India,Remote,Entry,1,4,10,"Power BI,SQL",Retail,676904,409,Master,Internship,2026-06-24,54,Open
4051,BI Developer,Accenture,Mumbai,Karnataka,India,Remote,Entry,0,18,12,"Excel,SQL",Education,823637,110,Bachelor,Full-time,2026-03-28,81,Closed
4052,BI Developer,TechNova,Delhi,Karnataka,India,Remote,Entry,1,8,4,"Azure,Python",Education,876825,295,Bachelor,Contract,2026-01-17,85,Open
4053,Business Analyst,TechNova,Mumbai,Maharashtra,India,Onsite,Associate,8,29,18,"Excel,SQL",Healthcare,1611497,66,Bachelor,Contract,2026-06-22,75,Open
4054,BI Developer,Accenture,Mumbai,Delhi,India,Onsite,Entry,5,9,9,"Power BI,SQL",Healthcare,989516,160,Bachelor,Full-time,2026-02-15,84,Open
4055,Software Engineer,Microsoft,Chennai,Karnataka,India,Onsite,Mid,3,16,16,"Python,SQL",Retail,936674,34,Bachelor,Internship,2026-04-06,94,Open
4056,Business Analyst,Infosys,Delhi,Telangana,India,Hybrid,Mid,5,9,18,"Python,SQL",Finance,1796523,414,Master,Full-time,2026-05-02,61,Open
4057,Data Scientist,TCS,Bengaluru,Telangana,India,Hybrid,Associate,1,11,20,"Tableau,SQL",Retail,528408,66,Bachelor,Internship,2026-06-11,97,Open
4058,Business Analyst,Google,Bengaluru,Maharashtra,India,Onsite,Associate,0,15,8,"Power BI,SQL",Retail,1271650,306,Bachelor,Internship,2026-05-04,67,Open
4059,Software Engineer,Accenture,Bengaluru,Maharashtra,India,Remote,Associate,8,25,10,"Power BI,SQL",Finance,411699,438,Bachelor,Contract,2026-03-09,58,Closed
4060,ML Engineer,Infosys,Mumbai,Tamil Nadu,India,Remote,Senior,7,24,11,"Power BI,SQL",Healthcare,1720226,116,Master,Contract,2026-04-25,92,Open
4061,Business Analyst,Amazon,Hyderabad,Telangana,India,Hybrid,Associate,0,21,19,"Tableau,SQL",Finance,524589,247,Master,Full-time,2026-02-03,74,Open
4062,Data Scientist,Infosys,Pune,Telangana,India,Remote,Mid,7,22,19,"Python,SQL",IT Services,484773,429,Bachelor,Full-time,2026-02-05,58,Open
4063,Data Scientist,Microsoft,Mumbai,Maharashtra,India,Remote,Entry,1,24,18,"Python,Pandas",Healthcare,599322,171,Bachelor,Internship,2026-03-27,54,Closed
4064,Business Analyst,Infosys,Delhi,Tamil Nadu,India,Hybrid,Associate,4,15,11,"Power BI,SQL",IT Services,1483450,235,Master,Internship,2026-05-06,59,Open
4065,Software Engineer,Infosys,Bengaluru,Delhi,India,Hybrid,Mid,3,22,6,"Tableau,SQL",Healthcare,1123873,200,Master,Internship,2026-03-20,56,Open
4066,Data Analyst,Capgemini,Hyderabad,Delhi,India,Hybrid,Entry,2,25,11,"Python,Pandas",Retail,1793488,496,Master,Contract,2026-01-26,86,Closed
4067,Data Analyst,Wipro,Bengaluru,Karnataka,India,Onsite,Entry,5,3,16,"Power BI,SQL",Education,515910,184,Master,Contract,2026-02-17,90,Closed
4068,BI Developer,Infosys,Bengaluru,Karnataka,India,Remote,Entry,7,7,20,"Azure,Python",Finance,1288343,407,Bachelor,Full-time,2026-03-28,70,Closed
4069,Business Analyst,TCS,Mumbai,Karnataka,India,Onsite,Senior,8,25,20,"Excel,SQL",Retail,1012599,417,Master,Contract,2026-01-02,83,Closed
4070,Business Analyst,Amazon,Mumbai,Telangana,India,Onsite,Entry,8,30,10,"Azure,Python",Healthcare,304091,184,Bachelor,Full-time,2026-06-05,75,Open
4071,BI Developer,Wipro,Delhi,Tamil Nadu,India,Hybrid,Senior,3,18,14,"Excel,SQL",Finance,517743,398,Master,Full-time,2026-05-28,57,Open
4072,Data Scientist,Infosys,Hyderabad,Delhi,India,Onsite,Associate,2,22,17,"Python,SQL",Finance,850462,224,Bachelor,Internship,2026-05-19,66,Closed
4073,Data Scientist,Wipro,Hyderabad,Telangana,India,Remote,Associate,1,28,15,"Python,Pandas",Healthcare,1563731,185,Bachelor,Internship,2026-06-16,67,Open
4074,Business Analyst,Zoho,Hyderabad,Tamil Nadu,India,Onsite,Senior,0,6,5,"Python,Pandas",Healthcare,587398,162,Master,Internship,2026-03-11,51,Closed
4075,Data Scientist,Accenture,Delhi,Tamil Nadu,India,Hybrid,Entry,2,29,13,"Python,SQL",IT Services,940660,26,Bachelor,Internship,2026-05-13,70,Open
4076,Software Engineer,Amazon,Delhi,Telangana,India,Onsite,Senior,5,11,9,"Python,SQL",Healthcare,1045286,129,Master,Full-time,2026-02-18,95,Closed
4077,Business Analyst,Zoho,Delhi,Telangana,India,Remote,Entry,7,20,10,"Python,SQL",Healthcare,539564,431,Bachelor,Contract,2026-02-27,65,Open
4078,ML Engineer,Capgemini,Mumbai,Telangana,India,Remote,Senior,4,14,15,"Azure,Python",Retail,897793,274,Bachelor,Internship,2026-03-05,70,Closed
4079,Business Analyst,Capgemini,Pune,Telangana,India,Remote,Senior,7,19,18,"Tableau,SQL",Finance,1020619,350,Bachelor,Internship,2026-02-19,72,Open
4080,Software Engineer,Capgemini,Pune,Karnataka,India,Onsite,Senior,4,25,5,"Power BI,SQL",Healthcare,729332,358,Master,Contract,2026-03-08,55,Open
4081,Software Engineer,Infosys,Pune,Delhi,India,Remote,Mid,6,3,7,"Azure,Python",Retail,1619629,122,Bachelor,Internship,2026-04-16,76,Closed
4082,BI Developer,Capgemini,Pune,Maharashtra,India,Onsite,Associate,2,14,9,"Python,SQL",Education,1627034,471,Bachelor,Internship,2026-02-09,89,Closed
4083,Data Scientist,Amazon,Chennai,Tamil Nadu,India,Hybrid,Associate,8,3,5,"Python,SQL",Retail,671205,484,Bachelor,Contract,2026-01-16,76,Closed
4084,BI Developer,Google,Mumbai,Maharashtra,India,Hybrid,Senior,4,3,10,"Excel,SQL",Education,1061615,209,Master,Full-time,2026-02-02,95,Open
4085,ML Engineer,Microsoft,Chennai,Tamil Nadu,India,Remote,Associate,0,27,8,"Python,Pandas",Healthcare,1627719,368,Master,Full-time,2026-06-20,57,Open
4086,Software Engineer,Amazon,Mumbai,Maharashtra,India,Hybrid,Associate,0,12,7,"Tableau,SQL",Healthcare,540077,209,Master,Full-time,2026-03-04,70,Closed
4087,Data Scientist,TechNova,Mumbai,Karnataka,India,Onsite,Associate,3,20,8,"Excel,SQL",Finance,1681155,41,Master,Contract,2026-05-13,69,Open
4088,Data Analyst,Infosys,Hyderabad,Karnataka,India,Onsite,Entry,8,29,18,"Excel,SQL",Retail,1507674,198,Bachelor,Full-time,2026-03-03,81,Closed
4089,Software Engineer,Wipro,Pune,Telangana,India,Remote,Mid,4,30,11,"Tableau,SQL",Education,1793116,66,Bachelor,Contract,2026-03-21,71,Open
4090,ML Engineer,Microsoft,Chennai,Delhi,India,Remote,Entry,8,5,6,"Power BI,SQL",Healthcare,1026739,500,Bachelor,Internship,2026-06-09,50,Open
4091,Data Scientist,Accenture,Bengaluru,Tamil Nadu,India,Remote,Mid,5,18,10,"Python,Pandas",Finance,1461473,179,Master,Internship,2026-03-31,81,Open
4092,Software Engineer,Zoho,Hyderabad,Tamil Nadu,India,Onsite,Senior,4,21,18,"Azure,Python",Healthcare,832578,165,Master,Internship,2026-06-19,63,Closed
4093,ML Engineer,Accenture,Mumbai,Delhi,India,Remote,Senior,1,14,5,"Tableau,SQL",Education,1677882,144,Master,Contract,2026-02-20,98,Open
4094,Business Analyst,Google,Bengaluru,Tamil Nadu,India,Onsite,Senior,3,12,16,"Excel,SQL",Retail,1529775,359,Bachelor,Full-time,2026-01-31,97,Closed
4095,Software Engineer,Capgemini,Chennai,Delhi,India,Remote,Mid,2,8,18,"Azure,Python",Finance,1770651,379,Master,Contract,2026-06-20,56,Open
4096,BI Developer,Microsoft,Hyderabad,Maharashtra,India,Hybrid,Associate,6,24,18,"Tableau,SQL",IT Services,658061,384,Master,Internship,2026-01-14,77,Open
4097,Data Analyst,Google,Mumbai,Karnataka,India,Remote,Associate,2,24,10,"Python,SQL",Healthcare,844743,170,Bachelor,Internship,2026-01-30,55,Open
4098,BI Developer,TechNova,Pune,Telangana,India,Onsite,Associate,1,12,16,"Power BI,SQL",Healthcare,1688697,237,Master,Internship,2026-02-01,58,Open
4099,Data Scientist,TCS,Mumbai,Telangana,India,Hybrid,Mid,0,9,7,"Python,Pandas",Retail,489470,362,Master,Internship,2026-03-28,96,Closed
4100,Data Scientist,Amazon,Delhi,Telangana,India,Onsite,Mid,5,6,8,"Azure,Python",Finance,466742,316,Master,Contract,2026-03-01,89,Closed
4101,BI Developer,Amazon,Delhi,Maharashtra,India,Remote,Senior,2,7,16,"Tableau,SQL",IT Services,1710097,31,Bachelor,Full-time,2026-04-12,93,Closed
4102,Data Scientist,Infosys,Hyderabad,Tamil Nadu,India,Hybrid,Senior,2,4,8,"Tableau,SQL",Healthcare,362738,224,Bachelor,Full-time,2026-01-11,63,Open
4103,Data Analyst,Google,Chennai,Tamil Nadu,India,Hybrid,Entry,1,30,12,"Tableau,SQL",Retail,856506,404,Bachelor,Full-time,2026-06-29,81,Open
4104,Data Scientist,Zoho,Bengaluru,Tamil Nadu,India,Onsite,Senior,8,5,12,"Tableau,SQL",Healthcare,1733585,368,Master,Full-time,2026-03-30,52,Open
4105,Data Analyst,Infosys,Mumbai,Karnataka,India,Onsite,Associate,8,29,10,"Tableau,SQL",Retail,551007,457,Bachelor,Internship,2026-01-22,75,Closed
4106,Software Engineer,Infosys,Bengaluru,Telangana,India,Onsite,Entry,3,30,5,"Python,SQL",Retail,1510680,488,Bachelor,Internship,2026-06-05,86,Closed
4107,Software Engineer,Amazon,Pune,Tamil Nadu,India,Onsite,Mid,4,16,12,"Tableau,SQL",IT Services,1284535,179,Master,Full-time,2026-05-27,64,Open
4108,BI Developer,Capgemini,Chennai,Telangana,India,Remote,Entry,1,30,9,"Excel,SQL",Healthcare,663354,324,Master,Internship,2026-01-30,74,Closed
4109,ML Engineer,Zoho,Bengaluru,Maharashtra,India,Onsite,Mid,2,28,18,"Tableau,SQL",Education,1087515,407,Master,Full-time,2026-02-28,60,Open
4110,Business Analyst,Zoho,Hyderabad,Delhi,India,Onsite,Associate,2,13,10,"Tableau,SQL",Finance,814596,265,Bachelor,Full-time,2026-01-11,69,Closed
4111,Software Engineer,Capgemini,Mumbai,Maharashtra,India,Remote,Entry,5,4,10,"Tableau,SQL",Finance,1090544,346,Bachelor,Internship,2026-04-19,69,Closed
4112,Software Engineer,Zoho,Bengaluru,Karnataka,India,Onsite,Associate,1,28,13,"Python,SQL",Education,1444969,297,Master,Full-time,2026-03-10,95,Closed
4113,BI Developer,Zoho,Bengaluru,Maharashtra,India,Remote,Entry,7,29,4,"Power BI,SQL",IT Services,1778325,486,Bachelor,Internship,2026-05-03,83,Closed
4114,Data Scientist,Infosys,Mumbai,Tamil Nadu,India,Onsite,Entry,7,10,12,"Tableau,SQL",Education,649246,279,Bachelor,Full-time,2026-03-06,83,Closed
4115,Data Analyst,Google,Pune,Delhi,India,Remote,Associate,2,10,16,"Python,SQL",Retail,924622,349,Bachelor,Full-time,2026-01-31,57,Closed
4116,Data Scientist,Capgemini,Delhi,Tamil Nadu,India,Remote,Associate,0,22,13,"Power BI,SQL",IT Services,627373,126,Master,Full-time,2026-03-02,68,Open
4117,Data Analyst,Capgemini,Chennai,Maharashtra,India,Remote,Associate,1,25,10,"Azure,Python",Retail,1702707,377,Master,Full-time,2026-04-21,78,Closed
4118,Business Analyst,Microsoft,Delhi,Telangana,India,Remote,Senior,4,12,20,"Python,Pandas",Retail,1128836,412,Bachelor,Full-time,2026-06-08,88,Open
4119,Business Analyst,Wipro,Bengaluru,Karnataka,India,Hybrid,Associate,5,9,20,"Excel,SQL",Retail,1295945,285,Master,Full-time,2026-04-21,75,Closed
4120,Data Scientist,Microsoft,Chennai,Karnataka,India,Onsite,Entry,2,17,9,"Azure,Python",IT Services,913250,129,Master,Full-time,2026-01-22,84,Open
4121,ML Engineer,TCS,Pune,Karnataka,India,Remote,Entry,3,29,18,"Tableau,SQL",Retail,1022696,462,Master,Contract,2026-01-02,89,Closed
4122,ML Engineer,Capgemini,Delhi,Tamil Nadu,India,Hybrid,Mid,4,10,14,"Python,Pandas",Retail,506432,408,Bachelor,Internship,2026-06-22,60,Closed
4123,Software Engineer,Zoho,Bengaluru,Karnataka,India,Onsite,Senior,6,3,16,"Excel,SQL",Retail,527018,468,Master,Contract,2026-02-13,62,Closed
4124,Data Analyst,TCS,Mumbai,Delhi,India,Onsite,Senior,2,25,19,"Python,Pandas",Retail,1178386,135,Bachelor,Contract,2026-04-16,80,Closed
4125,Data Scientist,Microsoft,Bengaluru,Maharashtra,India,Remote,Associate,8,13,20,"Python,SQL",Finance,1325158,288,Bachelor,Internship,2026-06-02,65,Open
4126,BI Developer,Accenture,Mumbai,Maharashtra,India,Remote,Entry,5,13,16,"Python,Pandas",IT Services,1437209,81,Bachelor,Contract,2026-06-02,56,Closed
4127,Business Analyst,Google,Delhi,Maharashtra,India,Remote,Associate,4,24,12,"Tableau,SQL",Finance,1690229,66,Bachelor,Full-time,2026-04-11,72,Closed
4128,Software Engineer,TCS,Hyderabad,Maharashtra,India,Remote,Senior,6,29,19,"Excel,SQL",IT Services,763452,308,Bachelor,Contract,2026-01-14,62,Closed
4129,Data Scientist,TechNova,Mumbai,Maharashtra,India,Remote,Associate,7,16,19,"Azure,Python",IT Services,1068165,65,Bachelor,Internship,2026-01-02,98,Open
4130,Data Scientist,Accenture,Pune,Delhi,India,Hybrid,Associate,5,3,10,"Tableau,SQL",Education,896387,323,Bachelor,Internship,2026-04-01,58,Open
4131,Software Engineer,Wipro,Delhi,Karnataka,India,Hybrid,Associate,2,25,10,"Power BI,SQL",Finance,1001875,388,Bachelor,Contract,2026-03-30,56,Closed
4132,BI Developer,Infosys,Bengaluru,Maharashtra,India,Onsite,Senior,1,22,6,"Azure,Python",Education,1250560,278,Bachelor,Contract,2026-01-21,53,Open
4133,Software Engineer,Wipro,Bengaluru,Telangana,India,Hybrid,Mid,8,25,9,"Azure,Python",IT Services,1605959,267,Bachelor,Full-time,2026-06-09,52,Closed
4134,Software Engineer,TCS,Delhi,Delhi,India,Onsite,Associate,4,6,12,"Tableau,SQL",Education,710639,111,Master,Full-time,2026-02-23,64,Closed
4135,BI Developer,TCS,Chennai,Tamil Nadu,India,Hybrid,Mid,5,25,11,"Python,SQL",Healthcare,982158,96,Bachelor,Contract,2026-01-17,51,Closed
4136,BI Developer,Google,Delhi,Maharashtra,India,Remote,Entry,4,6,13,"Azure,Python",Retail,1411137,381,Bachelor,Internship,2026-04-04,90,Closed
4137,Data Analyst,Wipro,Chennai,Tamil Nadu,India,Onsite,Entry,3,30,5,"Python,SQL",Finance,1647862,44,Master,Full-time,2026-02-23,74,Open
4138,Software Engineer,TechNova,Chennai,Delhi,India,Onsite,Senior,2,26,14,"Python,SQL",IT Services,1186592,154,Bachelor,Contract,2026-03-29,98,Closed
4139,ML Engineer,Zoho,Hyderabad,Karnataka,India,Remote,Entry,0,26,20,"Power BI,SQL",Healthcare,1654148,216,Master,Full-time,2026-06-01,71,Open
4140,Business Analyst,Zoho,Hyderabad,Maharashtra,India,Hybrid,Entry,0,16,17,"Tableau,SQL",Healthcare,1048021,48,Bachelor,Contract,2026-01-29,76,Open
4141,Business Analyst,TechNova,Pune,Delhi,India,Remote,Associate,5,22,4,"Power BI,SQL",Healthcare,1294352,424,Bachelor,Contract,2026-03-23,76,Open
4142,Data Analyst,Microsoft,Delhi,Delhi,India,Onsite,Senior,8,10,15,"Python,Pandas",Healthcare,1662787,231,Bachelor,Full-time,2026-04-10,63,Open
4143,Data Scientist,Google,Chennai,Delhi,India,Remote,Senior,3,8,6,"Python,SQL",Retail,1007151,417,Master,Internship,2026-04-05,82,Open
4144,ML Engineer,Infosys,Bengaluru,Maharashtra,India,Onsite,Associate,8,18,11,"Excel,SQL",Healthcare,803846,29,Master,Internship,2026-02-05,78,Open
4145,ML Engineer,Google,Hyderabad,Delhi,India,Remote,Associate,1,21,18,"Python,SQL",Retail,601347,144,Bachelor,Contract,2026-06-15,50,Closed
4146,Data Scientist,TCS,Hyderabad,Delhi,India,Onsite,Entry,0,29,7,"Azure,Python",Education,1638874,161,Master,Internship,2026-06-08,63,Open
4147,ML Engineer,TechNova,Hyderabad,Delhi,India,Hybrid,Senior,3,3,4,"Azure,Python",Finance,975226,242,Master,Internship,2026-06-18,96,Open
4148,ML Engineer,Amazon,Pune,Tamil Nadu,India,Remote,Entry,8,29,11,"Excel,SQL",Education,1151421,277,Master,Contract,2026-03-12,84,Closed
4149,Data Analyst,Zoho,Delhi,Maharashtra,India,Remote,Associate,1,17,14,"Python,Pandas",IT Services,501312,86,Bachelor,Contract,2026-01-23,80,Open
4150,BI Developer,Zoho,Chennai,Delhi,India,Remote,Associate,1,17,15,"Python,Pandas",Healthcare,888493,357,Bachelor,Internship,2026-05-11,67,Closed
4151,Business Analyst,Accenture,Bengaluru,Karnataka,India,Onsite,Entry,5,29,17,"Power BI,SQL",Education,581204,159,Master,Contract,2026-05-27,89,Open
4152,Software Engineer,Accenture,Pune,Karnataka,India,Onsite,Associate,1,27,16,"Python,SQL",Education,1072634,82,Bachelor,Full-time,2026-06-12,75,Closed
4153,ML Engineer,Microsoft,Delhi,Karnataka,India,Hybrid,Entry,3,11,4,"Azure,Python",Education,1214818,81,Master,Full-time,2026-04-08,88,Open
4154,ML Engineer,Zoho,Chennai,Telangana,India,Remote,Associate,1,10,4,"Tableau,SQL",Retail,1384898,133,Bachelor,Full-time,2026-06-22,64,Open
4155,ML Engineer,Zoho,Mumbai,Maharashtra,India,Remote,Mid,2,4,17,"Python,SQL",Retail,602071,277,Bachelor,Contract,2026-04-22,78,Closed
4156,ML Engineer,Google,Hyderabad,Tamil Nadu,India,Onsite,Entry,7,9,11,"Python,Pandas",Retail,1014746,262,Bachelor,Contract,2026-05-04,81,Open
4157,Business Analyst,TCS,Bengaluru,Telangana,India,Remote,Associate,7,8,16,"Power BI,SQL",Finance,1152772,223,Master,Contract,2026-03-11,83,Open
4158,Software Engineer,Amazon,Chennai,Karnataka,India,Remote,Associate,0,26,10,"Azure,Python",IT Services,735905,44,Master,Contract,2026-06-05,88,Open
4159,BI Developer,Capgemini,Mumbai,Telangana,India,Onsite,Entry,4,3,14,"Azure,Python",Healthcare,1308121,297,Master,Full-time,2026-01-20,96,Open
4160,Data Analyst,Wipro,Pune,Maharashtra,India,Remote,Entry,4,9,4,"Tableau,SQL",Finance,1303248,146,Master,Full-time,2026-02-28,85,Closed
4161,ML Engineer,Infosys,Chennai,Delhi,India,Hybrid,Associate,1,10,19,"Power BI,SQL",Retail,1441377,65,Master,Internship,2026-02-23,92,Open
4162,ML Engineer,Zoho,Hyderabad,Karnataka,India,Onsite,Senior,5,7,9,"Python,SQL",Education,1151776,82,Bachelor,Full-time,2026-01-22,74,Open
4163,Business Analyst,Google,Pune,Karnataka,India,Hybrid,Senior,8,3,10,"Azure,Python",Healthcare,1071088,441,Master,Contract,2026-01-04,59,Open
4164,Data Analyst,Amazon,Hyderabad,Telangana,India,Remote,Associate,0,13,19,"Tableau,SQL",Finance,331993,421,Master,Contract,2026-01-02,67,Closed
4165,BI Developer,Wipro,Chennai,Telangana,India,Onsite,Mid,0,23,20,"Excel,SQL",IT Services,1653954,220,Master,Internship,2026-01-27,69,Closed
4166,Data Scientist,TechNova,Delhi,Karnataka,India,Onsite,Associate,2,28,4,"Power BI,SQL",Retail,1359396,310,Bachelor,Full-time,2026-06-15,64,Closed
4167,Business Analyst,Wipro,Delhi,Tamil Nadu,India,Onsite,Entry,2,16,11,"Python,SQL",Healthcare,1176308,49,Bachelor,Full-time,2026-05-31,51,Closed
4168,Business Analyst,TechNova,Delhi,Tamil Nadu,India,Remote,Associate,6,20,12,"Power BI,SQL",Finance,1635574,399,Bachelor,Internship,2026-01-16,87,Closed
4169,Data Scientist,Wipro,Pune,Karnataka,India,Remote,Associate,1,19,18,"Python,Pandas",Healthcare,1431744,354,Bachelor,Full-time,2026-03-26,86,Closed
4170,Business Analyst,Accenture,Hyderabad,Tamil Nadu,India,Hybrid,Associate,7,20,13,"Excel,SQL",Retail,1143441,222,Master,Internship,2026-03-13,91,Closed
4171,ML Engineer,Amazon,Delhi,Delhi,India,Onsite,Senior,6,3,4,"Python,Pandas",Finance,1032958,299,Master,Internship,2026-01-03,88,Open
4172,Data Scientist,Google,Pune,Telangana,India,Hybrid,Mid,8,4,14,"Azure,Python",Finance,549280,287,Master,Contract,2026-02-09,94,Closed
4173,BI Developer,Wipro,Mumbai,Tamil Nadu,India,Onsite,Associate,7,7,6,"Azure,Python",Healthcare,1671082,344,Bachelor,Full-time,2026-02-23,59,Open
4174,BI Developer,Capgemini,Bengaluru,Maharashtra,India,Hybrid,Senior,7,29,13,"Power BI,SQL",Retail,1693382,41,Master,Full-time,2026-05-23,73,Closed
4175,ML Engineer,Microsoft,Bengaluru,Karnataka,India,Remote,Mid,3,19,17,"Python,Pandas",Finance,880124,397,Bachelor,Internship,2026-01-28,83,Open
4176,Software Engineer,Google,Delhi,Maharashtra,India,Hybrid,Senior,7,17,17,"Excel,SQL",Finance,505294,445,Bachelor,Full-time,2026-05-31,64,Closed
4177,Data Analyst,Microsoft,Hyderabad,Maharashtra,India,Onsite,Senior,4,26,4,"Python,Pandas",Retail,1302143,254,Bachelor,Internship,2026-03-08,61,Closed
4178,BI Developer,Accenture,Pune,Maharashtra,India,Onsite,Mid,8,17,17,"Python,SQL",Retail,1694286,411,Bachelor,Internship,2026-06-28,66,Closed
4179,ML Engineer,Accenture,Bengaluru,Tamil Nadu,India,Onsite,Entry,7,16,13,"Python,Pandas",IT Services,636622,258,Master,Internship,2026-04-07,76,Closed
4180,BI Developer,Zoho,Bengaluru,Tamil Nadu,India,Remote,Associate,6,6,11,"Tableau,SQL",Education,1486370,488,Master,Contract,2026-04-03,77,Open
4181,Business Analyst,Accenture,Chennai,Delhi,India,Remote,Mid,3,25,13,"Tableau,SQL",Healthcare,1743125,62,Bachelor,Internship,2026-06-16,94,Open
4182,Data Analyst,Wipro,Pune,Maharashtra,India,Onsite,Senior,0,28,10,"Excel,SQL",Retail,1525559,469,Master,Full-time,2026-04-01,94,Closed
4183,Business Analyst,Amazon,Chennai,Delhi,India,Onsite,Mid,0,25,10,"Tableau,SQL",IT Services,941893,269,Master,Contract,2026-03-08,58,Open
4184,Software Engineer,TechNova,Hyderabad,Karnataka,India,Hybrid,Senior,3,16,11,"Azure,Python",Retail,1206378,160,Master,Full-time,2026-05-27,50,Open
4185,Business Analyst,Capgemini,Delhi,Delhi,India,Onsite,Senior,6,3,12,"Excel,SQL",IT Services,549016,90,Master,Contract,2026-01-30,98,Closed
4186,Business Analyst,Accenture,Chennai,Tamil Nadu,India,Remote,Associate,6,25,19,"Python,SQL",IT Services,1648239,414,Bachelor,Full-time,2026-02-15,65,Open
4187,Data Analyst,Google,Delhi,Maharashtra,India,Onsite,Entry,1,21,12,"Power BI,SQL",Education,1138145,169,Master,Contract,2026-02-19,89,Open
4188,ML Engineer,Wipro,Pune,Karnataka,India,Hybrid,Associate,0,8,11,"Python,SQL",Healthcare,1513699,21,Bachelor,Full-time,2026-04-19,96,Closed
4189,ML Engineer,Microsoft,Chennai,Karnataka,India,Onsite,Mid,5,18,19,"Tableau,SQL",Education,1501090,100,Master,Contract,2026-06-06,53,Closed
4190,Business Analyst,Accenture,Pune,Karnataka,India,Hybrid,Entry,2,29,12,"Excel,SQL",IT Services,752876,168,Bachelor,Contract,2026-04-12,62,Open
4191,Data Scientist,Microsoft,Chennai,Karnataka,India,Remote,Senior,0,20,13,"Tableau,SQL",Healthcare,581526,31,Master,Internship,2026-04-24,54,Open
4192,Data Analyst,Capgemini,Mumbai,Tamil Nadu,India,Hybrid,Senior,0,16,18,"Power BI,SQL",IT Services,1119749,393,Bachelor,Contract,2026-05-09,53,Closed
4193,Software Engineer,Microsoft,Chennai,Telangana,India,Onsite,Mid,4,4,10,"Python,SQL",Retail,1772823,246,Bachelor,Internship,2026-02-10,70,Closed
4194,Data Scientist,Capgemini,Bengaluru,Maharashtra,India,Remote,Senior,3,18,15,"Python,Pandas",IT Services,1207124,49,Master,Contract,2026-05-10,86,Closed
4195,Data Scientist,Zoho,Mumbai,Delhi,India,Hybrid,Associate,5,7,17,"Power BI,SQL",Finance,1623669,145,Master,Full-time,2026-05-10,74,Closed
4196,Data Scientist,Accenture,Bengaluru,Karnataka,India,Onsite,Mid,7,29,15,"Excel,SQL",Education,1277382,61,Master,Internship,2026-01-17,58,Closed
4197,ML Engineer,Infosys,Mumbai,Telangana,India,Onsite,Mid,1,4,7,"Excel,SQL",IT Services,348571,186,Bachelor,Internship,2026-05-10,72,Closed
4198,Data Scientist,TechNova,Pune,Tamil Nadu,India,Onsite,Senior,7,20,6,"Excel,SQL",Healthcare,671272,131,Master,Contract,2026-05-29,84,Closed
4199,ML Engineer,TechNova,Pune,Tamil Nadu,India,Onsite,Associate,2,29,16,"Azure,Python",Finance,501890,478,Bachelor,Contract,2026-05-04,86,Open
4200,Data Scientist,Microsoft,Bengaluru,Maharashtra,India,Hybrid,Senior,5,8,5,"Python,SQL",IT Services,397549,313,Master,Internship,2026-03-05,85,Closed
4201,Data Analyst,Zoho,Pune,Maharashtra,India,Remote,Associate,6,19,10,"Python,Pandas",IT Services,1775177,343,Master,Internship,2026-01-18,64,Open
4202,Software Engineer,TCS,Mumbai,Tamil Nadu,India,Hybrid,Entry,1,9,13,"Python,Pandas",Finance,448349,183,Bachelor,Internship,2026-04-15,58,Closed
4203,ML Engineer,Amazon,Hyderabad,Telangana,India,Onsite,Entry,1,4,13,"Azure,Python",Education,314245,338,Bachelor,Contract,2026-05-26,72,Open
4204,Business Analyst,Google,Pune,Karnataka,India,Onsite,Entry,7,7,8,"Azure,Python",Retail,965120,287,Master,Full-time,2026-06-11,64,Open
4205,Data Analyst,TechNova,Bengaluru,Telangana,India,Remote,Associate,0,8,20,"Python,Pandas",Finance,881541,336,Master,Contract,2026-04-11,69,Closed
4206,ML Engineer,Zoho,Chennai,Maharashtra,India,Onsite,Entry,8,14,5,"Python,SQL",Education,1422395,289,Master,Contract,2026-01-03,86,Open
4207,Business Analyst,Google,Hyderabad,Karnataka,India,Onsite,Mid,0,29,19,"Azure,Python",Healthcare,321186,320,Master,Internship,2026-05-05,58,Open
4208,BI Developer,Microsoft,Bengaluru,Tamil Nadu,India,Onsite,Senior,7,13,20,"Tableau,SQL",IT Services,717669,196,Master,Full-time,2026-04-26,55,Closed
4209,Data Analyst,Amazon,Chennai,Tamil Nadu,India,Hybrid,Entry,0,30,10,"Azure,Python",Finance,905011,127,Bachelor,Full-time,2026-03-13,84,Open
4210,ML Engineer,Microsoft,Hyderabad,Karnataka,India,Onsite,Entry,5,22,4,"Excel,SQL",Finance,1081861,370,Master,Full-time,2026-03-28,80,Open
4211,Data Scientist,Microsoft,Bengaluru,Maharashtra,India,Onsite,Entry,1,25,5,"Power BI,SQL",Education,1714334,282,Bachelor,Internship,2026-04-21,73,Closed
4212,ML Engineer,TechNova,Chennai,Tamil Nadu,India,Onsite,Senior,3,15,18,"Tableau,SQL",IT Services,1655175,385,Bachelor,Contract,2026-06-11,56,Open
4213,ML Engineer,Microsoft,Bengaluru,Maharashtra,India,Onsite,Entry,3,21,13,"Azure,Python",IT Services,1537155,54,Master,Full-time,2026-01-17,69,Open
4214,Data Analyst,TCS,Hyderabad,Maharashtra,India,Remote,Mid,2,13,12,"Azure,Python",Healthcare,1557943,278,Bachelor,Full-time,2026-02-15,62,Open
4215,Data Analyst,TechNova,Pune,Telangana,India,Hybrid,Senior,4,5,19,"Tableau,SQL",Retail,330799,246,Bachelor,Full-time,2026-05-08,59,Open
4216,Data Scientist,Amazon,Delhi,Maharashtra,India,Remote,Associate,3,16,6,"Python,SQL",Healthcare,1419094,296,Bachelor,Internship,2026-06-07,86,Open
4217,Data Scientist,Capgemini,Delhi,Telangana,India,Hybrid,Entry,5,4,5,"Python,SQL",Retail,312955,50,Bachelor,Contract,2026-04-21,84,Closed
4218,ML Engineer,Amazon,Delhi,Delhi,India,Hybrid,Mid,6,29,16,"Tableau,SQL",IT Services,769476,126,Master,Internship,2026-05-21,78,Open
4219,Data Scientist,Wipro,Hyderabad,Maharashtra,India,Onsite,Associate,2,5,5,"Power BI,SQL",Finance,542791,66,Master,Full-time,2026-03-24,80,Open
4220,Data Analyst,Google,Delhi,Delhi,India,Remote,Mid,8,5,6,"Python,SQL",Education,1760511,392,Master,Internship,2026-03-31,88,Open
4221,BI Developer,Infosys,Bengaluru,Tamil Nadu,India,Onsite,Entry,7,12,5,"Tableau,SQL",IT Services,550417,170,Master,Contract,2026-06-16,54,Closed
4222,BI Developer,TechNova,Pune,Delhi,India,Hybrid,Associate,5,11,15,"Excel,SQL",Retail,322441,32,Master,Full-time,2026-02-14,58,Closed
4223,Software Engineer,Wipro,Hyderabad,Maharashtra,India,Hybrid,Entry,4,24,7,"Excel,SQL",Retail,1580554,305,Master,Full-time,2026-01-10,64,Closed
4224,Data Analyst,Infosys,Delhi,Karnataka,India,Remote,Senior,6,8,8,"Python,Pandas",Education,967525,228,Bachelor,Full-time,2026-04-22,96,Closed
4225,Data Analyst,Infosys,Mumbai,Karnataka,India,Onsite,Senior,6,26,4,"Power BI,SQL",IT Services,561572,392,Master,Contract,2026-02-01,96,Open
4226,Data Scientist,Accenture,Delhi,Maharashtra,India,Hybrid,Entry,3,22,7,"Power BI,SQL",IT Services,662388,176,Master,Full-time,2026-04-01,95,Open
4227,Data Analyst,TCS,Chennai,Telangana,India,Remote,Associate,6,4,14,"Python,SQL",Healthcare,427389,14,Bachelor,Internship,2026-04-07,58,Closed
4228,BI Developer,Capgemini,Pune,Telangana,India,Hybrid,Entry,2,22,7,"Azure,Python",Finance,1585216,459,Master,Contract,2026-06-30,65,Open
4229,Business Analyst,TCS,Hyderabad,Tamil Nadu,India,Remote,Entry,6,11,16,"Python,Pandas",IT Services,516597,111,Master,Contract,2026-04-23,89,Open
4230,ML Engineer,Accenture,Chennai,Tamil Nadu,India,Remote,Entry,6,8,4,"Power BI,SQL",IT Services,583473,474,Bachelor,Contract,2026-06-28,88,Open
4231,BI Developer,TCS,Mumbai,Karnataka,India,Onsite,Senior,5,16,12,"Power BI,SQL",Finance,1281668,193,Bachelor,Contract,2026-02-19,98,Closed
4232,Data Analyst,Infosys,Hyderabad,Telangana,India,Onsite,Senior,8,13,7,"Python,SQL",Retail,766416,178,Bachelor,Contract,2026-02-26,86,Open
4233,ML Engineer,Microsoft,Delhi,Karnataka,India,Hybrid,Senior,8,28,17,"Tableau,SQL",Healthcare,1700452,383,Master,Internship,2026-05-20,87,Closed
4234,Data Analyst,Wipro,Delhi,Tamil Nadu,India,Remote,Mid,7,14,20,"Python,SQL",Finance,1256945,242,Bachelor,Internship,2026-03-28,87,Open
4235,Data Scientist,Amazon,Bengaluru,Maharashtra,India,Hybrid,Mid,1,22,18,"Python,Pandas",Retail,1579474,290,Master,Contract,2026-06-14,83,Closed
4236,Data Scientist,Microsoft,Pune,Tamil Nadu,India,Onsite,Mid,1,29,10,"Excel,SQL",Finance,1336606,0,Bachelor,Internship,2026-06-11,93,Closed
4237,ML Engineer,Microsoft,Delhi,Karnataka,India,Hybrid,Associate,6,28,18,"Power BI,SQL",Education,1580631,35,Bachelor,Full-time,2026-02-13,66,Open
4238,Data Scientist,Capgemini,Mumbai,Tamil Nadu,India,Remote,Entry,6,9,4,"Power BI,SQL",Education,1790994,112,Bachelor,Contract,2026-01-25,74,Open
4239,Software Engineer,Infosys,Pune,Telangana,India,Onsite,Mid,2,10,13,"Power BI,SQL",Retail,1582321,250,Master,Full-time,2026-01-24,63,Open
4240,ML Engineer,Google,Bengaluru,Maharashtra,India,Onsite,Mid,7,27,9,"Power BI,SQL",IT Services,945481,335,Master,Full-time,2026-04-15,98,Closed
4241,BI Developer,Accenture,Delhi,Maharashtra,India,Remote,Mid,1,3,9,"Azure,Python",Finance,1280485,500,Master,Internship,2026-02-19,64,Closed
4242,Data Scientist,Infosys,Hyderabad,Delhi,India,Hybrid,Senior,6,24,17,"Tableau,SQL",Retail,1436724,414,Master,Internship,2026-01-30,60,Open
4243,Business Analyst,Accenture,Delhi,Tamil Nadu,India,Remote,Entry,7,28,8,"Excel,SQL",Retail,852437,285,Bachelor,Contract,2026-04-25,53,Open
4244,Business Analyst,Capgemini,Mumbai,Karnataka,India,Onsite,Associate,7,14,13,"Tableau,SQL",Finance,1067215,146,Bachelor,Full-time,2026-05-05,57,Open
4245,Business Analyst,TCS,Pune,Karnataka,India,Hybrid,Associate,1,28,14,"Power BI,SQL",Education,533175,246,Master,Internship,2026-04-28,79,Open
4246,Data Scientist,Zoho,Chennai,Delhi,India,Remote,Senior,4,10,17,"Azure,Python",Education,961690,102,Master,Full-time,2026-03-22,97,Open
4247,ML Engineer,Google,Pune,Tamil Nadu,India,Hybrid,Associate,1,10,11,"Python,SQL",IT Services,586626,444,Bachelor,Full-time,2026-01-16,63,Open
4248,Business Analyst,Amazon,Delhi,Tamil Nadu,India,Onsite,Associate,6,8,8,"Python,Pandas",Healthcare,496776,249,Master,Contract,2026-04-04,84,Open
4249,BI Developer,TechNova,Chennai,Telangana,India,Hybrid,Senior,7,9,11,"Python,SQL",IT Services,1032598,426,Bachelor,Contract,2026-05-14,94,Open
4250,BI Developer,Amazon,Bengaluru,Telangana,India,Remote,Mid,5,25,20,"Power BI,SQL",IT Services,1036323,62,Master,Contract,2026-03-09,95,Closed
4251,BI Developer,Zoho,Pune,Tamil Nadu,India,Onsite,Entry,2,6,19,"Python,Pandas",Retail,973226,213,Bachelor,Full-time,2026-01-19,84,Closed
4252,Software Engineer,Accenture,Chennai,Maharashtra,India,Hybrid,Associate,8,18,15,"Power BI,SQL",Finance,301708,242,Bachelor,Internship,2026-04-06,71,Closed
4253,Business Analyst,Zoho,Delhi,Telangana,India,Remote,Entry,7,18,8,"Python,SQL",Finance,946539,432,Bachelor,Contract,2026-03-18,56,Open
4254,BI Developer,Google,Pune,Tamil Nadu,India,Remote,Associate,5,29,7,"Excel,SQL",IT Services,1636943,260,Bachelor,Full-time,2026-04-18,98,Closed
4255,Data Scientist,TCS,Mumbai,Delhi,India,Remote,Associate,5,16,12,"Tableau,SQL",IT Services,1533257,61,Master,Internship,2026-01-05,59,Open
4256,ML Engineer,TCS,Chennai,Delhi,India,Hybrid,Entry,0,7,9,"Power BI,SQL",Healthcare,1136922,145,Master,Contract,2026-06-27,95,Open
4257,ML Engineer,Zoho,Hyderabad,Maharashtra,India,Onsite,Associate,3,19,8,"Power BI,SQL",Healthcare,301022,211,Bachelor,Contract,2026-05-08,88,Open
4258,Data Scientist,Capgemini,Bengaluru,Telangana,India,Onsite,Entry,6,4,15,"Tableau,SQL",Retail,1077670,54,Bachelor,Internship,2026-01-23,67,Open
4259,Data Scientist,TechNova,Pune,Delhi,India,Remote,Associate,4,20,13,"Azure,Python",Retail,1334329,19,Bachelor,Contract,2026-04-12,95,Closed
4260,Data Analyst,Zoho,Hyderabad,Telangana,India,Remote,Entry,0,15,11,"Azure,Python",Education,1383335,130,Bachelor,Contract,2026-01-30,72,Closed
4261,Software Engineer,Amazon,Bengaluru,Tamil Nadu,India,Remote,Associate,5,26,16,"Python,SQL",IT Services,1649657,474,Bachelor,Contract,2026-04-25,81,Closed
4262,Business Analyst,Wipro,Mumbai,Karnataka,India,Hybrid,Senior,4,13,9,"Excel,SQL",Finance,1056983,344,Master,Full-time,2026-04-19,94,Open
4263,ML Engineer,Microsoft,Mumbai,Telangana,India,Hybrid,Senior,8,10,8,"Python,SQL",Finance,513654,476,Master,Contract,2026-02-01,69,Open
4264,Software Engineer,TechNova,Pune,Telangana,India,Hybrid,Associate,3,11,9,"Excel,SQL",Retail,1192109,115,Master,Internship,2026-03-22,73,Closed
4265,ML Engineer,Wipro,Mumbai,Karnataka,India,Onsite,Entry,2,19,18,"Power BI,SQL",Healthcare,607272,64,Bachelor,Full-time,2026-01-07,77,Closed
4266,BI Developer,Infosys,Mumbai,Karnataka,India,Onsite,Entry,1,9,13,"Tableau,SQL",IT Services,1341947,151,Bachelor,Contract,2026-01-17,50,Open
4267,Business Analyst,Capgemini,Bengaluru,Maharashtra,India,Hybrid,Senior,6,7,20,"Excel,SQL",Education,1776831,419,Bachelor,Full-time,2026-01-15,58,Open
4268,Data Scientist,Capgemini,Hyderabad,Karnataka,India,Onsite,Entry,5,21,14,"Power BI,SQL",Healthcare,1462733,30,Bachelor,Internship,2026-05-22,76,Open
4269,Data Analyst,TCS,Bengaluru,Tamil Nadu,India,Remote,Entry,5,27,12,"Python,Pandas",Finance,1687850,397,Master,Contract,2026-05-08,55,Open
4270,Business Analyst,Amazon,Bengaluru,Delhi,India,Onsite,Mid,0,6,7,"Python,SQL",Finance,1165094,275,Bachelor,Full-time,2026-01-15,90,Open
4271,Data Analyst,Amazon,Pune,Telangana,India,Onsite,Mid,3,20,18,"Azure,Python",IT Services,346472,388,Master,Internship,2026-06-20,83,Open
4272,Business Analyst,Capgemini,Bengaluru,Karnataka,India,Hybrid,Senior,0,12,19,"Python,Pandas",Finance,937815,180,Master,Internship,2026-03-02,79,Open
4273,BI Developer,TCS,Bengaluru,Delhi,India,Onsite,Mid,0,4,11,"Azure,Python",IT Services,460077,467,Master,Internship,2026-02-21,78,Closed
4274,Business Analyst,Wipro,Chennai,Karnataka,India,Remote,Mid,8,17,12,"Power BI,SQL",Retail,1539580,140,Bachelor,Contract,2026-04-20,79,Closed
4275,Software Engineer,TCS,Mumbai,Delhi,India,Onsite,Mid,1,10,11,"Tableau,SQL",Education,1321181,190,Bachelor,Internship,2026-03-29,68,Open
4276,ML Engineer,Zoho,Pune,Tamil Nadu,India,Remote,Associate,7,29,6,"Azure,Python",Healthcare,518933,161,Bachelor,Internship,2026-01-23,87,Closed
4277,Data Analyst,Infosys,Pune,Tamil Nadu,India,Onsite,Mid,7,16,14,"Python,SQL",Healthcare,1181575,99,Master,Full-time,2026-01-29,58,Closed
4278,Business Analyst,Infosys,Bengaluru,Maharashtra,India,Hybrid,Mid,2,17,6,"Power BI,SQL",Healthcare,1523860,382,Bachelor,Contract,2026-01-08,69,Closed
4279,BI Developer,Capgemini,Mumbai,Tamil Nadu,India,Remote,Entry,0,4,17,"Python,SQL",Healthcare,1339207,71,Bachelor,Full-time,2026-04-11,74,Closed
4280,Data Analyst,TCS,Chennai,Tamil Nadu,India,Hybrid,Entry,5,3,11,"Python,Pandas",Finance,1409482,167,Bachelor,Contract,2026-05-30,95,Closed
4281,ML Engineer,TechNova,Delhi,Delhi,India,Remote,Senior,5,7,12,"Tableau,SQL",IT Services,1417873,477,Master,Full-time,2026-05-11,94,Open
4282,Data Analyst,TCS,Mumbai,Maharashtra,India,Remote,Mid,5,19,18,"Python,Pandas",Finance,1005348,53,Master,Internship,2026-05-26,88,Open
4283,Software Engineer,Zoho,Chennai,Karnataka,India,Remote,Senior,8,30,4,"Python,SQL",Education,311919,386,Bachelor,Internship,2026-04-07,57,Open
4284,Data Analyst,Accenture,Mumbai,Telangana,India,Onsite,Senior,5,29,4,"Tableau,SQL",Healthcare,912524,80,Master,Contract,2026-02-19,58,Closed
4285,Business Analyst,Accenture,Chennai,Karnataka,India,Hybrid,Senior,5,27,11,"Tableau,SQL",Finance,1593049,198,Master,Internship,2026-03-19,70,Open
4286,Data Analyst,Microsoft,Bengaluru,Tamil Nadu,India,Remote,Associate,0,13,5,"Power BI,SQL",Education,1099680,453,Master,Full-time,2026-04-15,78,Closed
4287,Business Analyst,Microsoft,Delhi,Tamil Nadu,India,Hybrid,Senior,0,14,5,"Azure,Python",Healthcare,483387,387,Master,Internship,2026-04-19,55,Closed
4288,Business Analyst,Google,Delhi,Tamil Nadu,India,Hybrid,Entry,6,3,12,"Python,Pandas",Healthcare,1660770,217,Bachelor,Contract,2026-05-25,91,Closed
4289,Data Scientist,Capgemini,Bengaluru,Maharashtra,India,Onsite,Senior,6,4,14,"Excel,SQL",Education,1266527,187,Master,Full-time,2026-06-13,65,Open
4290,Software Engineer,Zoho,Chennai,Delhi,India,Onsite,Mid,0,17,14,"Python,SQL",IT Services,1494896,218,Master,Contract,2026-06-01,96,Open
4291,ML Engineer,Capgemini,Hyderabad,Karnataka,India,Remote,Entry,6,14,4,"Power BI,SQL",IT Services,1323221,466,Master,Internship,2026-05-05,74,Closed
4292,ML Engineer,TechNova,Bengaluru,Delhi,India,Hybrid,Entry,0,19,15,"Tableau,SQL",Finance,1366102,61,Bachelor,Internship,2026-04-12,69,Closed
4293,BI Developer,Accenture,Mumbai,Delhi,India,Onsite,Associate,3,7,9,"Azure,Python",Healthcare,1445804,54,Master,Full-time,2026-04-11,77,Closed
4294,Software Engineer,Accenture,Chennai,Karnataka,India,Remote,Mid,6,17,17,"Azure,Python",Healthcare,520138,445,Bachelor,Internship,2026-06-25,98,Closed
4295,Data Analyst,Wipro,Mumbai,Karnataka,India,Hybrid,Associate,8,28,13,"Tableau,SQL",Education,1006395,30,Master,Contract,2026-01-11,91,Open
4296,ML Engineer,Microsoft,Bengaluru,Karnataka,India,Onsite,Entry,3,6,10,"Azure,Python",Finance,1597382,62,Master,Internship,2026-05-01,53,Closed
4297,Data Analyst,Amazon,Pune,Tamil Nadu,India,Remote,Associate,0,6,7,"Power BI,SQL",Healthcare,519125,6,Bachelor,Internship,2026-05-13,81,Open
4298,BI Developer,Google,Pune,Maharashtra,India,Onsite,Mid,7,16,16,"Python,Pandas",Healthcare,1661359,488,Bachelor,Internship,2026-01-16,51,Closed
4299,Business Analyst,Microsoft,Mumbai,Tamil Nadu,India,Onsite,Senior,8,26,10,"Tableau,SQL",IT Services,420006,311,Master,Full-time,2026-01-25,83,Open
4300,Data Analyst,Capgemini,Delhi,Karnataka,India,Onsite,Associate,7,10,6,"Python,Pandas",Healthcare,1191484,142,Bachelor,Full-time,2026-01-27,82,Open
4301,Software Engineer,TCS,Pune,Delhi,India,Remote,Entry,0,12,19,"Python,Pandas",Retail,316860,348,Master,Full-time,2026-01-25,81,Open
4302,Business Analyst,TechNova,Pune,Karnataka,India,Remote,Associate,8,16,11,"Python,Pandas",IT Services,749804,466,Bachelor,Full-time,2026-02-16,61,Open
4303,BI Developer,TCS,Hyderabad,Tamil Nadu,India,Remote,Mid,0,18,6,"Excel,SQL",Finance,617184,16,Bachelor,Internship,2026-02-20,96,Open
4304,BI Developer,Capgemini,Delhi,Delhi,India,Remote,Associate,5,27,18,"Excel,SQL",Healthcare,709829,260,Master,Full-time,2026-02-03,68,Closed
4305,Business Analyst,TCS,Mumbai,Telangana,India,Remote,Senior,0,25,9,"Tableau,SQL",Education,1597599,384,Bachelor,Contract,2026-06-27,82,Closed
4306,Data Scientist,Amazon,Chennai,Telangana,India,Remote,Entry,8,5,13,"Excel,SQL",Education,730724,466,Master,Internship,2026-01-03,67,Open
4307,Data Analyst,Infosys,Bengaluru,Delhi,India,Remote,Mid,4,12,11,"Tableau,SQL",IT Services,452898,208,Master,Full-time,2026-01-04,90,Open
4308,Business Analyst,TCS,Delhi,Tamil Nadu,India,Remote,Mid,6,8,10,"Tableau,SQL",Retail,759719,20,Bachelor,Internship,2026-05-10,90,Open
4309,Business Analyst,Accenture,Bengaluru,Tamil Nadu,India,Remote,Senior,3,4,19,"Excel,SQL",Healthcare,818686,69,Bachelor,Contract,2026-03-31,77,Open
4310,Software Engineer,TCS,Mumbai,Telangana,India,Remote,Senior,4,15,8,"Azure,Python",Healthcare,592491,71,Bachelor,Full-time,2026-06-15,96,Closed
4311,Software Engineer,Google,Mumbai,Delhi,India,Onsite,Associate,0,27,18,"Python,SQL",Finance,1059831,343,Master,Contract,2026-04-22,50,Open
4312,ML Engineer,Amazon,Hyderabad,Delhi,India,Remote,Senior,5,21,16,"Tableau,SQL",Education,1013379,235,Master,Internship,2026-04-16,52,Closed
4313,Data Scientist,Zoho,Pune,Telangana,India,Onsite,Entry,2,12,13,"Azure,Python",IT Services,980710,482,Bachelor,Full-time,2026-01-24,60,Open
4314,Software Engineer,Accenture,Hyderabad,Karnataka,India,Onsite,Entry,6,25,4,"Excel,SQL",Healthcare,373911,459,Bachelor,Full-time,2026-02-20,64,Open
4315,Data Analyst,Accenture,Delhi,Tamil Nadu,India,Onsite,Entry,3,10,16,"Python,SQL",Healthcare,720900,153,Bachelor,Contract,2026-04-24,89,Open
4316,Data Scientist,Google,Bengaluru,Tamil Nadu,India,Remote,Mid,4,29,15,"Excel,SQL",Retail,1053491,197,Master,Contract,2026-02-02,75,Closed
4317,Software Engineer,Accenture,Bengaluru,Tamil Nadu,India,Remote,Senior,4,24,7,"Tableau,SQL",IT Services,847228,289,Bachelor,Full-time,2026-01-20,59,Closed
4318,Business Analyst,Capgemini,Bengaluru,Telangana,India,Remote,Mid,5,5,6,"Python,Pandas",Healthcare,1274800,432,Bachelor,Full-time,2026-01-14,95,Closed
4319,BI Developer,Infosys,Delhi,Tamil Nadu,India,Onsite,Associate,7,9,16,"Power BI,SQL",Healthcare,1685684,495,Bachelor,Contract,2026-04-26,83,Closed
4320,Data Analyst,TCS,Bengaluru,Karnataka,India,Remote,Associate,2,16,16,"Excel,SQL",IT Services,632092,167,Bachelor,Contract,2026-04-18,63,Closed
4321,BI Developer,Accenture,Chennai,Maharashtra,India,Remote,Associate,7,17,6,"Python,SQL",Healthcare,1234378,48,Master,Contract,2026-03-03,92,Open
4322,Business Analyst,Accenture,Pune,Karnataka,India,Onsite,Associate,1,15,14,"Azure,Python",Retail,1618675,179,Master,Internship,2026-03-13,89,Open
4323,BI Developer,Google,Delhi,Tamil Nadu,India,Remote,Entry,8,10,18,"Azure,Python",Retail,1247176,281,Bachelor,Contract,2026-03-24,83,Open
4324,Business Analyst,TechNova,Delhi,Karnataka,India,Hybrid,Senior,8,29,7,"Python,Pandas",Finance,612757,231,Bachelor,Contract,2026-02-24,84,Open
4325,Data Analyst,Infosys,Delhi,Tamil Nadu,India,Onsite,Senior,2,29,14,"Tableau,SQL",Healthcare,1420302,139,Bachelor,Contract,2026-03-28,64,Closed
4326,Business Analyst,Wipro,Hyderabad,Telangana,India,Hybrid,Entry,1,24,14,"Azure,Python",Retail,607697,83,Master,Contract,2026-01-09,80,Open
4327,Data Analyst,Infosys,Delhi,Tamil Nadu,India,Onsite,Entry,8,12,10,"Power BI,SQL",Healthcare,923346,486,Master,Full-time,2026-02-14,95,Closed
4328,ML Engineer,Google,Delhi,Karnataka,India,Onsite,Senior,1,29,19,"Tableau,SQL",Finance,1662225,413,Bachelor,Internship,2026-02-20,55,Open
4329,Software Engineer,TechNova,Delhi,Tamil Nadu,India,Onsite,Entry,1,23,14,"Tableau,SQL",Healthcare,862873,257,Master,Internship,2026-06-18,80,Open
4330,Data Scientist,Wipro,Hyderabad,Karnataka,India,Remote,Entry,4,22,6,"Excel,SQL",Education,1550494,96,Master,Full-time,2026-02-10,73,Open
4331,Software Engineer,TCS,Mumbai,Karnataka,India,Hybrid,Associate,3,16,10,"Excel,SQL",Finance,1054884,21,Bachelor,Full-time,2026-05-27,91,Closed
4332,BI Developer,Zoho,Pune,Karnataka,India,Hybrid,Mid,1,16,17,"Python,SQL",Retail,1680944,30,Master,Full-time,2026-05-16,64,Closed
4333,Data Analyst,Wipro,Pune,Karnataka,India,Hybrid,Associate,3,11,11,"Tableau,SQL",Finance,812472,276,Bachelor,Contract,2026-02-04,66,Open
4334,Data Scientist,Infosys,Delhi,Delhi,India,Onsite,Senior,0,30,17,"Power BI,SQL",Finance,309930,327,Bachelor,Full-time,2026-01-20,76,Closed
4335,ML Engineer,TechNova,Delhi,Delhi,India,Onsite,Entry,1,22,10,"Python,Pandas",Healthcare,1631425,435,Master,Internship,2026-03-17,86,Open
4336,Data Scientist,TechNova,Bengaluru,Maharashtra,India,Remote,Entry,6,21,11,"Python,SQL",IT Services,957603,214,Bachelor,Full-time,2026-03-28,51,Closed
4337,Data Analyst,Amazon,Hyderabad,Maharashtra,India,Remote,Senior,5,15,10,"Azure,Python",Healthcare,1246425,31,Bachelor,Full-time,2026-01-03,88,Closed
4338,Data Analyst,Zoho,Pune,Tamil Nadu,India,Remote,Senior,7,5,5,"Python,Pandas",Education,429934,432,Master,Full-time,2026-03-08,83,Open
4339,ML Engineer,Wipro,Mumbai,Karnataka,India,Onsite,Entry,0,9,20,"Azure,Python",Retail,707951,66,Bachelor,Contract,2026-04-18,69,Closed
4340,Business Analyst,Google,Bengaluru,Telangana,India,Onsite,Mid,5,28,4,"Python,SQL",Healthcare,1448862,41,Master,Full-time,2026-04-08,80,Open
4341,BI Developer,Zoho,Mumbai,Tamil Nadu,India,Hybrid,Entry,5,27,17,"Python,Pandas",Healthcare,887560,411,Bachelor,Full-time,2026-02-06,67,Open
4342,Software Engineer,Amazon,Pune,Karnataka,India,Remote,Mid,3,30,6,"Python,Pandas",Healthcare,1570942,49,Master,Full-time,2026-01-19,98,Open
4343,Software Engineer,TCS,Chennai,Maharashtra,India,Hybrid,Senior,7,29,8,"Tableau,SQL",Finance,694294,105,Bachelor,Contract,2026-03-29,97,Open
4344,Software Engineer,Zoho,Chennai,Tamil Nadu,India,Remote,Mid,3,9,16,"Power BI,SQL",Retail,581564,129,Bachelor,Contract,2026-02-20,69,Closed
4345,Software Engineer,Microsoft,Bengaluru,Delhi,India,Onsite,Mid,3,24,14,"Excel,SQL",IT Services,1738730,192,Master,Full-time,2026-04-15,64,Closed
4346,Software Engineer,TCS,Mumbai,Karnataka,India,Hybrid,Associate,5,8,19,"Azure,Python",Education,1107460,475,Bachelor,Internship,2026-04-10,84,Closed
4347,Data Analyst,Zoho,Bengaluru,Karnataka,India,Remote,Entry,8,17,10,"Excel,SQL",Finance,434810,367,Master,Contract,2026-02-03,72,Closed
4348,Business Analyst,TCS,Bengaluru,Delhi,India,Hybrid,Senior,8,13,20,"Excel,SQL",Finance,1621813,246,Master,Contract,2026-02-25,77,Closed
4349,ML Engineer,Capgemini,Mumbai,Karnataka,India,Hybrid,Senior,1,24,10,"Python,SQL",IT Services,1736224,121,Master,Contract,2026-06-14,88,Closed
4350,Data Analyst,Google,Hyderabad,Delhi,India,Onsite,Entry,6,22,11,"Python,SQL",Healthcare,1483260,477,Bachelor,Full-time,2026-03-17,80,Closed
4351,Data Analyst,Zoho,Bengaluru,Karnataka,India,Onsite,Associate,6,28,16,"Excel,SQL",Finance,1358305,9,Master,Full-time,2026-04-24,96,Closed
4352,Software Engineer,Wipro,Delhi,Tamil Nadu,India,Hybrid,Senior,8,19,18,"Python,Pandas",Finance,536580,162,Bachelor,Internship,2026-02-10,50,Closed
4353,ML Engineer,Wipro,Delhi,Maharashtra,India,Hybrid,Entry,0,3,16,"Azure,Python",IT Services,560884,496,Master,Internship,2026-01-19,62,Open
4354,Software Engineer,TechNova,Delhi,Maharashtra,India,Hybrid,Senior,4,21,18,"Tableau,SQL",Retail,1516791,456,Master,Full-time,2026-06-16,96,Closed
4355,Data Analyst,Google,Delhi,Karnataka,India,Remote,Senior,4,26,11,"Tableau,SQL",Education,1710420,373,Bachelor,Internship,2026-02-14,55,Closed
4356,Data Scientist,Infosys,Hyderabad,Telangana,India,Onsite,Entry,4,27,7,"Python,Pandas",Education,1473015,418,Bachelor,Full-time,2026-06-05,57,Closed
4357,BI Developer,Amazon,Pune,Karnataka,India,Remote,Senior,7,11,14,"Python,SQL",Healthcare,770109,390,Bachelor,Contract,2026-05-03,86,Closed
4358,BI Developer,Microsoft,Pune,Delhi,India,Onsite,Senior,4,7,9,"Power BI,SQL",Education,433840,108,Bachelor,Contract,2026-04-17,78,Open
4359,Business Analyst,Accenture,Hyderabad,Tamil Nadu,India,Hybrid,Associate,5,5,12,"Python,SQL",IT Services,995689,439,Bachelor,Contract,2026-03-20,64,Closed
4360,ML Engineer,TCS,Hyderabad,Tamil Nadu,India,Hybrid,Entry,2,21,9,"Azure,Python",Education,1157767,408,Bachelor,Contract,2026-04-02,93,Closed
4361,Software Engineer,Capgemini,Delhi,Karnataka,India,Remote,Associate,8,20,20,"Python,SQL",IT Services,878235,15,Bachelor,Full-time,2026-01-15,95,Closed
4362,Software Engineer,Zoho,Pune,Delhi,India,Onsite,Associate,3,3,15,"Excel,SQL",IT Services,1465037,479,Master,Contract,2026-06-10,70,Closed
4363,Software Engineer,Zoho,Delhi,Telangana,India,Onsite,Entry,4,29,17,"Power BI,SQL",Education,845100,202,Master,Internship,2026-02-12,50,Closed
4364,ML Engineer,TCS,Delhi,Telangana,India,Onsite,Entry,2,26,19,"Python,Pandas",Retail,395588,179,Bachelor,Internship,2026-06-20,67,Closed
4365,Data Scientist,Zoho,Chennai,Karnataka,India,Onsite,Senior,4,17,15,"Tableau,SQL",Retail,515999,455,Bachelor,Internship,2026-05-13,96,Open
4366,BI Developer,Wipro,Delhi,Telangana,India,Remote,Associate,8,18,7,"Excel,SQL",Retail,1272080,116,Master,Internship,2026-05-14,81,Open
4367,BI Developer,Amazon,Pune,Delhi,India,Hybrid,Senior,4,15,13,"Azure,Python",Retail,740948,258,Master,Contract,2026-03-16,89,Closed
4368,BI Developer,TechNova,Delhi,Telangana,India,Onsite,Entry,5,14,19,"Power BI,SQL",IT Services,699033,129,Bachelor,Full-time,2026-05-26,64,Closed
4369,Software Engineer,Zoho,Delhi,Maharashtra,India,Onsite,Senior,0,29,8,"Power BI,SQL",Healthcare,1034010,80,Bachelor,Full-time,2026-01-26,62,Open
4370,Data Analyst,Infosys,Bengaluru,Delhi,India,Hybrid,Associate,2,24,12,"Python,SQL",IT Services,1063337,29,Bachelor,Contract,2026-05-11,86,Closed
4371,Software Engineer,TechNova,Bengaluru,Karnataka,India,Onsite,Mid,2,25,4,"Excel,SQL",Finance,1313706,67,Bachelor,Full-time,2026-05-16,79,Closed
4372,Business Analyst,Capgemini,Mumbai,Telangana,India,Remote,Senior,1,7,4,"Tableau,SQL",Healthcare,472829,450,Bachelor,Contract,2026-04-09,55,Closed
4373,BI Developer,TCS,Chennai,Tamil Nadu,India,Hybrid,Senior,7,29,20,"Excel,SQL",Education,1694068,479,Master,Contract,2026-04-20,70,Open
4374,Data Scientist,TechNova,Mumbai,Telangana,India,Hybrid,Entry,6,7,6,"Azure,Python",Retail,1114059,152,Bachelor,Contract,2026-01-23,96,Open
4375,Software Engineer,Microsoft,Delhi,Tamil Nadu,India,Onsite,Entry,0,27,17,"Power BI,SQL",Retail,1109949,488,Bachelor,Contract,2026-01-09,54,Open
4376,BI Developer,Wipro,Delhi,Telangana,India,Remote,Associate,0,25,19,"Excel,SQL",IT Services,1628973,436,Master,Internship,2026-04-11,66,Closed
4377,Data Scientist,Amazon,Delhi,Delhi,India,Remote,Entry,1,29,7,"Excel,SQL",IT Services,1194600,362,Bachelor,Internship,2026-04-30,55,Closed
4378,Data Scientist,Infosys,Chennai,Tamil Nadu,India,Remote,Entry,6,3,5,"Excel,SQL",IT Services,1465581,232,Master,Full-time,2026-06-23,61,Open
4379,ML Engineer,Google,Chennai,Telangana,India,Hybrid,Associate,2,18,20,"Tableau,SQL",Healthcare,1037283,117,Master,Internship,2026-02-16,76,Open
4380,Software Engineer,TechNova,Chennai,Karnataka,India,Hybrid,Entry,3,27,19,"Tableau,SQL",Healthcare,440828,495,Master,Internship,2026-03-19,67,Open
4381,BI Developer,Google,Bengaluru,Telangana,India,Onsite,Senior,3,23,9,"Python,SQL",Healthcare,1686517,305,Bachelor,Full-time,2026-04-28,97,Closed
4382,Data Scientist,Microsoft,Chennai,Karnataka,India,Remote,Mid,6,9,17,"Python,SQL",Healthcare,717771,257,Master,Full-time,2026-06-15,87,Closed
4383,BI Developer,Amazon,Chennai,Delhi,India,Hybrid,Mid,4,28,12,"Tableau,SQL",Finance,814437,458,Master,Internship,2026-04-16,89,Closed
4384,Data Scientist,Zoho,Delhi,Maharashtra,India,Onsite,Mid,3,27,11,"Azure,Python",Finance,1419265,199,Bachelor,Internship,2026-05-05,83,Open
4385,Data Analyst,Microsoft,Mumbai,Tamil Nadu,India,Hybrid,Mid,8,3,8,"Python,SQL",Retail,1001744,53,Bachelor,Full-time,2026-02-11,94,Open
4386,Software Engineer,Microsoft,Bengaluru,Delhi,India,Onsite,Entry,2,4,4,"Excel,SQL",Retail,1128827,350,Bachelor,Full-time,2026-04-10,59,Open
4387,Business Analyst,Amazon,Hyderabad,Maharashtra,India,Onsite,Mid,5,18,13,"Python,Pandas",Finance,1630864,163,Bachelor,Internship,2026-03-29,70,Closed
4388,Business Analyst,Infosys,Chennai,Delhi,India,Onsite,Associate,5,8,11,"Python,SQL",Healthcare,1087115,38,Bachelor,Internship,2026-01-01,77,Open
4389,ML Engineer,TCS,Chennai,Delhi,India,Onsite,Senior,8,10,13,"Azure,Python",Education,419802,481,Bachelor,Internship,2026-05-20,67,Closed
4390,Data Scientist,Capgemini,Delhi,Delhi,India,Onsite,Entry,8,16,19,"Python,SQL",Retail,1342270,446,Master,Full-time,2026-06-15,69,Open
4391,Data Scientist,Infosys,Mumbai,Karnataka,India,Remote,Mid,0,13,9,"Power BI,SQL",Healthcare,763476,75,Bachelor,Contract,2026-03-17,94,Closed
4392,ML Engineer,TechNova,Chennai,Delhi,India,Remote,Entry,5,28,7,"Tableau,SQL",Healthcare,667780,289,Master,Internship,2026-01-22,70,Closed
4393,Data Analyst,Amazon,Hyderabad,Tamil Nadu,India,Remote,Entry,6,5,4,"Python,Pandas",Retail,773876,495,Bachelor,Full-time,2026-03-07,90,Closed
4394,ML Engineer,TCS,Hyderabad,Karnataka,India,Remote,Associate,6,19,17,"Power BI,SQL",Education,1420364,144,Master,Contract,2026-06-28,84,Closed
4395,ML Engineer,Infosys,Chennai,Telangana,India,Onsite,Senior,3,13,14,"Python,SQL",Retail,435874,216,Master,Internship,2026-04-23,75,Closed
4396,Business Analyst,Zoho,Mumbai,Delhi,India,Onsite,Senior,8,6,7,"Azure,Python",Retail,540341,148,Bachelor,Contract,2026-05-13,62,Open
4397,BI Developer,Microsoft,Bengaluru,Maharashtra,India,Hybrid,Mid,2,15,14,"Tableau,SQL",IT Services,1016847,158,Master,Internship,2026-05-11,62,Open
4398,Data Analyst,Zoho,Pune,Maharashtra,India,Hybrid,Associate,1,24,18,"Tableau,SQL",Healthcare,1087345,339,Bachelor,Internship,2026-02-19,75,Open
4399,Data Analyst,Infosys,Mumbai,Maharashtra,India,Hybrid,Senior,4,27,18,"Python,SQL",Healthcare,1374515,266,Master,Internship,2026-01-12,92,Closed
4400,Data Scientist,Amazon,Hyderabad,Delhi,India,Remote,Senior,1,21,16,"Power BI,SQL",Retail,920461,272,Master,Internship,2026-02-09,87,Closed
4401,Business Analyst,TCS,Pune,Tamil Nadu,India,Onsite,Entry,4,10,15,"Tableau,SQL",IT Services,1665084,204,Master,Internship,2026-05-28,88,Open
4402,Software Engineer,Amazon,Pune,Maharashtra,India,Remote,Entry,0,28,20,"Azure,Python",IT Services,1596794,331,Master,Full-time,2026-03-28,65,Open
4403,Software Engineer,Accenture,Chennai,Karnataka,India,Onsite,Senior,3,19,18,"Azure,Python",IT Services,1206428,233,Bachelor,Internship,2026-01-03,58,Open
4404,BI Developer,Google,Chennai,Tamil Nadu,India,Remote,Entry,2,3,4,"Excel,SQL",Finance,1402160,180,Master,Internship,2026-03-20,52,Closed
4405,Business Analyst,Accenture,Mumbai,Telangana,India,Hybrid,Associate,5,21,20,"Python,SQL",Retail,1202250,355,Bachelor,Internship,2026-01-05,56,Closed
4406,Data Scientist,TechNova,Pune,Tamil Nadu,India,Remote,Entry,3,3,15,"Power BI,SQL",Education,1375947,448,Master,Internship,2026-03-13,60,Closed
4407,BI Developer,Microsoft,Delhi,Tamil Nadu,India,Remote,Mid,0,24,9,"Python,SQL",IT Services,1232815,496,Master,Full-time,2026-03-01,73,Closed
4408,ML Engineer,Accenture,Hyderabad,Delhi,India,Remote,Senior,8,3,4,"Python,SQL",Healthcare,1500721,303,Bachelor,Contract,2026-02-24,87,Closed
4409,Business Analyst,Infosys,Delhi,Delhi,India,Remote,Entry,8,14,5,"Power BI,SQL",Healthcare,1581159,366,Master,Full-time,2026-02-07,82,Open
4410,Business Analyst,Zoho,Pune,Tamil Nadu,India,Remote,Associate,6,10,16,"Excel,SQL",IT Services,1173718,27,Master,Contract,2026-06-19,67,Open
4411,Data Scientist,Microsoft,Pune,Maharashtra,India,Onsite,Senior,4,23,13,"Excel,SQL",Healthcare,1547654,137,Bachelor,Internship,2026-02-07,50,Closed
4412,Software Engineer,Infosys,Bengaluru,Telangana,India,Onsite,Senior,6,15,8,"Excel,SQL",Education,1705349,54,Master,Contract,2026-01-13,82,Open
4413,BI Developer,Zoho,Delhi,Tamil Nadu,India,Onsite,Mid,8,28,11,"Python,SQL",Healthcare,1255188,13,Master,Internship,2026-01-11,67,Closed
4414,Data Scientist,TCS,Hyderabad,Maharashtra,India,Onsite,Senior,3,25,15,"Azure,Python",Healthcare,1333372,3,Master,Full-time,2026-03-13,52,Closed
4415,BI Developer,Google,Chennai,Delhi,India,Remote,Mid,0,29,5,"Power BI,SQL",IT Services,792163,347,Bachelor,Full-time,2026-06-25,55,Closed
4416,ML Engineer,TCS,Mumbai,Maharashtra,India,Hybrid,Mid,3,20,12,"Python,SQL",Retail,714595,344,Bachelor,Contract,2026-05-09,79,Closed
4417,Software Engineer,TCS,Hyderabad,Maharashtra,India,Remote,Associate,2,21,15,"Tableau,SQL",Education,1686064,29,Master,Contract,2026-03-19,50,Open
4418,Data Scientist,Wipro,Pune,Tamil Nadu,India,Onsite,Senior,6,25,6,"Excel,SQL",Finance,533379,424,Master,Full-time,2026-03-30,54,Open
4419,BI Developer,Infosys,Bengaluru,Telangana,India,Remote,Senior,1,20,12,"Power BI,SQL",Finance,1776333,106,Bachelor,Contract,2026-05-12,90,Open
4420,ML Engineer,Wipro,Pune,Telangana,India,Hybrid,Mid,7,3,7,"Azure,Python",Finance,322315,234,Bachelor,Full-time,2026-01-31,69,Open
4421,Software Engineer,Capgemini,Pune,Tamil Nadu,India,Onsite,Mid,0,5,6,"Python,Pandas",Education,717087,352,Bachelor,Full-time,2026-02-12,93,Open
4422,Data Scientist,Capgemini,Mumbai,Telangana,India,Hybrid,Associate,3,9,19,"Python,SQL",Healthcare,1274100,333,Master,Internship,2026-03-21,92,Closed
4423,BI Developer,Zoho,Chennai,Maharashtra,India,Onsite,Entry,8,14,17,"Python,Pandas",IT Services,876538,441,Bachelor,Internship,2026-01-27,67,Open
4424,Data Analyst,TechNova,Pune,Karnataka,India,Onsite,Entry,3,24,4,"Power BI,SQL",IT Services,1787839,359,Master,Contract,2026-06-18,93,Closed
4425,BI Developer,TCS,Mumbai,Delhi,India,Onsite,Mid,0,9,18,"Tableau,SQL",Finance,867241,98,Master,Internship,2026-05-06,52,Closed
4426,Software Engineer,TechNova,Chennai,Tamil Nadu,India,Hybrid,Mid,5,7,18,"Python,SQL",Retail,1574076,480,Bachelor,Full-time,2026-01-03,61,Open
4427,Business Analyst,Accenture,Mumbai,Karnataka,India,Onsite,Entry,4,24,6,"Azure,Python",Retail,692019,121,Bachelor,Internship,2026-01-15,58,Closed
4428,Data Scientist,TechNova,Chennai,Maharashtra,India,Onsite,Associate,7,10,12,"Tableau,SQL",Retail,566592,461,Bachelor,Internship,2026-02-10,69,Open
4429,Data Scientist,Microsoft,Hyderabad,Telangana,India,Hybrid,Senior,3,7,20,"Python,SQL",Education,850941,116,Master,Full-time,2026-04-05,50,Open
4430,Data Scientist,TechNova,Delhi,Telangana,India,Onsite,Senior,1,23,10,"Tableau,SQL",IT Services,749711,442,Bachelor,Full-time,2026-03-07,93,Open
4431,Software Engineer,Zoho,Hyderabad,Tamil Nadu,India,Onsite,Senior,4,20,6,"Python,SQL",Education,735626,170,Master,Full-time,2026-01-26,73,Open
4432,Business Analyst,Wipro,Pune,Delhi,India,Remote,Senior,1,19,7,"Python,Pandas",IT Services,547283,106,Bachelor,Contract,2026-03-12,67,Closed
4433,Data Scientist,TechNova,Bengaluru,Delhi,India,Hybrid,Entry,6,5,7,"Azure,Python",Education,1275520,326,Bachelor,Contract,2026-03-04,65,Closed
4434,Data Scientist,Amazon,Pune,Tamil Nadu,India,Onsite,Mid,4,19,16,"Excel,SQL",Healthcare,1389436,371,Bachelor,Internship,2026-05-06,54,Closed
4435,BI Developer,TechNova,Pune,Karnataka,India,Remote,Entry,8,16,11,"Azure,Python",Finance,1342882,389,Master,Internship,2026-05-06,78,Open
4436,Data Analyst,Infosys,Bengaluru,Maharashtra,India,Onsite,Mid,8,3,7,"Python,SQL",Finance,1305220,66,Master,Full-time,2026-05-21,68,Open
4437,Data Scientist,TCS,Mumbai,Telangana,India,Hybrid,Entry,6,19,8,"Power BI,SQL",Education,1490410,49,Master,Full-time,2026-05-12,84,Closed
4438,Software Engineer,Infosys,Pune,Tamil Nadu,India,Hybrid,Entry,1,23,18,"Excel,SQL",Retail,1293151,41,Bachelor,Full-time,2026-06-23,95,Closed
4439,Software Engineer,TechNova,Mumbai,Karnataka,India,Remote,Senior,6,13,6,"Python,Pandas",Education,764814,422,Bachelor,Full-time,2026-02-28,74,Closed
4440,BI Developer,TCS,Hyderabad,Tamil Nadu,India,Onsite,Associate,8,24,15,"Azure,Python",Education,717020,471,Bachelor,Internship,2026-03-12,93,Open
4441,Business Analyst,Accenture,Chennai,Karnataka,India,Hybrid,Associate,5,14,5,"Excel,SQL",Finance,1375884,367,Master,Internship,2026-05-07,92,Closed
4442,ML Engineer,Wipro,Pune,Maharashtra,India,Hybrid,Senior,8,9,6,"Excel,SQL",Education,1338065,321,Master,Full-time,2026-01-08,75,Closed
4443,Software Engineer,TechNova,Mumbai,Maharashtra,India,Hybrid,Associate,2,10,4,"Python,Pandas",Healthcare,613961,128,Master,Contract,2026-03-11,59,Closed
4444,Data Analyst,Microsoft,Delhi,Telangana,India,Onsite,Entry,1,19,16,"Python,Pandas",Finance,1424191,75,Bachelor,Full-time,2026-06-02,93,Closed
4445,BI Developer,Accenture,Pune,Delhi,India,Onsite,Entry,1,23,15,"Python,SQL",Healthcare,432028,420,Bachelor,Contract,2026-05-30,72,Open
4446,Software Engineer,Wipro,Mumbai,Delhi,India,Remote,Mid,1,3,11,"Python,Pandas",Healthcare,1763659,425,Bachelor,Full-time,2026-02-14,59,Closed
4447,ML Engineer,Amazon,Hyderabad,Maharashtra,India,Onsite,Senior,7,16,11,"Azure,Python",IT Services,1588153,363,Master,Full-time,2026-04-08,83,Closed
4448,Data Scientist,Infosys,Hyderabad,Tamil Nadu,India,Onsite,Mid,1,16,20,"Excel,SQL",Retail,1386513,447,Bachelor,Full-time,2026-06-29,76,Open
4449,Software Engineer,TCS,Mumbai,Karnataka,India,Onsite,Associate,7,24,4,"Excel,SQL",Healthcare,1607979,430,Master,Contract,2026-05-09,88,Open
4450,ML Engineer,TCS,Hyderabad,Maharashtra,India,Onsite,Mid,2,13,14,"Azure,Python",Retail,1741432,493,Bachelor,Internship,2026-02-26,94,Open
4451,Data Scientist,TCS,Chennai,Delhi,India,Onsite,Mid,2,18,14,"Power BI,SQL",Retail,1166258,76,Bachelor,Full-time,2026-03-18,94,Closed
4452,Business Analyst,Capgemini,Chennai,Karnataka,India,Onsite,Associate,2,20,10,"Python,Pandas",IT Services,1545055,136,Bachelor,Contract,2026-03-18,56,Open
4453,BI Developer,Zoho,Hyderabad,Telangana,India,Hybrid,Mid,0,29,12,"Python,Pandas",Finance,1575836,144,Master,Internship,2026-02-26,78,Closed
4454,BI Developer,Infosys,Bengaluru,Telangana,India,Hybrid,Mid,2,28,20,"Python,SQL",Retail,1748349,191,Bachelor,Internship,2026-03-07,77,Open
4455,Data Scientist,Amazon,Pune,Telangana,India,Onsite,Mid,0,8,20,"Power BI,SQL",IT Services,1250825,129,Master,Contract,2026-01-06,68,Closed
4456,Data Scientist,Microsoft,Delhi,Telangana,India,Remote,Mid,4,30,13,"Azure,Python",Education,1216028,472,Bachelor,Contract,2026-05-31,93,Closed
4457,Business Analyst,Google,Chennai,Karnataka,India,Hybrid,Associate,7,15,4,"Tableau,SQL",Education,1237354,266,Bachelor,Internship,2026-01-17,80,Open
4458,Software Engineer,Amazon,Chennai,Karnataka,India,Remote,Senior,4,3,5,"Python,Pandas",Finance,1164684,146,Bachelor,Full-time,2026-04-02,61,Open
4459,ML Engineer,TCS,Pune,Karnataka,India,Hybrid,Mid,0,11,11,"Power BI,SQL",Healthcare,1547286,194,Master,Internship,2026-05-02,71,Closed
4460,Software Engineer,Google,Chennai,Maharashtra,India,Hybrid,Entry,6,16,14,"Tableau,SQL",Finance,1033813,113,Master,Internship,2026-06-06,96,Open
4461,ML Engineer,Google,Hyderabad,Tamil Nadu,India,Hybrid,Associate,2,21,18,"Python,SQL",Education,1575306,184,Bachelor,Full-time,2026-06-16,69,Closed
4462,Software Engineer,Amazon,Delhi,Tamil Nadu,India,Remote,Entry,6,27,19,"Python,Pandas",Healthcare,1271804,251,Bachelor,Full-time,2026-05-28,51,Closed
4463,Business Analyst,TechNova,Bengaluru,Maharashtra,India,Onsite,Entry,1,9,6,"Excel,SQL",Education,1373119,298,Bachelor,Internship,2026-03-01,84,Closed
4464,Data Scientist,TCS,Hyderabad,Telangana,India,Hybrid,Associate,6,30,6,"Azure,Python",Healthcare,777985,123,Master,Contract,2026-03-07,98,Open
4465,BI Developer,Accenture,Mumbai,Maharashtra,India,Remote,Associate,2,9,19,"Azure,Python",Finance,1637924,337,Master,Contract,2026-04-16,89,Closed
4466,Data Analyst,Wipro,Mumbai,Delhi,India,Hybrid,Entry,1,15,9,"Tableau,SQL",Finance,1216206,69,Master,Contract,2026-06-25,53,Open
4467,ML Engineer,Wipro,Mumbai,Telangana,India,Onsite,Associate,3,18,18,"Python,SQL",IT Services,1260384,107,Master,Internship,2026-05-15,90,Open
4468,Business Analyst,Amazon,Chennai,Delhi,India,Remote,Entry,2,26,18,"Power BI,SQL",IT Services,595874,186,Master,Internship,2026-02-06,70,Open
4469,Software Engineer,Zoho,Hyderabad,Telangana,India,Remote,Associate,1,10,9,"Python,SQL",Education,555101,266,Bachelor,Contract,2026-06-01,84,Open
4470,Software Engineer,Infosys,Bengaluru,Karnataka,India,Hybrid,Entry,7,27,18,"Azure,Python",Finance,854224,170,Master,Contract,2026-04-07,96,Open
4471,Business Analyst,TechNova,Pune,Tamil Nadu,India,Hybrid,Entry,6,27,19,"Power BI,SQL",Finance,475251,317,Master,Contract,2026-06-21,52,Open
4472,Data Scientist,Accenture,Hyderabad,Maharashtra,India,Onsite,Mid,1,10,4,"Azure,Python",IT Services,1052413,268,Bachelor,Full-time,2026-01-16,87,Open
4473,ML Engineer,Zoho,Delhi,Tamil Nadu,India,Onsite,Associate,2,25,6,"Azure,Python",IT Services,599095,387,Bachelor,Full-time,2026-04-15,60,Closed
4474,Data Scientist,Amazon,Bengaluru,Karnataka,India,Remote,Mid,6,15,11,"Excel,SQL",Retail,375416,419,Master,Full-time,2026-04-13,67,Closed
4475,BI Developer,Amazon,Chennai,Delhi,India,Remote,Senior,3,21,13,"Power BI,SQL",Healthcare,1240231,178,Master,Internship,2026-04-16,78,Open
4476,Business Analyst,Accenture,Delhi,Maharashtra,India,Onsite,Senior,2,18,19,"Power BI,SQL",Healthcare,1474449,247,Bachelor,Full-time,2026-04-29,55,Open
4477,Business Analyst,Zoho,Delhi,Maharashtra,India,Onsite,Entry,6,8,19,"Python,SQL",Education,580748,42,Master,Contract,2026-06-09,72,Closed
4478,Data Analyst,Wipro,Chennai,Telangana,India,Onsite,Entry,0,13,9,"Power BI,SQL",IT Services,555375,361,Master,Full-time,2026-04-12,89,Open
4479,BI Developer,Infosys,Delhi,Telangana,India,Onsite,Associate,6,9,6,"Azure,Python",Education,1392892,61,Master,Contract,2026-06-07,81,Open
4480,Data Analyst,TechNova,Chennai,Maharashtra,India,Onsite,Entry,7,3,11,"Power BI,SQL",Education,1432603,391,Master,Full-time,2026-04-27,90,Closed
4481,Software Engineer,Zoho,Bengaluru,Karnataka,India,Remote,Entry,0,19,12,"Python,SQL",IT Services,1666524,269,Bachelor,Full-time,2026-02-10,60,Closed
4482,Data Analyst,TechNova,Bengaluru,Karnataka,India,Hybrid,Mid,7,15,20,"Tableau,SQL",Finance,1552997,482,Master,Full-time,2026-01-29,75,Open
4483,Business Analyst,Zoho,Chennai,Maharashtra,India,Hybrid,Associate,4,15,12,"Excel,SQL",Finance,728069,339,Bachelor,Full-time,2026-06-27,87,Open
4484,BI Developer,Amazon,Bengaluru,Maharashtra,India,Hybrid,Senior,0,14,13,"Python,Pandas",IT Services,1233034,284,Bachelor,Contract,2026-04-24,67,Closed
4485,BI Developer,Infosys,Hyderabad,Tamil Nadu,India,Remote,Senior,3,7,17,"Python,SQL",Retail,821682,86,Master,Contract,2026-05-19,85,Open
4486,Data Scientist,Zoho,Hyderabad,Tamil Nadu,India,Remote,Senior,2,16,20,"Python,SQL",Retail,1049807,396,Bachelor,Contract,2026-04-26,98,Open
4487,ML Engineer,Zoho,Pune,Maharashtra,India,Onsite,Mid,1,8,17,"Azure,Python",Education,1703504,326,Master,Full-time,2026-05-07,53,Closed
4488,Data Analyst,Amazon,Mumbai,Delhi,India,Remote,Entry,0,4,10,"Azure,Python",Education,990362,33,Bachelor,Internship,2026-06-08,64,Open
4489,Data Analyst,Google,Pune,Maharashtra,India,Onsite,Entry,2,30,9,"Python,Pandas",Education,1442601,265,Bachelor,Full-time,2026-03-21,75,Closed
4490,ML Engineer,TCS,Delhi,Delhi,India,Onsite,Entry,2,15,11,"Python,SQL",Finance,1298688,305,Bachelor,Full-time,2026-03-15,79,Closed
4491,BI Developer,Wipro,Chennai,Karnataka,India,Onsite,Mid,0,9,9,"Tableau,SQL",Retail,796663,71,Bachelor,Internship,2026-06-09,71,Closed
4492,ML Engineer,TechNova,Delhi,Tamil Nadu,India,Onsite,Associate,2,9,8,"Azure,Python",Finance,351868,362,Bachelor,Full-time,2026-05-25,61,Closed
4493,Data Scientist,Google,Pune,Karnataka,India,Hybrid,Mid,5,20,15,"Python,Pandas",Retail,1590312,118,Master,Contract,2026-05-06,51,Closed
4494,Data Analyst,Amazon,Hyderabad,Delhi,India,Hybrid,Associate,2,7,14,"Python,SQL",Retail,1559607,168,Bachelor,Full-time,2026-03-21,90,Open
4495,Business Analyst,Accenture,Bengaluru,Delhi,India,Onsite,Senior,3,11,15,"Azure,Python",Education,790437,8,Bachelor,Full-time,2026-04-18,78,Open
4496,Data Analyst,Zoho,Hyderabad,Tamil Nadu,India,Onsite,Senior,1,5,4,"Python,SQL",Healthcare,1715868,228,Bachelor,Internship,2026-05-06,51,Open
4497,Data Analyst,Zoho,Bengaluru,Maharashtra,India,Remote,Associate,5,29,9,"Azure,Python",Finance,711389,149,Master,Internship,2026-01-05,54,Closed
4498,Software Engineer,Accenture,Mumbai,Tamil Nadu,India,Remote,Associate,6,24,13,"Python,Pandas",Healthcare,778996,147,Master,Internship,2026-03-07,66,Closed
4499,BI Developer,Infosys,Chennai,Karnataka,India,Hybrid,Mid,7,8,9,"Python,SQL",Education,654104,42,Bachelor,Full-time,2026-02-24,88,Closed
4500,ML Engineer,Amazon,Pune,Maharashtra,India,Onsite,Mid,8,26,13,"Excel,SQL",IT Services,1484683,432,Bachelor,Contract,2026-01-08,91,Closed
4501,ML Engineer,Infosys,Bengaluru,Tamil Nadu,India,Hybrid,Mid,8,29,20,"Python,Pandas",Retail,1689808,392,Bachelor,Internship,2026-03-06,61,Open
4502,Data Scientist,Microsoft,Pune,Tamil Nadu,India,Remote,Associate,8,8,9,"Azure,Python",IT Services,1681541,491,Master,Full-time,2026-06-19,65,Closed
4503,Data Analyst,Google,Pune,Tamil Nadu,India,Remote,Senior,2,7,17,"Python,SQL",Education,1666650,490,Bachelor,Contract,2026-05-22,93,Closed
4504,Data Scientist,Infosys,Delhi,Tamil Nadu,India,Hybrid,Senior,4,19,15,"Excel,SQL",Finance,396885,65,Master,Contract,2026-06-15,60,Closed
4505,Data Analyst,Accenture,Bengaluru,Karnataka,India,Onsite,Senior,6,6,5,"Power BI,SQL",IT Services,1377462,261,Bachelor,Full-time,2026-03-17,92,Closed
4506,ML Engineer,Google,Mumbai,Telangana,India,Remote,Mid,7,26,4,"Power BI,SQL",Healthcare,812253,250,Bachelor,Internship,2026-04-08,66,Closed
4507,ML Engineer,Wipro,Chennai,Tamil Nadu,India,Hybrid,Entry,7,9,14,"Power BI,SQL",Education,1018101,371,Bachelor,Internship,2026-03-13,56,Closed
4508,Software Engineer,Infosys,Hyderabad,Maharashtra,India,Remote,Mid,5,14,6,"Excel,SQL",Healthcare,903460,370,Bachelor,Full-time,2026-04-07,67,Open
4509,Data Scientist,Microsoft,Chennai,Karnataka,India,Onsite,Associate,0,19,11,"Python,SQL",Retail,1400201,56,Master,Internship,2026-03-26,95,Closed
4510,BI Developer,Infosys,Chennai,Tamil Nadu,India,Hybrid,Entry,6,12,8,"Power BI,SQL",Education,1495009,34,Master,Full-time,2026-06-23,68,Open
4511,Data Scientist,Amazon,Delhi,Tamil Nadu,India,Hybrid,Senior,2,4,16,"Tableau,SQL",Retail,1211598,298,Master,Contract,2026-02-23,52,Open
4512,Business Analyst,Capgemini,Hyderabad,Telangana,India,Hybrid,Entry,2,22,9,"Azure,Python",Retail,571511,388,Master,Internship,2026-03-13,83,Open
4513,Data Analyst,Capgemini,Hyderabad,Telangana,India,Onsite,Entry,1,18,13,"Azure,Python",Education,385365,213,Bachelor,Full-time,2026-03-04,65,Open
4514,Software Engineer,Wipro,Delhi,Maharashtra,India,Onsite,Associate,5,25,10,"Azure,Python",Finance,1079781,376,Bachelor,Full-time,2026-04-10,63,Open
4515,Software Engineer,Zoho,Bengaluru,Tamil Nadu,India,Remote,Entry,4,15,4,"Tableau,SQL",Education,1682165,86,Bachelor,Internship,2026-03-13,75,Closed
4516,Data Analyst,Capgemini,Delhi,Delhi,India,Hybrid,Entry,0,7,20,"Tableau,SQL",Education,1044574,33,Bachelor,Contract,2026-05-27,70,Closed
4517,BI Developer,TCS,Bengaluru,Maharashtra,India,Onsite,Mid,4,27,7,"Azure,Python",Finance,1082500,267,Master,Full-time,2026-06-21,58,Closed
4518,Business Analyst,TCS,Hyderabad,Karnataka,India,Onsite,Mid,6,14,7,"Excel,SQL",Finance,950462,445,Master,Contract,2026-01-28,72,Open
4519,BI Developer,Accenture,Delhi,Tamil Nadu,India,Hybrid,Associate,0,5,20,"Azure,Python",IT Services,1615297,425,Master,Internship,2026-03-03,86,Open
4520,Data Scientist,Zoho,Mumbai,Tamil Nadu,India,Onsite,Senior,3,26,15,"Python,SQL",IT Services,804209,126,Bachelor,Contract,2026-04-25,54,Closed
4521,BI Developer,Wipro,Chennai,Tamil Nadu,India,Hybrid,Senior,6,25,4,"Excel,SQL",Finance,1287716,19,Master,Full-time,2026-05-24,87,Open
4522,Data Analyst,Zoho,Bengaluru,Karnataka,India,Remote,Entry,4,14,11,"Excel,SQL",Finance,1007818,16,Bachelor,Contract,2026-05-01,57,Closed
4523,Data Scientist,Capgemini,Bengaluru,Delhi,India,Remote,Associate,1,20,19,"Python,Pandas",Retail,1563445,152,Master,Contract,2026-03-08,52,Open
4524,Software Engineer,Capgemini,Chennai,Delhi,India,Hybrid,Mid,2,9,18,"Python,SQL",Healthcare,889204,248,Master,Internship,2026-02-19,98,Closed
4525,BI Developer,Amazon,Hyderabad,Telangana,India,Remote,Entry,7,28,15,"Power BI,SQL",Retail,1087728,81,Master,Full-time,2026-02-16,80,Open
4526,BI Developer,Microsoft,Pune,Tamil Nadu,India,Remote,Associate,2,10,15,"Excel,SQL",Education,1147016,424,Bachelor,Full-time,2026-01-20,57,Open
4527,Software Engineer,TechNova,Delhi,Karnataka,India,Remote,Mid,5,23,9,"Azure,Python",Healthcare,727590,299,Bachelor,Full-time,2026-02-04,50,Open
4528,BI Developer,Infosys,Hyderabad,Telangana,India,Hybrid,Senior,0,18,5,"Excel,SQL",Finance,1154318,208,Bachelor,Contract,2026-06-25,89,Open
4529,ML Engineer,Amazon,Hyderabad,Telangana,India,Remote,Mid,5,10,13,"Tableau,SQL",Finance,1100378,155,Master,Full-time,2026-05-15,51,Open
4530,Business Analyst,Amazon,Bengaluru,Delhi,India,Remote,Senior,5,3,14,"Power BI,SQL",Retail,608476,435,Master,Contract,2026-04-02,64,Open
4531,Data Scientist,TechNova,Delhi,Maharashtra,India,Onsite,Associate,1,7,14,"Python,SQL",Finance,1678606,311,Bachelor,Contract,2026-01-31,52,Closed
4532,ML Engineer,Wipro,Bengaluru,Delhi,India,Hybrid,Mid,0,17,5,"Tableau,SQL",Healthcare,981424,295,Bachelor,Full-time,2026-03-01,65,Open
4533,Software Engineer,Infosys,Bengaluru,Karnataka,India,Hybrid,Associate,7,4,10,"Python,SQL",Finance,1452655,296,Bachelor,Contract,2026-05-02,87,Open
4534,Data Analyst,Google,Pune,Telangana,India,Hybrid,Associate,5,8,6,"Power BI,SQL",Healthcare,950417,172,Bachelor,Internship,2026-02-04,80,Open
4535,Data Analyst,Accenture,Bengaluru,Maharashtra,India,Onsite,Mid,0,29,10,"Python,SQL",Retail,1333905,411,Master,Internship,2026-06-07,91,Closed
4536,ML Engineer,Wipro,Hyderabad,Delhi,India,Onsite,Senior,8,28,4,"Azure,Python",IT Services,482023,52,Bachelor,Internship,2026-01-27,80,Open
4537,ML Engineer,Zoho,Delhi,Telangana,India,Remote,Entry,5,19,12,"Azure,Python",Finance,370741,302,Master,Contract,2026-03-28,94,Closed
4538,Data Analyst,Google,Mumbai,Delhi,India,Remote,Mid,8,25,12,"Python,Pandas",Education,389316,406,Bachelor,Internship,2026-06-29,57,Closed
4539,BI Developer,Zoho,Pune,Telangana,India,Hybrid,Senior,2,14,16,"Python,Pandas",Education,1709117,270,Bachelor,Internship,2026-05-27,71,Closed
4540,ML Engineer,Google,Mumbai,Tamil Nadu,India,Onsite,Mid,2,4,11,"Azure,Python",IT Services,1384476,257,Master,Internship,2026-06-22,60,Open
4541,ML Engineer,Amazon,Mumbai,Tamil Nadu,India,Onsite,Senior,0,24,16,"Excel,SQL",Finance,1219080,140,Master,Full-time,2026-04-19,62,Closed
4542,ML Engineer,Google,Bengaluru,Tamil Nadu,India,Onsite,Mid,0,12,17,"Python,SQL",Finance,1426837,390,Bachelor,Full-time,2026-01-17,68,Closed
4543,Data Scientist,Amazon,Pune,Karnataka,India,Hybrid,Senior,6,29,9,"Power BI,SQL",IT Services,1470594,376,Bachelor,Internship,2026-05-03,98,Open
4544,Business Analyst,Microsoft,Chennai,Telangana,India,Remote,Entry,0,15,6,"Power BI,SQL",Retail,650713,150,Master,Internship,2026-02-18,93,Closed
4545,ML Engineer,Capgemini,Hyderabad,Delhi,India,Hybrid,Entry,0,17,18,"Power BI,SQL",IT Services,427601,216,Bachelor,Full-time,2026-01-22,90,Open
4546,Business Analyst,Microsoft,Mumbai,Tamil Nadu,India,Onsite,Senior,4,24,8,"Python,Pandas",Retail,1638529,452,Bachelor,Internship,2026-04-16,78,Open
4547,BI Developer,Accenture,Pune,Delhi,India,Onsite,Mid,1,11,19,"Python,SQL",Retail,605492,272,Bachelor,Full-time,2026-02-14,62,Closed
4548,Data Scientist,TechNova,Bengaluru,Delhi,India,Hybrid,Entry,6,22,8,"Python,SQL",Retail,977521,250,Bachelor,Internship,2026-05-30,66,Closed
4549,Data Scientist,Google,Bengaluru,Telangana,India,Remote,Mid,8,17,19,"Tableau,SQL",Finance,1131344,174,Bachelor,Full-time,2026-06-01,58,Closed
4550,BI Developer,Amazon,Hyderabad,Delhi,India,Hybrid,Mid,3,20,9,"Azure,Python",Education,1367943,188,Master,Internship,2026-01-03,84,Closed
4551,ML Engineer,Capgemini,Bengaluru,Delhi,India,Remote,Mid,8,25,6,"Python,SQL",Finance,404311,294,Master,Full-time,2026-01-09,74,Open
4552,BI Developer,Google,Bengaluru,Telangana,India,Remote,Entry,8,13,9,"Python,SQL",IT Services,927767,366,Bachelor,Contract,2026-05-07,51,Open
4553,ML Engineer,Capgemini,Pune,Tamil Nadu,India,Onsite,Entry,2,20,9,"Power BI,SQL",Finance,1426874,80,Bachelor,Internship,2026-03-09,69,Open
4554,Software Engineer,TechNova,Mumbai,Maharashtra,India,Hybrid,Entry,3,18,17,"Excel,SQL",IT Services,1019459,108,Bachelor,Internship,2026-01-27,83,Closed
4555,Business Analyst,Accenture,Hyderabad,Maharashtra,India,Remote,Mid,3,25,9,"Tableau,SQL",Finance,1198593,430,Bachelor,Contract,2026-02-21,50,Open
4556,ML Engineer,Infosys,Bengaluru,Telangana,India,Remote,Senior,5,5,14,"Python,Pandas",Finance,1297663,285,Bachelor,Internship,2026-05-23,66,Closed
4557,Data Analyst,TechNova,Pune,Maharashtra,India,Hybrid,Senior,5,10,9,"Power BI,SQL",Retail,1493437,465,Bachelor,Full-time,2026-04-12,88,Open
4558,Data Scientist,Amazon,Hyderabad,Tamil Nadu,India,Hybrid,Mid,2,8,9,"Tableau,SQL",Finance,819595,15,Bachelor,Full-time,2026-02-18,74,Closed
4559,BI Developer,Capgemini,Delhi,Telangana,India,Onsite,Entry,0,18,12,"Excel,SQL",Retail,438076,7,Bachelor,Full-time,2026-05-04,65,Open
4560,Data Scientist,Microsoft,Bengaluru,Delhi,India,Onsite,Associate,0,9,17,"Excel,SQL",IT Services,1661496,375,Master,Internship,2026-02-18,60,Closed
4561,Data Scientist,TechNova,Hyderabad,Maharashtra,India,Hybrid,Mid,2,24,20,"Python,Pandas",Education,732029,380,Bachelor,Internship,2026-01-21,62,Closed
4562,Business Analyst,Google,Hyderabad,Delhi,India,Hybrid,Entry,5,29,12,"Tableau,SQL",Retail,1391896,182,Master,Contract,2026-03-10,50,Closed
4563,BI Developer,Accenture,Mumbai,Tamil Nadu,India,Hybrid,Mid,5,30,16,"Python,Pandas",Education,451772,84,Bachelor,Full-time,2026-06-12,80,Closed
4564,Data Scientist,Accenture,Hyderabad,Tamil Nadu,India,Onsite,Associate,6,11,17,"Azure,Python",Education,1472399,176,Bachelor,Full-time,2026-05-09,55,Open
4565,BI Developer,Accenture,Hyderabad,Tamil Nadu,India,Hybrid,Associate,4,26,4,"Python,SQL",Healthcare,483072,487,Bachelor,Contract,2026-04-17,68,Open
4566,Software Engineer,Amazon,Mumbai,Delhi,India,Hybrid,Senior,7,13,17,"Tableau,SQL",IT Services,1669508,154,Bachelor,Full-time,2026-04-07,50,Closed
4567,Software Engineer,Amazon,Hyderabad,Tamil Nadu,India,Hybrid,Senior,6,7,15,"Tableau,SQL",Retail,484965,350,Bachelor,Full-time,2026-02-06,53,Open
4568,Business Analyst,Microsoft,Chennai,Telangana,India,Hybrid,Mid,8,10,6,"Python,SQL",Education,520892,458,Master,Internship,2026-05-13,55,Closed
4569,BI Developer,Wipro,Mumbai,Tamil Nadu,India,Onsite,Mid,6,30,19,"Python,SQL",Healthcare,945970,196,Bachelor,Contract,2026-05-02,57,Open
4570,BI Developer,Accenture,Bengaluru,Maharashtra,India,Hybrid,Senior,3,17,9,"Azure,Python",IT Services,1418744,370,Bachelor,Internship,2026-02-25,69,Closed
4571,BI Developer,Amazon,Delhi,Delhi,India,Hybrid,Senior,6,12,11,"Azure,Python",Education,1605280,256,Bachelor,Full-time,2026-06-28,78,Closed
4572,Business Analyst,Amazon,Bengaluru,Telangana,India,Hybrid,Entry,1,26,10,"Python,Pandas",Education,1770902,395,Bachelor,Contract,2026-05-19,75,Open
4573,Data Analyst,Capgemini,Mumbai,Telangana,India,Hybrid,Entry,6,7,16,"Python,SQL",Retail,1138742,241,Bachelor,Internship,2026-01-12,67,Open
4574,Data Analyst,TCS,Hyderabad,Tamil Nadu,India,Hybrid,Associate,0,15,8,"Power BI,SQL",Education,517085,83,Master,Internship,2026-06-07,78,Open
4575,Software Engineer,Amazon,Chennai,Delhi,India,Remote,Mid,7,15,14,"Python,Pandas",Education,384213,85,Bachelor,Full-time,2026-06-27,72,Closed
4576,ML Engineer,Microsoft,Mumbai,Karnataka,India,Onsite,Senior,5,17,10,"Python,Pandas",IT Services,718782,17,Master,Internship,2026-02-19,66,Open
4577,Data Analyst,Accenture,Delhi,Delhi,India,Onsite,Mid,6,29,11,"Python,Pandas",Retail,870921,348,Bachelor,Full-time,2026-02-25,90,Closed
4578,ML Engineer,Infosys,Bengaluru,Karnataka,India,Remote,Entry,2,11,5,"Python,SQL",Finance,1509470,271,Bachelor,Contract,2026-03-04,52,Open
4579,BI Developer,Zoho,Bengaluru,Telangana,India,Hybrid,Mid,3,26,14,"Excel,SQL",Healthcare,1351852,464,Master,Internship,2026-02-12,86,Closed
4580,Business Analyst,TCS,Delhi,Telangana,India,Hybrid,Senior,7,27,18,"Tableau,SQL",IT Services,1768026,212,Master,Full-time,2026-03-01,80,Closed
4581,Data Analyst,Wipro,Delhi,Telangana,India,Onsite,Senior,3,11,18,"Python,Pandas",Finance,1561838,140,Master,Contract,2026-05-14,69,Open
4582,Business Analyst,Google,Delhi,Delhi,India,Onsite,Mid,7,9,15,"Excel,SQL",Healthcare,785223,33,Master,Internship,2026-05-07,71,Closed
4583,Software Engineer,Zoho,Hyderabad,Karnataka,India,Remote,Entry,4,24,15,"Excel,SQL",Education,354512,366,Bachelor,Internship,2026-02-02,69,Open
4584,Data Analyst,Wipro,Chennai,Maharashtra,India,Remote,Senior,1,11,15,"Excel,SQL",Healthcare,916511,158,Bachelor,Contract,2026-06-10,61,Open
4585,Data Scientist,Accenture,Chennai,Delhi,India,Hybrid,Mid,7,6,9,"Python,SQL",Education,912282,489,Master,Internship,2026-04-30,96,Closed
4586,ML Engineer,Microsoft,Pune,Tamil Nadu,India,Remote,Entry,0,7,18,"Tableau,SQL",IT Services,1465087,335,Master,Full-time,2026-01-30,80,Open
4587,Data Scientist,TechNova,Mumbai,Karnataka,India,Hybrid,Entry,3,24,19,"Tableau,SQL",Retail,1477089,212,Master,Contract,2026-03-13,63,Closed
4588,Software Engineer,Google,Pune,Karnataka,India,Hybrid,Entry,3,20,10,"Python,SQL",Education,1370541,370,Bachelor,Internship,2026-04-19,78,Closed
4589,Business Analyst,Wipro,Bengaluru,Karnataka,India,Onsite,Senior,5,23,13,"Tableau,SQL",Healthcare,1775923,125,Bachelor,Internship,2026-05-08,74,Open
4590,Software Engineer,Wipro,Chennai,Delhi,India,Remote,Entry,6,21,4,"Azure,Python",Retail,1496200,59,Bachelor,Contract,2026-01-15,78,Open
4591,Business Analyst,Amazon,Pune,Maharashtra,India,Remote,Associate,0,3,12,"Azure,Python",Finance,321440,439,Master,Internship,2026-04-12,57,Open
4592,ML Engineer,Google,Delhi,Tamil Nadu,India,Hybrid,Entry,7,22,17,"Excel,SQL",Finance,1515106,362,Bachelor,Contract,2026-03-19,55,Open
4593,Business Analyst,TCS,Mumbai,Maharashtra,India,Hybrid,Associate,3,15,9,"Tableau,SQL",Finance,1739274,59,Bachelor,Internship,2026-02-24,78,Closed
4594,Software Engineer,TechNova,Chennai,Telangana,India,Remote,Entry,6,7,11,"Azure,Python",Retail,1092553,347,Master,Contract,2026-06-22,66,Open
4595,ML Engineer,Accenture,Pune,Tamil Nadu,India,Hybrid,Entry,7,18,8,"Power BI,SQL",Education,763801,124,Master,Contract,2026-04-20,56,Closed
4596,Software Engineer,TechNova,Chennai,Tamil Nadu,India,Onsite,Mid,5,30,6,"Python,Pandas",Retail,1198541,219,Master,Contract,2026-01-05,95,Open
4597,Business Analyst,Wipro,Pune,Maharashtra,India,Onsite,Associate,3,19,13,"Azure,Python",IT Services,1477784,366,Bachelor,Full-time,2026-01-01,75,Open
4598,BI Developer,Accenture,Delhi,Delhi,India,Hybrid,Mid,2,20,19,"Tableau,SQL",IT Services,1082125,344,Bachelor,Contract,2026-05-26,83,Closed
4599,Data Analyst,Zoho,Hyderabad,Tamil Nadu,India,Hybrid,Entry,5,3,10,"Python,Pandas",Education,1639598,364,Bachelor,Internship,2026-04-13,64,Open
4600,Data Scientist,Amazon,Bengaluru,Karnataka,India,Onsite,Mid,0,16,8,"Tableau,SQL",Finance,360594,390,Bachelor,Full-time,2026-05-23,91,Closed
4601,Data Scientist,Capgemini,Pune,Karnataka,India,Remote,Associate,7,28,7,"Python,Pandas",Retail,737978,256,Master,Internship,2026-03-30,66,Closed
4602,ML Engineer,Capgemini,Chennai,Delhi,India,Onsite,Associate,8,6,7,"Python,Pandas",Healthcare,1044514,439,Bachelor,Contract,2026-03-15,75,Open
4603,Business Analyst,Google,Chennai,Maharashtra,India,Onsite,Mid,0,23,15,"Power BI,SQL",Education,1693523,112,Bachelor,Full-time,2026-01-24,69,Closed
4604,Data Analyst,Wipro,Mumbai,Maharashtra,India,Remote,Senior,7,5,15,"Azure,Python",Education,825429,71,Master,Contract,2026-05-14,53,Open
4605,Business Analyst,Google,Delhi,Delhi,India,Remote,Entry,8,17,16,"Python,Pandas",Healthcare,540632,314,Bachelor,Contract,2026-01-18,52,Open
4606,BI Developer,Accenture,Pune,Karnataka,India,Onsite,Entry,4,9,18,"Excel,SQL",Finance,1492549,477,Master,Contract,2026-02-28,64,Open
4607,Data Scientist,Wipro,Mumbai,Tamil Nadu,India,Onsite,Mid,4,13,9,"Azure,Python",Finance,815348,419,Master,Internship,2026-03-17,78,Open
4608,Business Analyst,Capgemini,Chennai,Delhi,India,Hybrid,Senior,5,6,8,"Tableau,SQL",Education,1634141,192,Bachelor,Contract,2026-06-28,63,Closed
4609,BI Developer,Wipro,Delhi,Delhi,India,Hybrid,Mid,8,26,6,"Python,Pandas",Retail,1391951,135,Bachelor,Contract,2026-03-07,50,Closed
4610,ML Engineer,TCS,Pune,Tamil Nadu,India,Hybrid,Entry,3,25,15,"Tableau,SQL",Healthcare,1719324,129,Bachelor,Contract,2026-03-28,60,Open
4611,Data Scientist,Capgemini,Chennai,Delhi,India,Hybrid,Entry,5,11,18,"Python,Pandas",Retail,1230067,208,Master,Internship,2026-04-11,62,Open
4612,BI Developer,Google,Chennai,Telangana,India,Hybrid,Mid,8,19,18,"Python,Pandas",Retail,1797225,184,Bachelor,Full-time,2026-01-28,67,Closed
4613,Data Analyst,Google,Hyderabad,Tamil Nadu,India,Onsite,Entry,6,9,16,"Azure,Python",IT Services,1502395,434,Master,Internship,2026-02-14,58,Closed
4614,Business Analyst,Infosys,Bengaluru,Maharashtra,India,Hybrid,Associate,6,9,7,"Python,SQL",Retail,1508591,331,Bachelor,Internship,2026-04-12,85,Closed
4615,BI Developer,TCS,Bengaluru,Telangana,India,Remote,Senior,8,9,14,"Python,Pandas",Healthcare,540528,267,Bachelor,Contract,2026-02-21,54,Closed
4616,Data Scientist,TechNova,Hyderabad,Telangana,India,Hybrid,Associate,7,13,12,"Python,Pandas",Education,1435394,80,Master,Internship,2026-06-29,97,Open
4617,BI Developer,Microsoft,Hyderabad,Telangana,India,Hybrid,Entry,2,13,6,"Tableau,SQL",Retail,736564,274,Bachelor,Contract,2026-01-14,72,Open
4618,Data Scientist,Google,Chennai,Delhi,India,Onsite,Senior,3,12,4,"Tableau,SQL",Retail,1148788,72,Bachelor,Internship,2026-04-27,68,Open
4619,ML Engineer,Amazon,Delhi,Maharashtra,India,Remote,Senior,4,15,10,"Excel,SQL",IT Services,1460418,479,Master,Full-time,2026-05-05,64,Open
4620,Software Engineer,Wipro,Delhi,Telangana,India,Hybrid,Mid,1,11,6,"Python,SQL",IT Services,1745040,399,Bachelor,Full-time,2026-02-26,70,Closed
4621,Software Engineer,Amazon,Delhi,Karnataka,India,Remote,Entry,8,26,6,"Python,SQL",Finance,752930,224,Master,Contract,2026-01-28,62,Closed
4622,ML Engineer,Infosys,Bengaluru,Delhi,India,Hybrid,Associate,5,15,5,"Excel,SQL",Finance,529069,145,Bachelor,Internship,2026-06-17,86,Open
4623,Data Scientist,TCS,Delhi,Karnataka,India,Remote,Associate,8,28,16,"Python,Pandas",Education,1252628,163,Bachelor,Full-time,2026-04-10,83,Open
4624,ML Engineer,Infosys,Mumbai,Telangana,India,Hybrid,Senior,3,3,20,"Python,Pandas",IT Services,992227,107,Master,Internship,2026-02-24,79,Open
4625,ML Engineer,Wipro,Pune,Telangana,India,Onsite,Mid,6,10,4,"Python,Pandas",IT Services,1511321,460,Bachelor,Full-time,2026-03-09,72,Closed
4626,ML Engineer,TechNova,Mumbai,Karnataka,India,Onsite,Mid,7,3,11,"Excel,SQL",Healthcare,1507977,485,Bachelor,Internship,2026-06-12,55,Closed
4627,Software Engineer,Accenture,Pune,Karnataka,India,Onsite,Associate,8,3,5,"Tableau,SQL",Healthcare,1007002,449,Master,Full-time,2026-02-18,85,Closed
4628,Business Analyst,Infosys,Pune,Karnataka,India,Onsite,Senior,8,8,9,"Excel,SQL",Finance,1381498,12,Bachelor,Contract,2026-04-04,83,Open
4629,ML Engineer,Infosys,Chennai,Karnataka,India,Onsite,Entry,1,14,19,"Python,SQL",Education,1726016,318,Master,Contract,2026-01-15,69,Closed
4630,Business Analyst,Accenture,Pune,Maharashtra,India,Remote,Mid,8,16,9,"Excel,SQL",Healthcare,1508703,476,Bachelor,Full-time,2026-06-23,61,Closed
4631,ML Engineer,Wipro,Chennai,Tamil Nadu,India,Hybrid,Associate,1,6,15,"Power BI,SQL",IT Services,1062754,116,Master,Internship,2026-02-26,81,Open
4632,ML Engineer,TechNova,Pune,Maharashtra,India,Hybrid,Entry,4,27,13,"Power BI,SQL",Healthcare,1461229,144,Master,Contract,2026-06-01,96,Open
4633,Business Analyst,Capgemini,Hyderabad,Karnataka,India,Onsite,Senior,2,15,14,"Power BI,SQL",Finance,744211,21,Master,Contract,2026-02-25,54,Open
4634,Data Analyst,Amazon,Pune,Karnataka,India,Onsite,Associate,1,11,14,"Azure,Python",Finance,748145,203,Master,Internship,2026-01-23,52,Closed
4635,Data Analyst,Microsoft,Pune,Tamil Nadu,India,Hybrid,Entry,4,7,5,"Power BI,SQL",Finance,1516375,485,Master,Contract,2026-03-01,59,Closed
4636,Software Engineer,TCS,Chennai,Telangana,India,Remote,Associate,6,8,16,"Tableau,SQL",Finance,1799284,92,Bachelor,Full-time,2026-06-21,80,Open
4637,ML Engineer,Microsoft,Pune,Karnataka,India,Remote,Senior,5,24,14,"Power BI,SQL",Retail,384861,267,Bachelor,Contract,2026-05-30,50,Open
4638,BI Developer,Accenture,Pune,Karnataka,India,Onsite,Entry,1,13,20,"Power BI,SQL",Retail,1631033,402,Bachelor,Full-time,2026-06-21,76,Closed
4639,BI Developer,Accenture,Pune,Tamil Nadu,India,Hybrid,Senior,0,14,11,"Power BI,SQL",Retail,856722,174,Master,Internship,2026-03-03,66,Closed
4640,Data Analyst,Zoho,Delhi,Telangana,India,Remote,Associate,3,20,4,"Python,SQL",IT Services,860197,300,Master,Contract,2026-02-21,61,Open
4641,Software Engineer,TechNova,Delhi,Telangana,India,Remote,Associate,7,4,11,"Azure,Python",IT Services,376831,222,Master,Internship,2026-06-04,70,Closed
4642,BI Developer,TCS,Chennai,Karnataka,India,Onsite,Associate,5,28,17,"Excel,SQL",Healthcare,1284936,53,Master,Full-time,2026-06-22,57,Open
4643,Data Scientist,Accenture,Delhi,Maharashtra,India,Onsite,Entry,2,10,20,"Tableau,SQL",IT Services,1133743,404,Bachelor,Full-time,2026-05-29,54,Closed
4644,Business Analyst,Infosys,Bengaluru,Delhi,India,Remote,Associate,3,14,4,"Tableau,SQL",Finance,990215,39,Master,Full-time,2026-04-25,73,Closed
4645,BI Developer,Infosys,Delhi,Karnataka,India,Remote,Entry,4,30,19,"Python,Pandas",Finance,1056549,444,Bachelor,Full-time,2026-03-19,89,Closed
4646,Data Analyst,Capgemini,Hyderabad,Maharashtra,India,Onsite,Associate,6,11,14,"Tableau,SQL",Healthcare,377608,39,Master,Full-time,2026-03-27,73,Closed
4647,ML Engineer,TCS,Bengaluru,Maharashtra,India,Onsite,Associate,0,20,15,"Python,Pandas",Healthcare,423208,383,Bachelor,Internship,2026-04-16,66,Closed
4648,BI Developer,Google,Delhi,Delhi,India,Onsite,Associate,4,30,19,"Python,Pandas",Education,1009089,447,Bachelor,Contract,2026-02-05,58,Open
4649,Data Scientist,Accenture,Bengaluru,Tamil Nadu,India,Remote,Senior,8,30,12,"Python,SQL",Education,853260,499,Bachelor,Full-time,2026-02-05,81,Closed
4650,Software Engineer,TechNova,Chennai,Tamil Nadu,India,Remote,Senior,4,12,19,"Tableau,SQL",Education,1382045,321,Master,Internship,2026-05-06,80,Closed
4651,Data Analyst,Capgemini,Delhi,Telangana,India,Remote,Entry,2,18,7,"Azure,Python",Education,502683,210,Master,Internship,2026-03-30,67,Closed
4652,BI Developer,Microsoft,Chennai,Delhi,India,Hybrid,Entry,2,30,5,"Azure,Python",Education,1528062,487,Bachelor,Full-time,2026-01-18,89,Open
4653,BI Developer,Accenture,Delhi,Maharashtra,India,Onsite,Senior,0,28,16,"Power BI,SQL",Healthcare,1568213,34,Bachelor,Full-time,2026-06-29,96,Closed
4654,BI Developer,Infosys,Chennai,Delhi,India,Onsite,Mid,0,10,15,"Python,Pandas",Education,974240,158,Bachelor,Full-time,2026-06-13,62,Open
4655,ML Engineer,Capgemini,Mumbai,Delhi,India,Onsite,Mid,4,9,10,"Python,SQL",IT Services,389654,26,Bachelor,Contract,2026-05-07,83,Open
4656,ML Engineer,TCS,Bengaluru,Karnataka,India,Onsite,Senior,8,11,9,"Python,SQL",Finance,473330,130,Bachelor,Internship,2026-05-23,98,Open
4657,Data Analyst,Accenture,Bengaluru,Delhi,India,Remote,Mid,7,5,10,"Azure,Python",Education,666670,16,Master,Full-time,2026-04-25,67,Open
4658,Business Analyst,Microsoft,Mumbai,Delhi,India,Onsite,Mid,8,16,12,"Power BI,SQL",IT Services,1184828,352,Bachelor,Contract,2026-01-01,68,Open
4659,Data Scientist,Microsoft,Bengaluru,Delhi,India,Onsite,Entry,3,19,16,"Tableau,SQL",Retail,1398634,310,Master,Contract,2026-04-01,54,Open
4660,Business Analyst,Capgemini,Hyderabad,Maharashtra,India,Hybrid,Associate,8,30,10,"Tableau,SQL",Education,1177484,389,Bachelor,Internship,2026-05-03,66,Open
4661,BI Developer,Accenture,Chennai,Tamil Nadu,India,Hybrid,Entry,1,25,9,"Excel,SQL",Healthcare,380137,255,Bachelor,Full-time,2026-05-10,64,Closed
4662,Data Scientist,Google,Chennai,Karnataka,India,Hybrid,Entry,4,8,18,"Excel,SQL",Retail,1076663,268,Master,Contract,2026-05-27,74,Open
4663,Business Analyst,Google,Delhi,Telangana,India,Remote,Senior,6,30,18,"Azure,Python",IT Services,495320,74,Master,Full-time,2026-05-06,70,Closed
4664,Business Analyst,Accenture,Mumbai,Maharashtra,India,Remote,Senior,4,7,7,"Power BI,SQL",Retail,1060215,54,Master,Contract,2026-01-27,61,Closed
4665,Data Analyst,Amazon,Hyderabad,Telangana,India,Onsite,Entry,6,5,14,"Power BI,SQL",IT Services,944667,154,Master,Contract,2026-03-24,88,Closed
4666,Data Scientist,Accenture,Chennai,Telangana,India,Hybrid,Entry,1,13,13,"Tableau,SQL",Retail,357208,8,Master,Contract,2026-04-12,69,Closed
4667,ML Engineer,Zoho,Chennai,Telangana,India,Remote,Entry,4,30,11,"Azure,Python",IT Services,452228,286,Master,Full-time,2026-04-22,55,Closed
4668,Business Analyst,Accenture,Delhi,Karnataka,India,Remote,Entry,7,13,17,"Power BI,SQL",Finance,1124801,184,Bachelor,Internship,2026-05-06,82,Open
4669,Business Analyst,Microsoft,Pune,Karnataka,India,Onsite,Mid,0,17,18,"Python,SQL",IT Services,799318,317,Master,Full-time,2026-06-27,97,Closed
4670,Data Scientist,TCS,Bengaluru,Telangana,India,Hybrid,Associate,6,29,13,"Tableau,SQL",Finance,1348844,454,Master,Contract,2026-04-19,80,Open
4671,Software Engineer,Microsoft,Delhi,Tamil Nadu,India,Remote,Entry,5,23,9,"Power BI,SQL",IT Services,1022378,41,Master,Full-time,2026-05-05,58,Closed
4672,Data Analyst,Google,Mumbai,Telangana,India,Onsite,Mid,3,13,4,"Python,Pandas",IT Services,1132677,80,Master,Internship,2026-05-05,98,Closed
4673,BI Developer,Accenture,Hyderabad,Tamil Nadu,India,Onsite,Entry,7,27,10,"Excel,SQL",Healthcare,346308,458,Bachelor,Internship,2026-04-05,64,Closed
4674,Data Analyst,Capgemini,Pune,Maharashtra,India,Onsite,Entry,4,3,13,"Tableau,SQL",Healthcare,893513,323,Master,Full-time,2026-02-07,89,Open
4675,BI Developer,Capgemini,Bengaluru,Delhi,India,Remote,Associate,0,22,15,"Azure,Python",Retail,1246477,187,Bachelor,Contract,2026-04-01,71,Closed
4676,Data Analyst,TCS,Hyderabad,Maharashtra,India,Onsite,Senior,3,24,10,"Azure,Python",Finance,1425295,468,Bachelor,Internship,2026-03-15,74,Open
4677,Data Analyst,Accenture,Pune,Karnataka,India,Onsite,Senior,7,24,20,"Azure,Python",Education,1474480,449,Master,Contract,2026-05-27,61,Closed
4678,Data Scientist,Wipro,Delhi,Tamil Nadu,India,Hybrid,Mid,8,7,5,"Tableau,SQL",Education,783579,167,Bachelor,Internship,2026-04-30,66,Closed
4679,ML Engineer,Google,Bengaluru,Tamil Nadu,India,Onsite,Mid,7,13,14,"Python,SQL",Finance,1673539,455,Master,Internship,2026-01-27,69,Open
4680,Software Engineer,Accenture,Hyderabad,Tamil Nadu,India,Hybrid,Entry,4,30,20,"Python,SQL",IT Services,676369,114,Bachelor,Contract,2026-01-01,91,Open
4681,ML Engineer,Google,Mumbai,Karnataka,India,Hybrid,Senior,7,27,17,"Tableau,SQL",Finance,887243,79,Master,Internship,2026-01-14,52,Closed
4682,Data Scientist,Amazon,Mumbai,Maharashtra,India,Hybrid,Entry,6,7,9,"Excel,SQL",IT Services,1512100,34,Bachelor,Full-time,2026-04-03,61,Open
4683,Data Analyst,TCS,Mumbai,Maharashtra,India,Remote,Mid,8,6,8,"Azure,Python",Healthcare,330326,16,Bachelor,Internship,2026-05-17,50,Open
4684,ML Engineer,Wipro,Chennai,Telangana,India,Remote,Mid,5,20,5,"Python,Pandas",Education,1568644,151,Master,Full-time,2026-06-12,66,Open
4685,Software Engineer,Microsoft,Pune,Delhi,India,Hybrid,Senior,3,28,17,"Excel,SQL",Retail,1283741,111,Master,Full-time,2026-04-13,94,Closed
4686,Business Analyst,Microsoft,Delhi,Tamil Nadu,India,Onsite,Mid,8,29,12,"Tableau,SQL",Finance,721772,61,Bachelor,Internship,2026-06-23,87,Closed
4687,Data Analyst,Wipro,Chennai,Tamil Nadu,India,Remote,Senior,0,18,7,"Excel,SQL",Finance,578393,96,Master,Internship,2026-05-04,79,Open
4688,Software Engineer,Accenture,Hyderabad,Delhi,India,Hybrid,Entry,5,29,7,"Tableau,SQL",Healthcare,1060032,26,Master,Full-time,2026-01-07,88,Closed
4689,Business Analyst,Wipro,Hyderabad,Maharashtra,India,Hybrid,Mid,4,26,12,"Excel,SQL",Finance,937412,238,Master,Internship,2026-01-18,70,Open
4690,Software Engineer,TechNova,Pune,Telangana,India,Onsite,Associate,4,6,7,"Python,Pandas",Healthcare,545353,241,Bachelor,Internship,2026-04-30,64,Closed
4691,Data Analyst,Capgemini,Bengaluru,Telangana,India,Onsite,Associate,6,5,8,"Power BI,SQL",Healthcare,487703,137,Master,Internship,2026-06-13,65,Closed
4692,Software Engineer,Zoho,Hyderabad,Delhi,India,Remote,Associate,4,14,13,"Python,Pandas",IT Services,1472769,38,Bachelor,Internship,2026-01-16,51,Open
4693,BI Developer,Infosys,Hyderabad,Maharashtra,India,Remote,Entry,1,12,13,"Excel,SQL",IT Services,793377,436,Master,Full-time,2026-01-28,98,Open
4694,Data Analyst,Microsoft,Bengaluru,Tamil Nadu,India,Remote,Associate,7,28,9,"Power BI,SQL",IT Services,344731,211,Master,Contract,2026-04-28,86,Open
4695,Business Analyst,TechNova,Pune,Telangana,India,Onsite,Entry,8,3,13,"Python,SQL",Retail,1334053,77,Master,Contract,2026-02-21,62,Open
4696,Data Scientist,Capgemini,Chennai,Karnataka,India,Remote,Associate,2,15,8,"Tableau,SQL",Education,1666784,280,Bachelor,Internship,2026-01-17,82,Open
4697,ML Engineer,Accenture,Delhi,Karnataka,India,Remote,Associate,6,10,20,"Python,Pandas",Healthcare,1665472,422,Master,Full-time,2026-05-28,95,Open
4698,Data Scientist,Amazon,Pune,Maharashtra,India,Hybrid,Associate,5,23,20,"Python,SQL",IT Services,1539873,254,Bachelor,Full-time,2026-03-23,59,Closed
4699,Data Scientist,Zoho,Mumbai,Maharashtra,India,Remote,Associate,7,16,14,"Python,Pandas",Healthcare,1348900,127,Bachelor,Internship,2026-02-25,96,Closed
4700,Software Engineer,Amazon,Delhi,Delhi,India,Remote,Entry,5,16,6,"Tableau,SQL",Healthcare,770373,140,Master,Contract,2026-06-02,83,Open
4701,Business Analyst,TechNova,Delhi,Karnataka,India,Onsite,Senior,3,9,13,"Power BI,SQL",Education,1681379,232,Bachelor,Internship,2026-02-21,93,Closed
4702,ML Engineer,Accenture,Mumbai,Tamil Nadu,India,Hybrid,Entry,8,8,13,"Python,SQL",Retail,1776835,439,Master,Contract,2026-05-25,85,Closed
4703,BI Developer,Wipro,Pune,Delhi,India,Remote,Mid,2,6,13,"Tableau,SQL",Healthcare,1183781,479,Bachelor,Contract,2026-01-06,69,Closed
4704,Data Analyst,Microsoft,Mumbai,Karnataka,India,Remote,Mid,2,27,8,"Power BI,SQL",Finance,1056595,73,Master,Full-time,2026-05-27,73,Closed
4705,Business Analyst,Zoho,Pune,Maharashtra,India,Hybrid,Associate,0,27,4,"Python,SQL",Finance,560359,181,Master,Full-time,2026-04-03,91,Open
4706,Software Engineer,Amazon,Chennai,Karnataka,India,Onsite,Associate,1,21,14,"Python,SQL",IT Services,987438,463,Bachelor,Internship,2026-06-18,63,Open
4707,BI Developer,Microsoft,Chennai,Telangana,India,Remote,Senior,0,6,9,"Python,Pandas",Healthcare,403529,158,Master,Internship,2026-02-04,89,Open
4708,BI Developer,Google,Bengaluru,Delhi,India,Onsite,Mid,0,20,4,"Azure,Python",Retail,1238405,58,Bachelor,Full-time,2026-02-19,62,Closed
4709,BI Developer,Google,Pune,Tamil Nadu,India,Onsite,Entry,5,22,9,"Power BI,SQL",Retail,1766811,345,Master,Full-time,2026-01-11,56,Closed
4710,Software Engineer,Infosys,Delhi,Telangana,India,Remote,Mid,4,24,15,"Excel,SQL",Finance,1517234,344,Master,Contract,2026-01-09,83,Closed
4711,BI Developer,Microsoft,Mumbai,Tamil Nadu,India,Hybrid,Mid,6,14,8,"Tableau,SQL",Retail,893073,398,Master,Contract,2026-05-02,61,Closed
4712,Data Analyst,Wipro,Hyderabad,Maharashtra,India,Hybrid,Associate,1,13,12,"Tableau,SQL",Retail,1534701,143,Master,Full-time,2026-04-18,54,Closed
4713,Data Analyst,Wipro,Delhi,Karnataka,India,Remote,Mid,7,14,17,"Azure,Python",Retail,694859,23,Bachelor,Internship,2026-06-16,90,Closed
4714,Software Engineer,TechNova,Hyderabad,Telangana,India,Onsite,Entry,3,16,11,"Python,SQL",Retail,1163462,258,Bachelor,Internship,2026-04-09,97,Closed
4715,Business Analyst,TechNova,Pune,Karnataka,India,Onsite,Mid,4,9,9,"Azure,Python",IT Services,531740,89,Bachelor,Full-time,2026-05-24,64,Open
4716,Business Analyst,Microsoft,Bengaluru,Delhi,India,Hybrid,Mid,7,8,11,"Excel,SQL",IT Services,911571,474,Bachelor,Internship,2026-02-05,56,Open
4717,BI Developer,TCS,Chennai,Delhi,India,Onsite,Entry,2,12,8,"Python,SQL",Healthcare,1632221,259,Bachelor,Internship,2026-03-17,87,Open
4718,BI Developer,Accenture,Pune,Karnataka,India,Onsite,Entry,2,10,12,"Excel,SQL",Healthcare,310617,199,Bachelor,Full-time,2026-03-07,80,Closed
4719,Software Engineer,Capgemini,Bengaluru,Delhi,India,Remote,Mid,6,23,13,"Power BI,SQL",Retail,725074,109,Bachelor,Full-time,2026-02-26,78,Closed
4720,Software Engineer,Microsoft,Pune,Maharashtra,India,Remote,Mid,5,3,8,"Tableau,SQL",Education,1733183,106,Master,Full-time,2026-01-31,85,Open
4721,Data Analyst,Infosys,Pune,Maharashtra,India,Remote,Entry,5,29,14,"Python,Pandas",Education,1157345,311,Master,Contract,2026-01-03,59,Closed
4722,BI Developer,Microsoft,Mumbai,Telangana,India,Hybrid,Senior,0,14,6,"Python,SQL",IT Services,1549193,99,Bachelor,Contract,2026-06-18,54,Open
4723,ML Engineer,Wipro,Hyderabad,Karnataka,India,Onsite,Mid,1,15,8,"Python,SQL",Retail,757935,295,Master,Internship,2026-06-24,86,Closed
4724,Data Scientist,Capgemini,Pune,Maharashtra,India,Remote,Senior,7,5,7,"Python,Pandas",Education,1361087,234,Master,Internship,2026-04-16,96,Closed
4725,BI Developer,Wipro,Hyderabad,Delhi,India,Remote,Associate,8,24,4,"Python,SQL",Finance,503702,14,Bachelor,Full-time,2026-06-01,77,Open
4726,ML Engineer,Microsoft,Delhi,Delhi,India,Hybrid,Senior,8,4,14,"Azure,Python",Healthcare,1028960,432,Master,Contract,2026-01-23,73,Open
4727,Business Analyst,TCS,Hyderabad,Maharashtra,India,Remote,Entry,5,15,12,"Power BI,SQL",IT Services,1195891,370,Master,Internship,2026-01-29,98,Closed
4728,Business Analyst,Wipro,Hyderabad,Delhi,India,Hybrid,Senior,8,24,16,"Tableau,SQL",Retail,782493,198,Bachelor,Contract,2026-02-17,55,Closed
4729,Data Analyst,TCS,Mumbai,Delhi,India,Hybrid,Senior,8,22,20,"Power BI,SQL",Education,781667,120,Bachelor,Internship,2026-05-05,92,Closed
4730,Data Scientist,TechNova,Bengaluru,Karnataka,India,Remote,Mid,7,14,20,"Excel,SQL",Education,1748009,438,Master,Full-time,2026-06-26,70,Open
4731,Software Engineer,Infosys,Chennai,Delhi,India,Remote,Entry,1,27,15,"Tableau,SQL",Education,949755,413,Bachelor,Full-time,2026-06-28,54,Open
4732,Data Analyst,Microsoft,Bengaluru,Telangana,India,Remote,Entry,0,11,20,"Python,Pandas",Healthcare,781808,45,Bachelor,Full-time,2026-01-31,87,Closed
4733,Data Analyst,Microsoft,Bengaluru,Delhi,India,Onsite,Associate,4,13,5,"Azure,Python",IT Services,1795955,307,Master,Internship,2026-04-07,69,Closed
4734,BI Developer,Microsoft,Hyderabad,Telangana,India,Remote,Entry,5,30,17,"Azure,Python",Retail,966546,377,Master,Contract,2026-01-26,71,Open
4735,Business Analyst,Amazon,Pune,Maharashtra,India,Hybrid,Entry,6,3,8,"Power BI,SQL",IT Services,1142973,94,Master,Contract,2026-06-30,65,Open
4736,Software Engineer,Infosys,Mumbai,Karnataka,India,Remote,Senior,4,30,12,"Tableau,SQL",Finance,511848,363,Bachelor,Contract,2026-06-12,92,Closed
4737,BI Developer,Zoho,Bengaluru,Tamil Nadu,India,Onsite,Senior,3,11,5,"Azure,Python",IT Services,1336764,348,Bachelor,Contract,2026-04-20,63,Open
4738,BI Developer,TechNova,Hyderabad,Karnataka,India,Remote,Associate,8,27,11,"Excel,SQL",Education,942483,17,Master,Internship,2026-01-17,73,Open
4739,ML Engineer,Amazon,Delhi,Karnataka,India,Hybrid,Associate,8,23,7,"Tableau,SQL",Education,1520604,108,Master,Internship,2026-04-26,63,Closed
4740,Software Engineer,Infosys,Chennai,Delhi,India,Remote,Mid,4,20,9,"Python,SQL",Retail,441550,316,Bachelor,Contract,2026-02-22,58,Open
4741,Data Scientist,Infosys,Hyderabad,Tamil Nadu,India,Remote,Associate,8,15,16,"Tableau,SQL",IT Services,1342672,141,Master,Full-time,2026-04-19,93,Closed
4742,Data Analyst,Google,Bengaluru,Telangana,India,Hybrid,Entry,2,20,12,"Power BI,SQL",Education,1083390,471,Bachelor,Internship,2026-06-11,68,Closed
4743,Business Analyst,Wipro,Pune,Tamil Nadu,India,Hybrid,Associate,1,30,10,"Tableau,SQL",Finance,1639309,500,Master,Internship,2026-05-13,55,Open
4744,Data Analyst,Microsoft,Mumbai,Delhi,India,Onsite,Mid,6,30,10,"Azure,Python",Finance,1379917,239,Bachelor,Internship,2026-01-27,90,Closed
4745,Data Scientist,Microsoft,Hyderabad,Telangana,India,Onsite,Mid,1,10,7,"Tableau,SQL",IT Services,302426,427,Bachelor,Internship,2026-01-11,57,Closed
4746,Business Analyst,Accenture,Hyderabad,Karnataka,India,Onsite,Mid,1,15,17,"Python,SQL",Healthcare,1526592,436,Master,Internship,2026-06-14,60,Open
4747,Data Scientist,TechNova,Hyderabad,Telangana,India,Remote,Senior,2,16,10,"Azure,Python",Finance,1725575,38,Bachelor,Internship,2026-05-25,67,Open
4748,Data Analyst,Accenture,Delhi,Maharashtra,India,Hybrid,Mid,3,20,18,"Excel,SQL",Retail,596219,16,Bachelor,Internship,2026-02-10,91,Open
4749,ML Engineer,Capgemini,Pune,Maharashtra,India,Onsite,Senior,5,21,10,"Python,Pandas",Healthcare,1026184,419,Bachelor,Internship,2026-04-07,80,Open
4750,BI Developer,Capgemini,Mumbai,Maharashtra,India,Onsite,Mid,2,23,11,"Azure,Python",Education,1177231,191,Master,Internship,2026-04-08,59,Closed
4751,Software Engineer,Amazon,Delhi,Telangana,India,Remote,Associate,4,29,5,"Power BI,SQL",Education,988573,286,Bachelor,Full-time,2026-05-01,52,Closed
4752,Data Scientist,TechNova,Chennai,Karnataka,India,Onsite,Mid,0,8,10,"Azure,Python",Education,1104709,425,Bachelor,Full-time,2026-05-21,64,Closed
4753,Data Analyst,Amazon,Pune,Maharashtra,India,Remote,Associate,0,26,14,"Azure,Python",Education,326592,469,Bachelor,Internship,2026-04-04,62,Open
4754,Business Analyst,Zoho,Pune,Delhi,India,Hybrid,Senior,4,24,17,"Python,Pandas",Retail,509430,421,Master,Contract,2026-04-26,90,Open
4755,Data Scientist,TechNova,Mumbai,Delhi,India,Hybrid,Senior,4,11,20,"Python,Pandas",Education,1656741,216,Bachelor,Internship,2026-06-08,51,Open
4756,Business Analyst,Accenture,Hyderabad,Telangana,India,Remote,Associate,3,30,7,"Python,SQL",Retail,435366,369,Bachelor,Full-time,2026-03-02,96,Closed
4757,Data Analyst,Microsoft,Delhi,Karnataka,India,Onsite,Entry,2,28,9,"Tableau,SQL",Finance,1499226,156,Master,Internship,2026-04-19,69,Closed
4758,Software Engineer,Microsoft,Pune,Telangana,India,Onsite,Entry,2,28,18,"Power BI,SQL",IT Services,1602272,88,Master,Internship,2026-05-28,71,Open
4759,Business Analyst,TechNova,Pune,Delhi,India,Remote,Senior,2,30,8,"Tableau,SQL",IT Services,683231,234,Master,Full-time,2026-05-04,87,Closed
4760,ML Engineer,Accenture,Bengaluru,Karnataka,India,Hybrid,Senior,7,20,8,"Tableau,SQL",Education,358237,252,Bachelor,Contract,2026-01-04,64,Open
4761,Software Engineer,Google,Mumbai,Karnataka,India,Onsite,Mid,4,19,15,"Tableau,SQL",Retail,1138569,148,Master,Full-time,2026-05-28,59,Open
4762,Business Analyst,Microsoft,Delhi,Karnataka,India,Remote,Senior,8,18,11,"Python,SQL",Healthcare,1352588,206,Master,Contract,2026-05-04,87,Closed
4763,Data Scientist,Wipro,Mumbai,Karnataka,India,Onsite,Mid,7,12,11,"Tableau,SQL",Finance,957240,455,Bachelor,Full-time,2026-02-12,76,Open
4764,Software Engineer,Accenture,Bengaluru,Karnataka,India,Remote,Senior,0,11,17,"Tableau,SQL",Education,1680124,278,Master,Contract,2026-06-18,72,Open
4765,Data Scientist,Amazon,Pune,Telangana,India,Remote,Senior,3,27,6,"Excel,SQL",Education,855163,342,Bachelor,Full-time,2026-03-10,84,Open
4766,ML Engineer,TechNova,Mumbai,Delhi,India,Onsite,Senior,1,8,17,"Python,SQL",Retail,1314235,270,Bachelor,Contract,2026-06-15,82,Closed
4767,Software Engineer,TechNova,Hyderabad,Maharashtra,India,Onsite,Senior,5,20,4,"Power BI,SQL",IT Services,1016843,354,Bachelor,Internship,2026-02-25,79,Closed
4768,Software Engineer,Amazon,Bengaluru,Karnataka,India,Hybrid,Mid,3,18,5,"Python,SQL",Healthcare,904384,442,Master,Internship,2026-06-10,72,Open
4769,Software Engineer,TCS,Pune,Karnataka,India,Remote,Mid,6,27,7,"Python,SQL",Education,504937,27,Master,Internship,2026-04-30,92,Closed
4770,ML Engineer,Capgemini,Hyderabad,Karnataka,India,Remote,Associate,8,10,15,"Tableau,SQL",Retail,889029,249,Bachelor,Full-time,2026-03-31,63,Open
4771,BI Developer,Zoho,Delhi,Delhi,India,Remote,Senior,8,6,11,"Tableau,SQL",IT Services,1603061,253,Bachelor,Full-time,2026-02-06,83,Closed
4772,Data Analyst,TechNova,Mumbai,Telangana,India,Remote,Mid,7,28,10,"Tableau,SQL",Finance,1764401,279,Master,Full-time,2026-03-12,76,Open
4773,Data Analyst,Wipro,Delhi,Maharashtra,India,Onsite,Entry,5,14,9,"Python,Pandas",Finance,1317000,139,Bachelor,Contract,2026-02-10,86,Open
4774,BI Developer,TCS,Delhi,Maharashtra,India,Remote,Mid,2,11,13,"Python,SQL",Healthcare,969555,16,Master,Full-time,2026-06-18,93,Open
4775,BI Developer,TCS,Bengaluru,Tamil Nadu,India,Onsite,Senior,3,27,18,"Power BI,SQL",IT Services,388704,123,Master,Full-time,2026-04-08,92,Open
4776,ML Engineer,Amazon,Chennai,Telangana,India,Onsite,Entry,8,26,11,"Python,SQL",Education,677826,118,Master,Internship,2026-06-06,57,Open
4777,ML Engineer,Amazon,Bengaluru,Maharashtra,India,Hybrid,Associate,8,6,8,"Tableau,SQL",IT Services,860779,4,Master,Internship,2026-04-03,81,Open
4778,Data Analyst,Google,Pune,Telangana,India,Remote,Entry,1,18,8,"Excel,SQL",Finance,1086718,279,Master,Full-time,2026-02-21,75,Closed
4779,Business Analyst,Amazon,Hyderabad,Karnataka,India,Hybrid,Senior,1,20,16,"Power BI,SQL",Education,864595,89,Bachelor,Full-time,2026-01-10,84,Closed
4780,Data Analyst,TechNova,Pune,Karnataka,India,Hybrid,Associate,5,22,7,"Python,Pandas",IT Services,1099692,419,Master,Contract,2026-04-26,53,Open
4781,Data Analyst,Microsoft,Chennai,Tamil Nadu,India,Remote,Associate,8,26,4,"Python,SQL",Education,697155,137,Bachelor,Contract,2026-01-27,53,Open
4782,Data Analyst,Wipro,Mumbai,Telangana,India,Hybrid,Mid,3,10,4,"Azure,Python",Finance,688807,163,Bachelor,Contract,2026-06-12,62,Closed
4783,Business Analyst,Capgemini,Delhi,Tamil Nadu,India,Onsite,Senior,8,11,5,"Azure,Python",Retail,1760716,114,Master,Contract,2026-02-07,91,Open
4784,Data Analyst,TechNova,Bengaluru,Tamil Nadu,India,Onsite,Entry,3,28,12,"Tableau,SQL",Retail,1012102,172,Bachelor,Internship,2026-05-21,54,Open
4785,Software Engineer,TCS,Bengaluru,Tamil Nadu,India,Hybrid,Associate,4,18,18,"Azure,Python",Retail,1431284,135,Master,Contract,2026-02-20,56,Closed
4786,ML Engineer,TechNova,Pune,Maharashtra,India,Hybrid,Associate,5,20,17,"Python,Pandas",Education,433045,446,Bachelor,Contract,2026-03-21,57,Closed
4787,Software Engineer,TCS,Mumbai,Tamil Nadu,India,Onsite,Associate,4,17,17,"Tableau,SQL",Education,396789,478,Bachelor,Contract,2026-06-10,73,Open
4788,ML Engineer,TechNova,Bengaluru,Telangana,India,Remote,Entry,5,12,19,"Excel,SQL",Education,349574,38,Bachelor,Internship,2026-04-25,50,Closed
4789,ML Engineer,TCS,Pune,Delhi,India,Remote,Senior,1,8,4,"Excel,SQL",IT Services,838955,427,Bachelor,Internship,2026-01-20,69,Closed
4790,Data Scientist,Infosys,Mumbai,Maharashtra,India,Remote,Entry,4,24,11,"Tableau,SQL",Finance,1745842,153,Master,Internship,2026-01-17,77,Open
4791,Business Analyst,Google,Pune,Maharashtra,India,Onsite,Entry,4,25,13,"Python,Pandas",Finance,785043,245,Master,Internship,2026-03-20,76,Open
4792,Data Analyst,Zoho,Mumbai,Karnataka,India,Hybrid,Entry,1,28,19,"Excel,SQL",Education,482799,317,Bachelor,Full-time,2026-03-14,93,Open
4793,ML Engineer,Infosys,Bengaluru,Karnataka,India,Hybrid,Senior,2,4,16,"Python,Pandas",IT Services,846946,8,Bachelor,Full-time,2026-04-25,74,Closed
4794,Software Engineer,Amazon,Bengaluru,Delhi,India,Remote,Associate,8,25,10,"Python,SQL",IT Services,883906,207,Bachelor,Internship,2026-03-18,80,Closed
4795,ML Engineer,Wipro,Pune,Maharashtra,India,Hybrid,Mid,2,29,20,"Azure,Python",Healthcare,1029587,295,Bachelor,Full-time,2026-06-17,80,Open
4796,Software Engineer,Infosys,Delhi,Delhi,India,Onsite,Mid,7,7,9,"Excel,SQL",Retail,995171,269,Master,Internship,2026-03-31,95,Closed
4797,Data Analyst,Infosys,Bengaluru,Telangana,India,Remote,Mid,2,9,10,"Tableau,SQL",Finance,554702,169,Bachelor,Contract,2026-01-23,92,Open
4798,BI Developer,Zoho,Bengaluru,Delhi,India,Remote,Associate,0,11,9,"Power BI,SQL",IT Services,1143155,61,Bachelor,Contract,2026-01-05,95,Closed
4799,Business Analyst,Amazon,Chennai,Telangana,India,Onsite,Entry,3,5,14,"Python,SQL",IT Services,1560136,71,Bachelor,Full-time,2026-05-24,94,Open
4800,Business Analyst,Microsoft,Hyderabad,Delhi,India,Hybrid,Senior,4,27,5,"Tableau,SQL",IT Services,1262739,151,Bachelor,Full-time,2026-05-01,63,Closed
4801,Data Analyst,Amazon,Mumbai,Karnataka,India,Remote,Associate,7,26,16,"Excel,SQL",IT Services,495952,192,Bachelor,Full-time,2026-06-17,52,Closed
4802,ML Engineer,Wipro,Delhi,Karnataka,India,Onsite,Senior,5,11,15,"Python,SQL",Education,531062,409,Bachelor,Internship,2026-06-12,84,Closed
4803,Data Analyst,Wipro,Hyderabad,Maharashtra,India,Hybrid,Associate,1,17,11,"Tableau,SQL",Education,1590908,410,Master,Full-time,2026-04-29,66,Open
4804,Software Engineer,TCS,Delhi,Telangana,India,Onsite,Mid,0,22,17,"Excel,SQL",Healthcare,618900,236,Master,Contract,2026-02-12,73,Open
4805,Software Engineer,Capgemini,Bengaluru,Tamil Nadu,India,Onsite,Associate,3,13,6,"Excel,SQL",Healthcare,1005247,320,Master,Full-time,2026-02-09,95,Open
4806,ML Engineer,Capgemini,Pune,Delhi,India,Remote,Senior,1,18,4,"Python,Pandas",Education,1297501,263,Master,Internship,2026-01-01,62,Closed
4807,ML Engineer,Infosys,Hyderabad,Karnataka,India,Onsite,Associate,6,30,8,"Python,Pandas",Education,719357,319,Master,Full-time,2026-05-21,67,Open
4808,Data Analyst,Amazon,Pune,Maharashtra,India,Hybrid,Mid,7,16,13,"Azure,Python",Finance,555706,63,Bachelor,Contract,2026-03-29,80,Closed
4809,Data Analyst,Zoho,Delhi,Karnataka,India,Onsite,Entry,6,23,10,"Azure,Python",IT Services,1020819,403,Bachelor,Internship,2026-03-25,82,Closed
4810,BI Developer,Microsoft,Delhi,Telangana,India,Remote,Entry,8,20,20,"Tableau,SQL",Healthcare,1197822,427,Master,Internship,2026-04-26,77,Closed
4811,Data Scientist,Google,Hyderabad,Tamil Nadu,India,Remote,Entry,0,24,15,"Tableau,SQL",Finance,376136,287,Bachelor,Internship,2026-05-13,92,Open
4812,Software Engineer,Capgemini,Hyderabad,Maharashtra,India,Onsite,Mid,5,28,6,"Tableau,SQL",Finance,1463130,413,Master,Full-time,2026-03-12,91,Closed
4813,Software Engineer,Microsoft,Mumbai,Maharashtra,India,Hybrid,Mid,6,18,7,"Python,Pandas",Finance,1631212,33,Bachelor,Internship,2026-02-10,95,Open
4814,Data Analyst,Capgemini,Pune,Karnataka,India,Remote,Associate,3,18,18,"Azure,Python",Education,1539768,355,Master,Internship,2026-02-18,80,Closed
4815,BI Developer,TechNova,Bengaluru,Delhi,India,Hybrid,Associate,7,5,16,"Tableau,SQL",Retail,642081,303,Master,Contract,2026-02-16,68,Closed
4816,BI Developer,TCS,Chennai,Maharashtra,India,Hybrid,Associate,6,13,18,"Tableau,SQL",Healthcare,1289390,473,Bachelor,Full-time,2026-03-23,79,Open
4817,ML Engineer,Accenture,Hyderabad,Karnataka,India,Hybrid,Entry,1,18,11,"Power BI,SQL",IT Services,1356254,56,Bachelor,Internship,2026-01-12,51,Open
4818,Business Analyst,Wipro,Bengaluru,Tamil Nadu,India,Hybrid,Associate,2,23,19,"Tableau,SQL",Healthcare,1487440,313,Master,Contract,2026-04-16,88,Closed
4819,Data Analyst,Zoho,Bengaluru,Karnataka,India,Onsite,Associate,4,12,20,"Power BI,SQL",Healthcare,1723443,153,Bachelor,Contract,2026-01-29,54,Closed
4820,BI Developer,TechNova,Bengaluru,Telangana,India,Onsite,Entry,6,11,13,"Python,Pandas",Education,1723722,397,Bachelor,Contract,2026-06-06,82,Closed
4821,ML Engineer,Infosys,Bengaluru,Tamil Nadu,India,Onsite,Senior,7,6,15,"Python,Pandas",Education,1175680,188,Bachelor,Contract,2026-04-28,73,Closed
4822,Business Analyst,Amazon,Mumbai,Maharashtra,India,Hybrid,Senior,4,6,19,"Python,SQL",Retail,741461,87,Master,Contract,2026-01-27,67,Closed
4823,Data Analyst,Zoho,Delhi,Delhi,India,Onsite,Entry,2,6,17,"Tableau,SQL",IT Services,1387306,9,Bachelor,Full-time,2026-05-03,96,Closed
4824,Data Scientist,TCS,Delhi,Maharashtra,India,Onsite,Associate,4,18,18,"Azure,Python",IT Services,1503373,252,Master,Internship,2026-04-24,80,Open
4825,Software Engineer,TCS,Pune,Maharashtra,India,Remote,Entry,8,11,10,"Tableau,SQL",Healthcare,380747,27,Bachelor,Internship,2026-04-16,81,Closed
4826,ML Engineer,Microsoft,Mumbai,Maharashtra,India,Hybrid,Mid,6,24,14,"Python,SQL",Education,1420762,17,Master,Contract,2026-05-20,51,Open
4827,Data Scientist,TechNova,Chennai,Delhi,India,Onsite,Senior,7,24,8,"Azure,Python",Retail,1248801,410,Bachelor,Full-time,2026-03-04,69,Open
4828,Software Engineer,TCS,Bengaluru,Maharashtra,India,Onsite,Mid,8,26,6,"Azure,Python",Education,858805,393,Master,Contract,2026-05-18,62,Open
4829,Software Engineer,Amazon,Mumbai,Delhi,India,Remote,Senior,5,14,5,"Azure,Python",Education,1554464,222,Master,Contract,2026-02-11,63,Open
4830,ML Engineer,Zoho,Hyderabad,Telangana,India,Remote,Senior,6,24,10,"Tableau,SQL",IT Services,1331797,14,Bachelor,Internship,2026-05-17,85,Closed
4831,Data Analyst,TCS,Delhi,Tamil Nadu,India,Hybrid,Entry,3,24,17,"Excel,SQL",Education,1495613,450,Bachelor,Full-time,2026-04-26,73,Closed
4832,Software Engineer,Infosys,Delhi,Tamil Nadu,India,Onsite,Mid,2,8,16,"Excel,SQL",Finance,1755754,477,Master,Full-time,2026-01-07,88,Closed
4833,Software Engineer,TechNova,Chennai,Tamil Nadu,India,Remote,Senior,7,20,7,"Power BI,SQL",Retail,1173227,290,Master,Full-time,2026-01-25,97,Open
4834,Data Analyst,Infosys,Delhi,Karnataka,India,Remote,Mid,5,20,7,"Python,SQL",Finance,1465937,188,Master,Full-time,2026-02-25,58,Closed
4835,ML Engineer,Amazon,Chennai,Maharashtra,India,Onsite,Associate,8,6,6,"Excel,SQL",Education,1035035,325,Master,Internship,2026-05-14,89,Open
4836,Data Analyst,Zoho,Pune,Maharashtra,India,Hybrid,Associate,3,25,6,"Excel,SQL",IT Services,1007021,28,Bachelor,Contract,2026-06-05,92,Closed
4837,Business Analyst,Zoho,Bengaluru,Maharashtra,India,Remote,Entry,8,15,16,"Python,SQL",Education,1433794,53,Master,Internship,2026-06-29,91,Open
4838,Software Engineer,TCS,Chennai,Delhi,India,Remote,Senior,0,12,5,"Python,SQL",Retail,973179,211,Bachelor,Contract,2026-03-01,68,Closed
4839,Data Scientist,Infosys,Hyderabad,Delhi,India,Onsite,Associate,1,12,8,"Azure,Python",Retail,778104,189,Bachelor,Contract,2026-01-22,85,Closed
4840,Business Analyst,Google,Delhi,Tamil Nadu,India,Onsite,Entry,0,24,4,"Power BI,SQL",Healthcare,500087,162,Master,Full-time,2026-06-16,94,Open
4841,Software Engineer,Infosys,Delhi,Tamil Nadu,India,Remote,Senior,2,5,17,"Power BI,SQL",Education,1269211,158,Master,Contract,2026-05-11,79,Closed
4842,Data Scientist,TCS,Delhi,Maharashtra,India,Hybrid,Entry,5,18,6,"Power BI,SQL",Finance,1254609,335,Bachelor,Full-time,2026-05-07,56,Closed
4843,Data Analyst,Microsoft,Pune,Karnataka,India,Onsite,Associate,6,8,6,"Excel,SQL",Healthcare,1187952,294,Master,Contract,2026-05-04,75,Closed
4844,Business Analyst,TechNova,Bengaluru,Maharashtra,India,Hybrid,Senior,5,7,17,"Excel,SQL",Education,664259,268,Bachelor,Internship,2026-04-08,53,Closed
4845,BI Developer,Wipro,Mumbai,Maharashtra,India,Remote,Senior,5,22,16,"Excel,SQL",Retail,1150600,185,Bachelor,Internship,2026-05-12,66,Open
4846,BI Developer,Wipro,Pune,Telangana,India,Hybrid,Mid,2,28,15,"Python,Pandas",Healthcare,350485,280,Bachelor,Internship,2026-01-20,61,Open
4847,Data Analyst,TCS,Pune,Karnataka,India,Hybrid,Senior,3,13,5,"Python,Pandas",Education,343160,364,Bachelor,Full-time,2026-02-16,51,Closed
4848,Data Scientist,TCS,Chennai,Karnataka,India,Onsite,Senior,3,16,18,"Azure,Python",Education,904786,232,Bachelor,Full-time,2026-04-19,55,Open
4849,Data Analyst,Amazon,Mumbai,Delhi,India,Hybrid,Associate,8,20,5,"Python,Pandas",Education,1574598,131,Bachelor,Full-time,2026-01-04,68,Closed
4850,BI Developer,Accenture,Mumbai,Delhi,India,Hybrid,Associate,7,15,17,"Azure,Python",Retail,1103928,320,Bachelor,Full-time,2026-03-10,79,Closed
4851,Business Analyst,Amazon,Mumbai,Karnataka,India,Hybrid,Entry,6,3,10,"Python,Pandas",Education,583199,359,Master,Internship,2026-01-16,89,Open
4852,Software Engineer,Capgemini,Bengaluru,Maharashtra,India,Onsite,Associate,3,22,18,"Tableau,SQL",IT Services,440104,171,Bachelor,Internship,2026-01-08,63,Open
4853,Business Analyst,Microsoft,Mumbai,Maharashtra,India,Hybrid,Mid,1,7,20,"Azure,Python",Retail,957203,274,Master,Internship,2026-06-27,83,Closed
4854,Business Analyst,Google,Hyderabad,Karnataka,India,Onsite,Entry,0,13,5,"Azure,Python",Finance,1488723,300,Master,Full-time,2026-05-06,54,Open
4855,Business Analyst,Microsoft,Hyderabad,Tamil Nadu,India,Hybrid,Associate,6,11,11,"Python,Pandas",IT Services,1284786,44,Master,Full-time,2026-05-08,66,Closed
4856,Business Analyst,Accenture,Chennai,Telangana,India,Onsite,Mid,0,29,10,"Excel,SQL",Education,1174048,51,Master,Contract,2026-03-03,65,Open
4857,Data Analyst,TechNova,Bengaluru,Maharashtra,India,Hybrid,Entry,0,6,10,"Tableau,SQL",Retail,1231313,364,Master,Internship,2026-03-09,57,Open
4858,Data Analyst,TCS,Delhi,Karnataka,India,Hybrid,Associate,0,23,18,"Tableau,SQL",Education,1230919,231,Bachelor,Contract,2026-05-10,59,Closed
4859,ML Engineer,TCS,Pune,Tamil Nadu,India,Onsite,Senior,1,21,11,"Azure,Python",Education,1785620,72,Master,Internship,2026-05-27,88,Closed
4860,Data Scientist,Microsoft,Bengaluru,Delhi,India,Remote,Mid,6,8,13,"Python,Pandas",IT Services,1750363,251,Master,Contract,2026-04-22,55,Open
4861,ML Engineer,Zoho,Mumbai,Tamil Nadu,India,Hybrid,Senior,5,25,20,"Python,SQL",Education,1658220,330,Master,Contract,2026-05-26,61,Open
4862,Software Engineer,Google,Pune,Telangana,India,Onsite,Entry,7,16,10,"Power BI,SQL",Finance,1113526,130,Master,Internship,2026-06-05,64,Open
4863,Software Engineer,Capgemini,Hyderabad,Delhi,India,Hybrid,Entry,0,18,20,"Azure,Python",Healthcare,1784342,158,Master,Contract,2026-02-01,89,Open
4864,ML Engineer,TechNova,Hyderabad,Telangana,India,Remote,Associate,3,10,11,"Python,Pandas",Healthcare,856847,437,Bachelor,Internship,2026-03-03,88,Open
4865,Data Analyst,Amazon,Pune,Karnataka,India,Onsite,Associate,1,15,8,"Power BI,SQL",Education,416495,32,Master,Full-time,2026-02-21,60,Open
4866,ML Engineer,Google,Pune,Tamil Nadu,India,Onsite,Entry,6,29,4,"Python,SQL",Finance,1583607,382,Bachelor,Full-time,2026-04-05,98,Open
4867,BI Developer,Accenture,Chennai,Tamil Nadu,India,Onsite,Mid,7,24,9,"Power BI,SQL",Finance,468100,130,Master,Internship,2026-05-23,96,Closed
4868,ML Engineer,Amazon,Pune,Delhi,India,Remote,Mid,2,9,11,"Power BI,SQL",Finance,865898,367,Master,Contract,2026-04-29,78,Open
4869,Business Analyst,Google,Hyderabad,Telangana,India,Onsite,Senior,2,28,4,"Azure,Python",Retail,1145814,196,Master,Contract,2026-02-21,84,Open
4870,Business Analyst,Accenture,Pune,Delhi,India,Remote,Mid,2,29,10,"Excel,SQL",IT Services,1351149,294,Bachelor,Internship,2026-01-15,87,Open
4871,BI Developer,Amazon,Bengaluru,Karnataka,India,Onsite,Entry,2,17,15,"Azure,Python",Finance,533597,316,Master,Full-time,2026-03-06,84,Closed
4872,BI Developer,Accenture,Delhi,Karnataka,India,Remote,Entry,2,20,5,"Excel,SQL",Education,350867,69,Bachelor,Internship,2026-04-16,87,Open
4873,Data Analyst,Google,Chennai,Telangana,India,Hybrid,Associate,2,5,4,"Azure,Python",IT Services,766617,66,Bachelor,Full-time,2026-04-22,76,Open
4874,BI Developer,TechNova,Pune,Tamil Nadu,India,Hybrid,Entry,6,15,4,"Excel,SQL",Healthcare,1340325,133,Master,Full-time,2026-04-16,70,Open
4875,Data Analyst,Capgemini,Delhi,Maharashtra,India,Hybrid,Mid,6,12,17,"Azure,Python",Education,1112823,402,Bachelor,Full-time,2026-02-27,87,Closed
4876,Data Analyst,TCS,Pune,Delhi,India,Hybrid,Senior,6,18,20,"Power BI,SQL",Retail,522443,20,Master,Internship,2026-05-30,65,Closed
4877,ML Engineer,TechNova,Bengaluru,Telangana,India,Onsite,Senior,4,6,4,"Azure,Python",Education,335015,287,Master,Internship,2026-01-25,76,Closed
4878,ML Engineer,Accenture,Bengaluru,Maharashtra,India,Hybrid,Senior,8,16,6,"Power BI,SQL",Retail,1586809,468,Bachelor,Full-time,2026-03-30,53,Closed
4879,ML Engineer,Amazon,Mumbai,Tamil Nadu,India,Onsite,Entry,7,27,18,"Python,SQL",Retail,1291476,163,Master,Full-time,2026-05-18,62,Closed
4880,Data Analyst,TCS,Hyderabad,Delhi,India,Remote,Entry,1,11,18,"Azure,Python",Education,1429616,451,Bachelor,Full-time,2026-06-24,52,Open
4881,Business Analyst,Wipro,Hyderabad,Tamil Nadu,India,Onsite,Senior,8,5,8,"Python,SQL",IT Services,1083651,382,Master,Full-time,2026-01-17,62,Open
4882,Software Engineer,Amazon,Chennai,Maharashtra,India,Remote,Associate,4,27,18,"Tableau,SQL",IT Services,423493,256,Bachelor,Contract,2026-02-21,52,Closed
4883,ML Engineer,Microsoft,Chennai,Maharashtra,India,Onsite,Associate,2,22,12,"Excel,SQL",Education,807719,139,Master,Full-time,2026-05-04,79,Open
4884,BI Developer,Google,Bengaluru,Delhi,India,Hybrid,Entry,8,19,16,"Power BI,SQL",Healthcare,1103087,366,Bachelor,Internship,2026-03-31,76,Open
4885,ML Engineer,Google,Mumbai,Tamil Nadu,India,Hybrid,Associate,8,12,20,"Power BI,SQL",Healthcare,598231,340,Master,Contract,2026-03-16,70,Open
4886,Software Engineer,Capgemini,Chennai,Karnataka,India,Remote,Mid,3,21,4,"Tableau,SQL",Education,1666713,144,Master,Full-time,2026-04-11,79,Open
4887,Data Scientist,TechNova,Bengaluru,Karnataka,India,Remote,Mid,0,13,15,"Azure,Python",Education,885372,73,Bachelor,Internship,2026-04-02,81,Closed
4888,BI Developer,Wipro,Delhi,Telangana,India,Onsite,Entry,5,5,17,"Excel,SQL",IT Services,1671181,320,Bachelor,Full-time,2026-01-15,90,Open
4889,ML Engineer,Amazon,Chennai,Tamil Nadu,India,Hybrid,Entry,7,4,15,"Azure,Python",Healthcare,833692,428,Bachelor,Full-time,2026-02-01,69,Open
4890,Software Engineer,Infosys,Delhi,Tamil Nadu,India,Onsite,Mid,5,19,10,"Python,SQL",Retail,927881,294,Master,Full-time,2026-06-02,63,Open
4891,Data Scientist,Capgemini,Chennai,Maharashtra,India,Remote,Mid,7,27,13,"Python,SQL",Retail,834259,379,Master,Internship,2026-01-31,65,Open
4892,Data Analyst,Google,Chennai,Telangana,India,Onsite,Mid,5,25,8,"Tableau,SQL",Healthcare,426371,405,Bachelor,Contract,2026-05-23,74,Open
4893,BI Developer,Capgemini,Mumbai,Tamil Nadu,India,Remote,Associate,8,6,4,"Python,Pandas",Education,1264378,423,Bachelor,Full-time,2026-02-08,54,Closed
4894,BI Developer,Zoho,Chennai,Telangana,India,Remote,Mid,1,18,14,"Excel,SQL",Healthcare,350396,322,Bachelor,Contract,2026-02-26,92,Closed
4895,Software Engineer,Amazon,Pune,Tamil Nadu,India,Remote,Senior,0,14,13,"Python,SQL",Education,402574,102,Bachelor,Internship,2026-04-17,93,Closed
4896,Business Analyst,Microsoft,Hyderabad,Karnataka,India,Remote,Associate,8,7,12,"Python,SQL",Education,1370740,208,Master,Contract,2026-01-22,90,Closed
4897,BI Developer,Microsoft,Pune,Maharashtra,India,Remote,Associate,4,14,8,"Python,Pandas",Healthcare,1550332,257,Bachelor,Full-time,2026-06-24,80,Open
4898,Business Analyst,Wipro,Bengaluru,Maharashtra,India,Remote,Associate,5,18,17,"Power BI,SQL",Education,995186,184,Master,Full-time,2026-03-11,93,Closed
4899,Data Analyst,Microsoft,Pune,Delhi,India,Hybrid,Entry,0,14,6,"Power BI,SQL",Retail,684151,196,Bachelor,Internship,2026-01-23,90,Closed
4900,ML Engineer,Capgemini,Mumbai,Maharashtra,India,Remote,Entry,4,4,8,"Python,SQL",Finance,1740531,425,Bachelor,Full-time,2026-03-19,63,Open
4901,Business Analyst,Wipro,Bengaluru,Telangana,India,Remote,Senior,0,18,7,"Azure,Python",Education,1482376,66,Bachelor,Contract,2026-02-28,54,Closed
4902,ML Engineer,Microsoft,Mumbai,Telangana,India,Remote,Entry,1,19,5,"Python,Pandas",Healthcare,639678,108,Master,Contract,2026-02-20,76,Closed
4903,Software Engineer,Microsoft,Bengaluru,Tamil Nadu,India,Remote,Mid,4,7,10,"Excel,SQL",Finance,783903,182,Master,Full-time,2026-04-19,90,Open
4904,Data Analyst,Google,Bengaluru,Telangana,India,Onsite,Mid,0,3,9,"Tableau,SQL",Retail,380783,294,Bachelor,Contract,2026-02-03,62,Open
4905,Business Analyst,TCS,Pune,Telangana,India,Hybrid,Entry,0,6,8,"Azure,Python",Retail,1730907,319,Bachelor,Internship,2026-03-13,76,Closed
4906,BI Developer,TCS,Mumbai,Maharashtra,India,Onsite,Mid,1,14,5,"Python,SQL",Retail,415824,392,Master,Full-time,2026-02-28,85,Open
4907,Software Engineer,Microsoft,Mumbai,Maharashtra,India,Hybrid,Mid,5,13,11,"Azure,Python",Finance,344385,371,Bachelor,Contract,2026-02-24,89,Closed
4908,BI Developer,Microsoft,Hyderabad,Tamil Nadu,India,Hybrid,Entry,0,23,4,"Azure,Python",Education,302237,161,Master,Contract,2026-02-01,73,Closed
4909,Data Scientist,Infosys,Bengaluru,Maharashtra,India,Hybrid,Mid,8,11,5,"Azure,Python",IT Services,494764,362,Master,Internship,2026-03-16,60,Closed
4910,ML Engineer,Microsoft,Bengaluru,Telangana,India,Onsite,Mid,4,22,11,"Excel,SQL",Education,1105803,173,Bachelor,Full-time,2026-04-22,70,Open
4911,ML Engineer,Google,Hyderabad,Karnataka,India,Remote,Mid,3,22,9,"Tableau,SQL",IT Services,1218860,401,Master,Full-time,2026-06-01,65,Closed
4912,BI Developer,Capgemini,Chennai,Karnataka,India,Onsite,Senior,4,8,12,"Excel,SQL",Finance,1497081,126,Bachelor,Full-time,2026-03-25,65,Open
4913,Business Analyst,Accenture,Delhi,Maharashtra,India,Hybrid,Associate,3,16,20,"Azure,Python",Retail,1769455,466,Bachelor,Internship,2026-03-13,53,Closed
4914,BI Developer,Amazon,Hyderabad,Tamil Nadu,India,Onsite,Mid,6,4,10,"Tableau,SQL",Finance,1605701,201,Bachelor,Full-time,2026-05-15,76,Open
4915,ML Engineer,Microsoft,Chennai,Maharashtra,India,Remote,Mid,0,14,11,"Excel,SQL",IT Services,394371,120,Master,Full-time,2026-04-04,95,Closed
4916,Software Engineer,Zoho,Mumbai,Maharashtra,India,Remote,Mid,0,16,13,"Excel,SQL",Retail,447733,269,Master,Contract,2026-06-21,97,Closed
4917,Business Analyst,Capgemini,Hyderabad,Telangana,India,Hybrid,Senior,4,21,11,"Python,SQL",Retail,1593090,327,Master,Internship,2026-03-12,73,Closed
4918,Data Analyst,Microsoft,Chennai,Maharashtra,India,Hybrid,Entry,8,9,5,"Excel,SQL",Retail,790011,325,Bachelor,Internship,2026-01-16,74,Open
4919,Data Analyst,Microsoft,Pune,Maharashtra,India,Onsite,Senior,7,17,10,"Python,Pandas",IT Services,1154713,327,Master,Full-time,2026-03-08,89,Closed
4920,BI Developer,TCS,Delhi,Tamil Nadu,India,Hybrid,Associate,3,23,11,"Python,SQL",Retail,673109,433,Master,Contract,2026-06-06,85,Open
4921,Data Analyst,Infosys,Pune,Delhi,India,Hybrid,Mid,2,22,4,"Excel,SQL",IT Services,1217876,377,Master,Full-time,2026-03-22,76,Open
4922,Business Analyst,Capgemini,Pune,Delhi,India,Remote,Senior,1,26,13,"Power BI,SQL",Healthcare,1007639,490,Master,Internship,2026-01-10,87,Closed
4923,Data Scientist,Google,Hyderabad,Telangana,India,Onsite,Mid,1,28,20,"Power BI,SQL",Finance,1784882,447,Bachelor,Full-time,2026-04-17,52,Closed
4924,Data Scientist,Accenture,Bengaluru,Delhi,India,Remote,Senior,4,24,19,"Tableau,SQL",Retail,1712726,425,Master,Contract,2026-05-18,62,Closed
4925,Business Analyst,TCS,Pune,Telangana,India,Hybrid,Entry,4,9,5,"Python,SQL",Finance,1371657,357,Master,Full-time,2026-05-02,84,Open
4926,Data Analyst,Infosys,Pune,Maharashtra,India,Onsite,Senior,6,13,9,"Python,SQL",Education,594101,180,Master,Internship,2026-03-23,61,Closed
4927,Business Analyst,Capgemini,Pune,Tamil Nadu,India,Onsite,Associate,0,21,17,"Excel,SQL",IT Services,632482,196,Master,Contract,2026-01-29,55,Open
4928,Data Scientist,Wipro,Pune,Telangana,India,Onsite,Senior,1,26,5,"Python,SQL",Finance,1675887,431,Master,Full-time,2026-01-09,75,Open
4929,Data Scientist,Accenture,Hyderabad,Delhi,India,Remote,Mid,4,12,7,"Azure,Python",Finance,1249397,343,Bachelor,Internship,2026-03-09,95,Closed
4930,ML Engineer,Amazon,Pune,Maharashtra,India,Onsite,Entry,2,19,9,"Power BI,SQL",Retail,508704,252,Master,Contract,2026-01-09,68,Closed
4931,Data Scientist,Microsoft,Mumbai,Karnataka,India,Hybrid,Associate,0,29,11,"Tableau,SQL",Retail,361868,235,Master,Full-time,2026-02-19,50,Open
4932,Data Analyst,Google,Delhi,Delhi,India,Hybrid,Associate,7,11,6,"Python,SQL",Education,1405986,499,Bachelor,Contract,2026-01-26,84,Open
4933,Business Analyst,Accenture,Bengaluru,Telangana,India,Hybrid,Entry,2,28,17,"Power BI,SQL",Healthcare,1124190,332,Bachelor,Internship,2026-02-06,53,Closed
4934,BI Developer,Microsoft,Bengaluru,Tamil Nadu,India,Onsite,Associate,2,28,9,"Azure,Python",Education,816573,226,Bachelor,Internship,2026-03-26,67,Closed
4935,BI Developer,Zoho,Bengaluru,Delhi,India,Remote,Senior,6,28,6,"Tableau,SQL",Education,1566077,103,Master,Contract,2026-06-15,86,Open
4936,ML Engineer,Microsoft,Delhi,Maharashtra,India,Remote,Senior,3,26,12,"Azure,Python",IT Services,841082,313,Bachelor,Contract,2026-01-23,74,Closed
4937,Business Analyst,Accenture,Pune,Telangana,India,Remote,Entry,2,22,12,"Python,Pandas",Retail,743054,33,Master,Full-time,2026-04-05,89,Open
4938,Business Analyst,TCS,Pune,Tamil Nadu,India,Onsite,Entry,2,29,12,"Power BI,SQL",Healthcare,525285,326,Master,Internship,2026-02-06,95,Open
4939,Data Scientist,Google,Pune,Karnataka,India,Remote,Mid,7,10,12,"Python,SQL",IT Services,1237437,52,Bachelor,Internship,2026-01-05,50,Closed
4940,Data Scientist,Capgemini,Pune,Telangana,India,Remote,Mid,1,10,5,"Azure,Python",Retail,1604017,364,Master,Full-time,2026-02-08,93,Open
4941,Data Analyst,Amazon,Bengaluru,Maharashtra,India,Onsite,Associate,6,30,7,"Python,Pandas",Education,522352,387,Master,Full-time,2026-01-21,80,Closed
4942,Business Analyst,Microsoft,Bengaluru,Maharashtra,India,Hybrid,Associate,5,25,18,"Excel,SQL",Healthcare,434642,137,Master,Full-time,2026-02-28,95,Open
4943,BI Developer,Capgemini,Hyderabad,Karnataka,India,Onsite,Entry,7,13,19,"Azure,Python",Finance,718330,88,Bachelor,Full-time,2026-03-17,61,Open
4944,ML Engineer,TCS,Bengaluru,Telangana,India,Onsite,Senior,2,16,6,"Python,Pandas",Retail,1061268,160,Bachelor,Internship,2026-03-11,62,Open
4945,Data Analyst,Microsoft,Pune,Karnataka,India,Remote,Senior,0,15,5,"Python,Pandas",Finance,1068297,73,Master,Internship,2026-05-12,64,Closed
4946,Software Engineer,Capgemini,Hyderabad,Maharashtra,India,Hybrid,Associate,2,20,19,"Tableau,SQL",Education,1550718,295,Bachelor,Contract,2026-05-31,92,Closed
4947,Data Scientist,TechNova,Hyderabad,Delhi,India,Remote,Senior,7,28,15,"Power BI,SQL",Education,928956,100,Bachelor,Internship,2026-02-16,77,Open
4948,Data Scientist,Google,Bengaluru,Maharashtra,India,Remote,Mid,0,3,13,"Python,Pandas",Education,934259,138,Master,Internship,2026-04-12,81,Closed
4949,Software Engineer,TechNova,Pune,Delhi,India,Remote,Entry,8,10,13,"Python,Pandas",Education,1084241,142,Master,Full-time,2026-05-12,82,Closed
4950,ML Engineer,Accenture,Pune,Maharashtra,India,Onsite,Associate,0,9,6,"Excel,SQL",IT Services,732636,60,Master,Contract,2026-06-08,79,Closed
4951,ML Engineer,Microsoft,Chennai,Maharashtra,India,Onsite,Mid,1,7,11,"Python,SQL",Education,1703821,484,Bachelor,Internship,2026-02-21,62,Closed
4952,Software Engineer,Capgemini,Chennai,Maharashtra,India,Hybrid,Mid,3,11,8,"Power BI,SQL",Healthcare,715454,500,Master,Full-time,2026-02-19,96,Open
4953,BI Developer,Amazon,Bengaluru,Telangana,India,Onsite,Senior,2,10,10,"Excel,SQL",Education,1238639,464,Master,Contract,2026-04-23,92,Closed
4954,ML Engineer,Microsoft,Chennai,Karnataka,India,Onsite,Entry,6,8,10,"Excel,SQL",IT Services,1596679,160,Bachelor,Internship,2026-06-17,94,Closed
4955,BI Developer,TechNova,Mumbai,Delhi,India,Hybrid,Senior,7,20,9,"Python,SQL",Healthcare,671809,9,Master,Full-time,2026-04-30,57,Open
4956,Data Scientist,Google,Bengaluru,Tamil Nadu,India,Onsite,Senior,5,10,15,"Power BI,SQL",IT Services,1209446,13,Master,Contract,2026-05-15,59,Open
4957,Data Scientist,Microsoft,Hyderabad,Delhi,India,Onsite,Mid,2,8,18,"Excel,SQL",Education,1639733,266,Bachelor,Internship,2026-05-23,93,Open
4958,Data Analyst,Zoho,Delhi,Karnataka,India,Remote,Associate,0,18,18,"Python,Pandas",Healthcare,642673,172,Bachelor,Contract,2026-03-05,87,Closed
4959,Data Scientist,Wipro,Hyderabad,Karnataka,India,Remote,Mid,3,16,19,"Azure,Python",Healthcare,517131,472,Bachelor,Internship,2026-03-21,83,Open
4960,ML Engineer,Microsoft,Bengaluru,Delhi,India,Remote,Mid,1,14,18,"Azure,Python",Retail,1110827,335,Master,Contract,2026-02-02,84,Closed
4961,Data Scientist,Wipro,Mumbai,Delhi,India,Onsite,Entry,6,27,14,"Power BI,SQL",Healthcare,1687497,82,Bachelor,Full-time,2026-06-26,80,Closed
4962,BI Developer,Microsoft,Chennai,Tamil Nadu,India,Remote,Senior,3,21,20,"Tableau,SQL",Healthcare,1242952,35,Bachelor,Internship,2026-05-09,58,Open
4963,ML Engineer,Microsoft,Mumbai,Telangana,India,Hybrid,Entry,0,21,7,"Tableau,SQL",IT Services,1183964,208,Master,Full-time,2026-01-19,57,Closed
4964,BI Developer,Infosys,Bengaluru,Telangana,India,Onsite,Associate,0,16,9,"Python,SQL",IT Services,1774988,442,Master,Contract,2026-03-06,66,Closed
4965,Business Analyst,Zoho,Mumbai,Karnataka,India,Hybrid,Mid,4,25,8,"Tableau,SQL",Retail,1031811,349,Master,Contract,2026-01-22,95,Closed
4966,Data Scientist,TCS,Mumbai,Maharashtra,India,Hybrid,Senior,3,27,18,"Excel,SQL",Finance,505037,22,Bachelor,Internship,2026-03-31,50,Open
4967,ML Engineer,Infosys,Pune,Tamil Nadu,India,Onsite,Associate,0,8,20,"Tableau,SQL",Healthcare,1332899,493,Bachelor,Full-time,2026-06-15,98,Open
4968,Business Analyst,Google,Chennai,Tamil Nadu,India,Hybrid,Senior,4,24,5,"Python,SQL",Education,731755,190,Master,Contract,2026-02-11,80,Open
4969,Data Analyst,Zoho,Bengaluru,Telangana,India,Hybrid,Associate,4,13,12,"Power BI,SQL",Healthcare,1134490,250,Master,Internship,2026-02-13,98,Open
4970,BI Developer,Accenture,Bengaluru,Tamil Nadu,India,Onsite,Senior,1,14,14,"Tableau,SQL",Retail,842920,344,Master,Internship,2026-05-29,65,Open
4971,ML Engineer,Infosys,Bengaluru,Delhi,India,Remote,Associate,6,29,5,"Python,SQL",IT Services,469553,147,Master,Internship,2026-01-31,53,Closed
4972,BI Developer,Infosys,Pune,Karnataka,India,Onsite,Mid,2,24,17,"Excel,SQL",Retail,1245177,139,Bachelor,Full-time,2026-01-13,59,Open
4973,Data Analyst,Microsoft,Mumbai,Telangana,India,Onsite,Mid,2,9,13,"Python,Pandas",Education,1631474,331,Master,Contract,2026-06-22,67,Open
4974,ML Engineer,Zoho,Bengaluru,Telangana,India,Remote,Mid,2,20,20,"Python,Pandas",Retail,1002800,197,Bachelor,Internship,2026-03-24,97,Open
4975,ML Engineer,Microsoft,Chennai,Tamil Nadu,India,Remote,Associate,5,15,16,"Python,SQL",Finance,433688,187,Bachelor,Contract,2026-06-29,64,Closed
4976,Data Analyst,Wipro,Hyderabad,Tamil Nadu,India,Hybrid,Mid,1,18,15,"Excel,SQL",IT Services,659727,117,Bachelor,Full-time,2026-03-12,95,Open
4977,Software Engineer,Accenture,Pune,Delhi,India,Remote,Mid,0,21,15,"Azure,Python",Retail,754941,485,Bachelor,Full-time,2026-02-04,67,Closed
4978,Business Analyst,Wipro,Chennai,Tamil Nadu,India,Onsite,Mid,5,5,7,"Python,Pandas",IT Services,1317257,453,Master,Contract,2026-04-16,88,Open
4979,Data Scientist,Google,Pune,Telangana,India,Hybrid,Entry,2,28,17,"Tableau,SQL",Education,1582126,439,Bachelor,Contract,2026-06-16,70,Closed
4980,Data Analyst,Wipro,Bengaluru,Delhi,India,Remote,Mid,0,8,6,"Excel,SQL",Healthcare,1203246,113,Master,Contract,2026-01-26,72,Closed
4981,Data Analyst,Microsoft,Pune,Delhi,India,Onsite,Senior,2,17,9,"Python,SQL",Finance,419308,466,Master,Internship,2026-01-16,75,Open
4982,Business Analyst,Capgemini,Delhi,Delhi,India,Hybrid,Mid,7,13,19,"Excel,SQL",IT Services,383781,307,Master,Contract,2026-04-21,57,Open
4983,Data Analyst,Capgemini,Hyderabad,Delhi,India,Remote,Entry,2,27,7,"Azure,Python",Retail,624750,233,Bachelor,Contract,2026-05-05,57,Open
4984,BI Developer,Capgemini,Chennai,Maharashtra,India,Onsite,Mid,8,29,17,"Python,SQL",Healthcare,1383937,247,Bachelor,Full-time,2026-01-10,70,Open
4985,Business Analyst,Infosys,Chennai,Maharashtra,India,Remote,Entry,0,10,19,"Azure,Python",Finance,1217668,402,Master,Full-time,2026-05-20,90,Open
4986,ML Engineer,TechNova,Mumbai,Tamil Nadu,India,Remote,Mid,1,4,5,"Python,Pandas",Finance,414054,68,Bachelor,Internship,2026-02-19,68,Closed
4987,ML Engineer,TechNova,Mumbai,Karnataka,India,Onsite,Senior,5,23,13,"Azure,Python",IT Services,1294115,95,Bachelor,Internship,2026-05-07,85,Open
4988,Data Analyst,Amazon,Bengaluru,Karnataka,India,Remote,Senior,0,19,15,"Python,SQL",Finance,910812,130,Bachelor,Full-time,2026-01-21,77,Closed
4989,BI Developer,Google,Delhi,Karnataka,India,Remote,Entry,7,3,11,"Tableau,SQL",IT Services,1534695,121,Master,Contract,2026-02-02,95,Open
4990,Data Analyst,Microsoft,Hyderabad,Maharashtra,India,Hybrid,Associate,6,11,17,"Python,SQL",Retail,1251611,323,Bachelor,Internship,2026-02-24,91,Open
4991,Software Engineer,TCS,Pune,Karnataka,India,Hybrid,Entry,1,6,13,"Python,SQL",Retail,1568982,74,Master,Contract,2026-04-08,67,Closed
4992,Data Analyst,TCS,Chennai,Tamil Nadu,India,Onsite,Mid,4,25,20,"Excel,SQL",Healthcare,497197,280,Master,Internship,2026-03-28,55,Open
4993,Data Analyst,Capgemini,Pune,Karnataka,India,Onsite,Senior,2,4,13,"Python,SQL",Retail,460470,309,Bachelor,Full-time,2026-05-14,75,Open
4994,Data Scientist,TCS,Bengaluru,Telangana,India,Hybrid,Mid,2,19,14,"Python,Pandas",Education,516658,439,Master,Full-time,2026-02-16,51,Closed
4995,Software Engineer,TechNova,Bengaluru,Karnataka,India,Hybrid,Senior,7,16,16,"Excel,SQL",Education,1610728,436,Master,Full-time,2026-06-14,98,Open
4996,BI Developer,Infosys,Pune,Telangana,India,Hybrid,Associate,1,7,13,"Power BI,SQL",Finance,1667639,32,Bachelor,Full-time,2026-01-24,77,Closed
4997,Data Scientist,Google,Bengaluru,Tamil Nadu,India,Hybrid,Mid,3,16,14,"Python,SQL",Finance,924648,251,Bachelor,Internship,2026-02-28,97,Open
4998,ML Engineer,Accenture,Delhi,Maharashtra,India,Remote,Associate,6,25,4,"Python,Pandas",Healthcare,1550955,445,Master,Contract,2026-03-05,50,Closed
4999,BI Developer,Infosys,Delhi,Tamil Nadu,India,Hybrid,Entry,7,10,16,"Python,SQL",Healthcare,623983,368,Master,Full-time,2026-03-02,68,Closed
5000,Business Analyst,Capgemini,Chennai,Karnataka,India,Onsite,Associate,8,5,7,"Tableau,SQL",Finance,823189,460,Master,Contract,2026-06-02,85,Open
